,value_1,value_2
2024-12-30 17:43:26.271429,78.66496167617028,72.48852516069263
2024-12-30 17:43:26.271474,46.15028024895705,68.30596950201092
2024-12-30 17:43:26.271485,48.49228737270003,85.01935607176432
2024-12-30 17:43:26.271493,55.55139277148263,19.83895227258089
2024-12-30 17:43:26.271500,27.231133632057723,51.0903876212757
2024-12-30 17:43:26.271509,50.99279584386669,13.149066280906785
2024-12-30 17:43:26.271517,11.434934616321534,20.41624036762233
2024-12-30 17:43:26.271524,44.405155974335194,33.04235586409909
2024-12-30 17:43:26.271532,50.442242603666955,22.772649865037188
2024-12-30 17:43:26.271540,18.11425225620131,71.06403101464434
2024-12-30 17:43:26.271548,89.38914065394053,33.16124971392769
2024-12-30 17:43:26.271558,47.0526058954207,27.5478366606403
2024-12-30 17:43:26.271566,49.69413320186013,32.86391355779623
2024-12-30 17:43:26.271573,28.846331238356893,56.70691723424158
2024-12-30 17:43:26.271582,0.2631388391380107,30.33828710631633
2024-12-30 17:43:26.271590,39.16568548941595,32.16634241530829
2024-12-30 17:43:26.271597,97.23100939955162,86.28649507680825
2024-12-30 17:43:26.271605,98.93131171816458,41.04667603026263
2024-12-30 17:43:26.271613,16.391712420175608,73.60747422305768
2024-12-30 17:43:26.271623,91.83735302931743,25.77708954112793
2024-12-30 17:43:26.271631,10.688363037140114,20.72450417193812
2024-12-30 17:43:26.271639,63.780749927188374,90.83974360408277
2024-12-30 17:43:26.271650,2.332999257906565,1.4183266301430741
2024-12-30 17:43:26.271659,54.92084281560919,53.959699900744404
2024-12-30 17:43:26.271668,46.44638564999628,75.970247915653
2024-12-30 17:43:26.271678,63.671866568090785,5.478338396865268
2024-12-30 17:43:26.271687,65.3892871772682,91.38439645967925
2024-12-30 17:43:26.271697,33.62750476925817,0.6544090860126195
2024-12-30 17:43:26.271706,85.98300040259782,25.81966877262888
2024-12-30 17:43:26.271715,9.691406540141578,60.66202547120078
2024-12-30 17:43:26.271724,79.56702734941491,63.15453720725379
2024-12-30 17:43:26.271736,39.02039975513948,63.59877101044471
2024-12-30 17:43:26.271744,28.87589592808073,27.086937203285867
2024-12-30 17:43:26.271753,80.97436296343547,21.480550314845036
2024-12-30 17:43:26.271764,24.477653895090356,20.10688798879354
2024-12-30 17:43:26.271774,88.26638314076422,65.97184394806341
2024-12-30 17:43:26.271784,45.75652534828172,4.586398100241762
2024-12-30 17:43:26.271799,73.44655516373491,13.074581824005428
2024-12-30 17:43:26.271813,72.49427460682685,72.14856088701563
2024-12-30 17:43:26.271830,85.46291294369543,84.49319734283932
2024-12-30 17:43:26.271843,6.066613532146514,93.83920340235606
2024-12-30 17:43:26.271856,39.76167831326034,23.840993771506458
2024-12-30 17:43:26.271871,39.2444010319351,52.98422423273327
2024-12-30 17:43:26.271887,41.15465671173876,42.87537363759895
2024-12-30 17:43:26.271901,27.665068404676507,40.628419961708374
2024-12-30 17:43:26.271913,65.61643106899953,93.7671700225718
2024-12-30 17:43:26.271923,36.84753502373837,0.9974722193528796
2024-12-30 17:43:26.271934,99.43608005542302,45.02148392906533
2024-12-30 17:43:26.271947,11.45199431506958,97.8646953617001
2024-12-30 17:43:26.271959,69.9716544176934,22.153570270896093
2024-12-30 17:43:26.271971,17.358512137433145,58.907515893974406
2024-12-30 17:43:26.271984,64.85655018168436,11.033324841475423
2024-12-30 17:43:26.272000,11.344504104025832,79.1901270123465
2024-12-30 17:43:26.272013,68.56366349824937,92.83258763570255
2024-12-30 17:43:26.272025,68.13488641929433,14.41874520532872
2024-12-30 17:43:26.272036,99.70397507215331,23.468652709194014
2024-12-30 17:43:26.272058,11.67850284426627,90.88922300332361
2024-12-30 17:43:26.272071,41.316165511879255,26.024988068572586
2024-12-30 17:43:26.272082,26.813170665365426,33.684368786207074
2024-12-30 17:43:26.272095,39.33993896180705,34.42942898033997
2024-12-30 17:43:26.272109,71.5565978364293,62.243835810744606
2024-12-30 17:43:26.272118,23.625375376363056,83.55355355416046
2024-12-30 17:43:26.272133,15.666310985636411,27.662808148385622
2024-12-30 17:43:26.272142,88.45855535128706,50.94102868898276
2024-12-30 17:43:26.272150,0.09360521114426534,31.620330634860984
2024-12-30 17:43:26.272159,50.50636905721414,80.21589011210311
2024-12-30 17:43:26.272170,36.93007108414699,4.856313506842936
2024-12-30 17:43:26.272180,10.333331687497704,99.87944611791387
2024-12-30 17:43:26.272191,96.26678895767378,58.98413599998473
2024-12-30 17:43:26.272202,69.42545861259723,23.34542197477816
2024-12-30 17:43:26.272212,71.691763546064,40.8406643120785
2024-12-30 17:43:26.272221,19.557845131678054,99.46716095792057
2024-12-30 17:43:26.272235,69.77087624822853,30.968097788340486
2024-12-30 17:43:26.272246,96.28905678414814,17.956199886132485
2024-12-30 17:43:26.272259,73.41757092218147,96.38519379282434
2024-12-30 17:43:26.272270,97.87449276180246,79.35763401318984
2024-12-30 17:43:26.272279,29.276377027825106,63.761577525283045
2024-12-30 17:43:26.272291,46.44873639467474,55.852445719973545
2024-12-30 17:43:26.272302,10.409930219083229,77.43191433735274
2024-12-30 17:43:26.272315,63.96812106106018,48.64434908684068
2024-12-30 17:43:26.272330,73.98360855072839,13.848301335111124
2024-12-30 17:43:26.272341,6.063184193427807,26.964664101985647
2024-12-30 17:43:26.272353,32.12465732813493,69.37946288509947
2024-12-30 17:43:26.272363,51.36469730611159,68.46926273117188
2024-12-30 17:43:26.272373,14.40757249195338,69.31594736128741
2024-12-30 17:43:26.272385,5.160652089182404,90.1747246793928
2024-12-30 17:43:26.272398,58.722759787952604,91.72762020118022
2024-12-30 17:43:26.272411,57.30249699331487,65.72757938482245
2024-12-30 17:43:26.272421,13.322217997462193,78.37954294123325
2024-12-30 17:43:26.272450,44.11976615727235,26.35068999686646
2024-12-30 17:43:26.272471,49.76015732054495,11.111210960149087
2024-12-30 17:43:26.272485,65.30689293687195,42.20536623229104
2024-12-30 17:43:26.272498,18.35535738992865,17.083735635134644
2024-12-30 17:43:26.272516,50.44316488033057,55.63366411750997
2024-12-30 17:43:26.272537,15.987140653998622,25.401262772081424
2024-12-30 17:43:26.272551,39.71371645765345,43.15627021844658
2024-12-30 17:43:26.272568,6.2324292630586475,38.4885253918803
2024-12-30 17:43:26.272583,60.417304953634996,33.34470326700142
2024-12-30 17:43:26.272595,9.274208981958044,71.35411523247839
2024-12-30 17:43:26.272607,13.333149284704426,63.41922788588501
2024-12-30 17:43:26.272616,0.11904589093293394,21.827896840493477
2024-12-30 17:43:26.272627,2.7833405624275276,64.06334484341149
2024-12-30 17:43:26.272637,42.58070640558971,84.07271059984885
2024-12-30 17:43:26.272649,50.31039399367806,74.84969917695817
2024-12-30 17:43:26.272662,69.54677124951424,61.47411680015822
2024-12-30 17:43:26.272671,97.28139888431468,31.578929810528088
2024-12-30 17:43:26.272681,18.46855024929761,80.93815750392275
2024-12-30 17:43:26.272908,51.65994109927259,31.960392166893236
2024-12-30 17:43:26.272959,68.66832936039302,23.378979641911013
2024-12-30 17:43:26.272970,31.567747901421573,14.223955867188964
2024-12-30 17:43:26.272978,32.85881774052278,18.373962648059305
2024-12-30 17:43:26.273016,95.93754713830803,51.12947603989466
2024-12-30 17:43:26.273026,38.52789293229285,16.812027071800518
2024-12-30 17:43:26.273034,94.73900583665846,18.740365658847512
2024-12-30 17:43:26.273043,22.43129417884864,79.48354573251167
2024-12-30 17:43:26.273051,76.29568853861376,86.84676158493451
2024-12-30 17:43:26.273060,93.43440378238697,79.76930381978659
2024-12-30 17:43:26.273069,34.55585891173997,10.953451903069656
2024-12-30 17:43:26.273080,77.58799621061011,12.29530602375556
2024-12-30 17:43:26.273089,39.41421405612283,65.00919925579312
2024-12-30 17:43:26.273097,99.66003166473868,44.59544720434383
2024-12-30 17:43:26.273108,6.493825398776664,94.46719973104565
2024-12-30 17:43:26.273119,54.266879809507394,54.56420506409957
2024-12-30 17:43:26.273137,49.89251200065017,68.43107803542871
2024-12-30 17:43:26.273150,77.99611342886865,29.296944507053823
2024-12-30 17:43:26.273161,1.3527957547593839,96.41898262858413
2024-12-30 17:43:26.273173,14.034549566318056,70.97174917544078
2024-12-30 17:43:26.273184,59.28632474760327,60.89137000124472
2024-12-30 17:43:26.273198,51.32151555925767,31.44580914074201
2024-12-30 17:43:26.273209,38.268984883824345,6.962905170776212
2024-12-30 17:43:26.273223,46.95426379715624,18.517199719166687
2024-12-30 17:43:26.273235,10.175946963303995,27.572983553012385
2024-12-30 17:43:26.273250,90.23292206455183,64.50756700891606
2024-12-30 17:43:26.273269,1.4089123555875438,11.062804485189947
2024-12-30 17:43:26.273290,68.00348072101355,34.14515760537428
2024-12-30 17:43:26.273304,41.45414520546454,11.78800332026617
2024-12-30 17:43:26.273317,93.9102203740249,71.75216233805348
2024-12-30 17:43:26.273332,39.544240834287145,24.77068098702564
2024-12-30 17:43:26.273346,11.622969159298957,8.77074580465802
2024-12-30 17:43:26.273374,94.96000942652005,78.40361278398133
2024-12-30 17:43:26.273399,95.04033171287286,47.801504934548056
2024-12-30 17:43:26.273413,88.89785931786717,15.654785722176767
2024-12-30 17:43:26.273430,10.912076038711493,54.33645143918182
2024-12-30 17:43:26.273449,7.493778610105273,2.5618491345237526
2024-12-30 17:43:26.273474,51.93186861806984,57.544799065841175
2024-12-30 17:43:26.273497,10.168283635035314,48.30053261635883
2024-12-30 17:43:26.273514,80.67135243402291,66.74691231504126
2024-12-30 17:43:26.273525,94.70930071152641,35.25158678751813
2024-12-30 17:43:26.273534,70.07884055547909,80.06028733281164
2024-12-30 17:43:26.273541,93.95496278922903,91.26514744577662
2024-12-30 17:43:26.273549,30.894686208230993,61.26284652980309
2024-12-30 17:43:26.273557,92.63076980061224,10.323804551796101
2024-12-30 17:43:26.273565,14.742022231774266,58.43218199969189
2024-12-30 17:43:26.273574,94.57609704323183,31.058924999118464
2024-12-30 17:43:26.273587,20.682743834789996,36.821428506598544
2024-12-30 17:43:26.273595,46.41023356154861,13.493640973433408
2024-12-30 17:43:26.273604,74.9044192525654,65.68889509718348
2024-12-30 17:43:26.273617,89.52455890083954,37.36222534130197
2024-12-30 17:43:26.273625,32.37270040356024,30.121300549678086
2024-12-30 17:43:26.273634,92.19965245354668,63.24715334366117
2024-12-30 17:43:26.273642,53.140025880100715,71.69304353129704
2024-12-30 17:43:26.273650,78.21334062128543,64.63555555960187
2024-12-30 17:43:26.273657,74.65904109770048,25.467375972627938
2024-12-30 17:43:26.273665,75.10251355737691,48.90135142033546
2024-12-30 17:43:26.273672,96.30675840298353,88.66599662947972
2024-12-30 17:43:26.273680,19.619207399703974,2.8198670675457005
2024-12-30 17:43:26.273689,96.32275287433204,57.98899683720862
2024-12-30 17:43:26.273697,6.296576069471104,57.03728642995678
2024-12-30 17:43:26.273705,0.1135934244644754,42.371718204728204
2024-12-30 17:43:26.273712,64.69990257140795,32.09927920044608
2024-12-30 17:43:26.273719,50.93559697418995,40.473682393653036
2024-12-30 17:43:26.273740,72.97752199065263,83.85519794027998
2024-12-30 17:43:26.273749,73.15846714319242,41.58569917783295
2024-12-30 17:43:26.273758,73.85024126684858,73.16414757044257
2024-12-30 17:43:26.273765,27.53551209616064,15.320524576089156
2024-12-30 17:43:26.273772,68.87493882866333,89.0964624076258
2024-12-30 17:43:26.273780,99.6898954402238,1.0961883000332406
2024-12-30 17:43:26.273787,46.81861605695157,62.9913641155453
2024-12-30 17:43:26.273798,95.59213045546869,39.53961230595863
2024-12-30 17:43:26.273805,89.80125748668182,85.14923969408242
2024-12-30 17:43:26.273815,77.97622271941717,74.27284126879928
2024-12-30 17:43:26.273859,72.00906613728097,71.06900945267935
2024-12-30 17:43:26.273891,32.1135501615766,17.51446473025854
2024-12-30 17:43:26.273901,13.804769782020355,69.75114646799955
2024-12-30 17:43:26.273909,0.8176254630831603,0.2557724279578455
2024-12-30 17:43:26.273917,21.056866919519557,94.36882795726514
2024-12-30 17:43:26.273933,78.67528198456853,55.28985222420118
2024-12-30 17:43:26.273940,14.685096464064118,58.096253716821764
2024-12-30 17:43:26.273948,2.7638269113364533,57.628659299546946
2024-12-30 17:43:26.273958,95.20034477600862,64.78180195822436
2024-12-30 17:43:26.273965,32.20714468868202,75.06552813669607
2024-12-30 17:43:26.273973,8.475562233715783,28.221956085224488
2024-12-30 17:43:26.273980,85.9524607245122,14.65120929741337
2024-12-30 17:43:26.273987,95.13693795753288,24.71119123596145
2024-12-30 17:43:26.273994,44.7911495368249,12.574964878398387
2024-12-30 17:43:26.274001,27.794109648873576,81.09258506859128
2024-12-30 17:43:26.274009,37.243804436036896,50.58054782795328
2024-12-30 17:43:26.274016,17.183668941311115,41.92539496872946
2024-12-30 17:43:26.274023,31.823399015246068,65.3194550372094
2024-12-30 17:43:26.274030,9.405500675641088,50.62490990265003
2024-12-30 17:43:26.274037,96.2150944459451,41.209857840174124
2024-12-30 17:43:26.274044,96.54043734042172,20.315103156956894
2024-12-30 17:43:26.274051,17.463622543947686,6.670942105483246
2024-12-30 17:43:26.274062,44.00513003680226,18.22653528716748
2024-12-30 17:43:26.274070,37.57235879673391,85.26544605006266
2024-12-30 17:43:26.274077,63.026397757813044,39.99034536164292
2024-12-30 17:43:26.274084,34.94464857963382,48.715586557578426
2024-12-30 17:43:26.274091,23.621665098563927,53.850431384388564
2024-12-30 17:43:26.274098,66.58579318733703,27.82702156576322
2024-12-30 17:43:26.274106,98.22877151684214,16.489959914849017
2024-12-30 17:43:26.274113,84.72739908453337,24.38129519500344
2024-12-30 17:43:26.274120,81.2924443510375,31.786347134704652
2024-12-30 17:43:26.274127,96.14690188708472,6.235205022223644
2024-12-30 17:43:26.274134,16.18558198532557,46.45479136672668
2024-12-30 17:43:26.274141,78.27679753901316,83.98422170879807
2024-12-30 17:43:26.274148,29.495187202895433,15.681802085213603
2024-12-30 17:43:26.274155,46.90085643319545,62.93597583559153
2024-12-30 17:43:26.274162,98.45008896540602,10.121384095729969
2024-12-30 17:43:26.274169,61.72456553817659,58.4331066773104
2024-12-30 17:43:26.274176,69.0716005559114,21.49123094456278
2024-12-30 17:43:26.274183,81.32632660673457,94.52009770231402
2024-12-30 17:43:26.274190,37.396344907186,5.713488677400525
2024-12-30 17:43:26.274197,32.18677937678671,70.67150665610976
2024-12-30 17:43:26.274204,92.77761785995835,20.998818077566483
2024-12-30 17:43:26.274211,13.852152508842874,29.665183490505065
2024-12-30 17:43:26.274218,65.63492936467064,54.23373101724618
2024-12-30 17:43:26.274228,18.996914681792433,44.608477944646516
2024-12-30 17:43:26.274236,42.90745051423455,50.672588737050575
2024-12-30 17:43:26.274243,81.75790487529605,34.040599812534424
2024-12-30 17:43:26.274251,76.01653032165719,34.05252009946446
2024-12-30 17:43:26.274257,87.71408741131306,0.12293586923503019
2024-12-30 17:43:26.274265,92.83262847984686,17.498480195333745
2024-12-30 17:43:26.274272,85.43752079192811,31.210000964790286
2024-12-30 17:43:26.274279,43.84330055273965,15.536029419900432
2024-12-30 17:43:26.274289,33.015118456888985,18.043093251856313
2024-12-30 17:43:26.274297,34.00988581332104,31.054953732417555
2024-12-30 17:43:26.274305,63.70729331933771,0.9940894713116655
2024-12-30 17:43:26.274312,9.135214076952003,90.24468573601251
2024-12-30 17:43:26.274319,89.63056736638958,20.451647412837826
2024-12-30 17:43:26.274329,8.844578347816977,69.90344373777125
2024-12-30 17:43:26.274337,60.451909975719765,45.844809606637114
2024-12-30 17:43:26.274344,2.024503399347888,89.2208940408305
2024-12-30 17:43:26.274351,74.38762890176606,20.483218329988773
2024-12-30 17:43:26.274358,61.27797295218775,87.91194621890118
2024-12-30 17:43:26.274365,96.74103115502135,47.31022309991509
2024-12-30 17:43:26.274372,3.9818027581645987,62.518439017320084
2024-12-30 17:43:26.274379,4.139633997462477,45.78952341179073
2024-12-30 17:43:26.274386,53.11254986696683,63.68991083445523
2024-12-30 17:43:26.274393,73.56085742345505,43.846816514225836
2024-12-30 17:43:26.274406,92.10404571605504,43.2425674273538
2024-12-30 17:43:26.274414,6.973930740878965,50.75261333754643
2024-12-30 17:43:26.274422,96.63282185713507,49.67814530444264
2024-12-30 17:43:26.274429,32.486760314626515,30.78050820920508
2024-12-30 17:43:26.274436,82.76015512251121,20.787910385113474
2024-12-30 17:43:26.274443,68.70466099242142,27.145952188110222
2024-12-30 17:43:26.274450,45.37572693767784,61.71665126833143
2024-12-30 17:43:26.274457,76.79090599715616,2.5820399356719648
2024-12-30 17:43:26.274464,78.08308387318463,19.485058239906028
2024-12-30 17:43:26.274472,22.222046719254006,91.507388281925
2024-12-30 17:43:26.274479,35.754349958763356,44.801719836757535
2024-12-30 17:43:26.274486,29.490694989862888,34.14374219552679
2024-12-30 17:43:26.274493,50.73979629910562,6.473710053413462
2024-12-30 17:43:26.274500,90.59512263736184,30.692635004033818
2024-12-30 17:43:26.274507,21.94532364413736,47.970333628751796
2024-12-30 17:43:26.274514,25.72827904316508,9.75285970007328
2024-12-30 17:43:26.274521,85.61873960790606,70.20502890471181
2024-12-30 17:43:26.274528,62.93076599305294,32.34861810923165
2024-12-30 17:43:26.274535,26.079272911050133,37.872063194486635
2024-12-30 17:43:26.274542,28.75136156375674,85.07927091687408
2024-12-30 17:43:26.274549,76.53871051500964,57.99431167490783
2024-12-30 17:43:26.274556,1.7685508383436521,95.64329639819036
2024-12-30 17:43:26.274563,18.759847550901544,57.21709526135997
2024-12-30 17:43:26.274572,92.46288345385109,14.609298014886473
2024-12-30 17:43:26.274580,43.71097058117191,41.28894540438658
2024-12-30 17:43:26.274587,46.259271671482416,64.6400476088617
2024-12-30 17:43:26.274594,67.49270965282679,36.76324549481702
2024-12-30 17:43:26.274601,2.5423496642542953,5.8598273887888634
2024-12-30 17:43:26.274609,12.18086843315065,29.672653011396665
2024-12-30 17:43:26.274616,82.2151793246435,53.54399589870521
2024-12-30 17:43:26.274623,43.07251234349785,76.13186553285476
2024-12-30 17:43:26.274630,36.86889206756307,28.57625113202895
2024-12-30 17:43:26.274636,59.30212714337454,4.19846207893605
2024-12-30 17:43:26.274644,1.3675581704730821,24.221035917973143
2024-12-30 17:43:26.274651,8.577087689346751,54.41738341239068
2024-12-30 17:43:26.274658,1.533805521186904,22.497223944899623
2024-12-30 17:43:26.274665,38.59951307890954,59.39660736009924
2024-12-30 17:43:26.274672,39.81434320905617,65.13075048686633
2024-12-30 17:43:26.274679,63.91298380151997,64.9501182565924
2024-12-30 17:43:26.274686,49.5102959309506,19.198198715640768
2024-12-30 17:43:26.274696,12.537305693380318,16.5811079877908
2024-12-30 17:43:26.274704,26.634168118161305,82.53059051908127
2024-12-30 17:43:26.274711,75.4543775197438,50.26990035552495
2024-12-30 17:43:26.274718,35.263254178138716,26.03821875846505
2024-12-30 17:43:26.274725,21.882094866613887,18.15322770029084
2024-12-30 17:43:26.274732,19.659107025670654,10.23251830865245
2024-12-30 17:43:26.274742,52.2910400815023,60.742364515838496
2024-12-30 17:43:26.274750,40.59850222430433,75.64254944536088
2024-12-30 17:43:26.274760,23.495401644726044,64.69806956330717
2024-12-30 17:43:26.274768,6.900400979823229,67.00289100278579
2024-12-30 17:43:26.274775,32.8453769762313,77.14917705842484
2024-12-30 17:43:26.274783,35.50998460167345,57.266086772417424
2024-12-30 17:43:26.274790,67.49197376201532,4.906766756587222
2024-12-30 17:43:26.274797,12.51908456899854,38.1236238692391
2024-12-30 17:43:26.274804,64.34005445890509,1.9643938387683746
2024-12-30 17:43:26.274811,22.206528102574218,0.7577195613702958
2024-12-30 17:43:26.274818,81.83394308132861,82.84287621322987
2024-12-30 17:43:26.274825,80.60988536769223,30.742754268251993
2024-12-30 17:43:26.274832,93.41378006628372,42.64030940270593
2024-12-30 17:43:26.274839,92.45134501169275,32.39342258758442
2024-12-30 17:43:26.274846,16.699983469044355,47.91749520266559
2024-12-30 17:43:26.274853,52.724585489481356,82.59754874209119
2024-12-30 17:43:26.274861,79.04473364195013,17.682982879086328
2024-12-30 17:43:26.274872,75.69427670666812,34.57743725238468
2024-12-30 17:43:26.274880,21.298419694461735,91.85587802038539
2024-12-30 17:43:26.274887,49.99171241957494,74.41318231335292
2024-12-30 17:43:26.274894,0.3850181208438386,85.39635623755933
2024-12-30 17:43:26.274901,88.35961712864449,64.66138894197972
2024-12-30 17:43:26.274908,77.59747026002526,30.122439733042683
2024-12-30 17:43:26.274918,69.73336508789792,48.32163344672043
2024-12-30 17:43:26.274926,19.504465032419194,16.445903406743735
2024-12-30 17:43:26.274933,1.8381464876884301,58.53814844735483
2024-12-30 17:43:26.274940,89.54215662612648,3.77245204601504
2024-12-30 17:43:26.274947,78.96567609838641,75.5183293089764
2024-12-30 17:43:26.274954,65.00254678750117,17.769500200836763
2024-12-30 17:43:26.274962,42.455611937750604,59.86468159209386
2024-12-30 17:43:26.274969,71.27973478521317,66.1404722238018
2024-12-30 17:43:26.274976,98.17540955480493,27.104589242655642
2024-12-30 17:43:26.274983,97.45727982478301,81.59744448501112
2024-12-30 17:43:26.274990,39.5006869388095,1.7224166518393313
2024-12-30 17:43:26.274997,50.352644688286205,12.17023593375136
2024-12-30 17:43:26.275004,60.298374914814225,46.5516738666318
2024-12-30 17:43:26.275012,31.780173681541733,96.55833947143205
2024-12-30 17:43:26.275019,12.336483229417716,84.61130790783218
2024-12-30 17:43:26.275026,6.835640838525936,17.098034254638794
2024-12-30 17:43:26.275033,0.758677238028016,69.1571667817352
2024-12-30 17:43:26.275040,4.498117292704018,81.68273584068314
2024-12-30 17:43:26.275048,37.25321693583036,81.36874353455819
2024-12-30 17:43:26.275055,96.99919825503025,96.79981263305383
2024-12-30 17:43:26.275062,38.52454594201312,5.1409163384905305
2024-12-30 17:43:26.275072,66.05104482161201,89.89460352983119
2024-12-30 17:43:26.275080,44.520671188871695,91.00825752368935
2024-12-30 17:43:26.275089,15.835148301097357,38.38639547092752
2024-12-30 17:43:26.275112,93.72520825513085,88.4929512350358
2024-12-30 17:43:26.275120,78.11560304687738,0.4140884243412746
2024-12-30 17:43:26.275127,10.11453946313936,78.67635611789044
2024-12-30 17:43:26.275135,27.5925199907613,85.36631420519244
2024-12-30 17:43:26.275142,77.06065711020847,55.93799728669096
2024-12-30 17:43:26.275149,34.78159130396773,36.440958767742
2024-12-30 17:43:26.275156,37.899135197471004,96.64300875127813
2024-12-30 17:43:26.275163,68.63437034682158,1.959896077821277
2024-12-30 17:43:26.275170,98.88848221810474,22.595185884070258
2024-12-30 17:43:26.275177,34.45088986316054,96.31534689020376
2024-12-30 17:43:26.275184,58.60720997188032,93.47848535092663
2024-12-30 17:43:26.275191,63.88470216685154,60.24608586639887
2024-12-30 17:43:26.275199,82.84733811883461,3.524949479542161
2024-12-30 17:43:26.275206,63.956710957361715,9.822300279303153
2024-12-30 17:43:26.275213,65.92422976059251,42.69425297928233
2024-12-30 17:43:26.275220,54.592419202610564,37.20301541430955
2024-12-30 17:43:26.275227,45.5266370194782,60.256412526754666
2024-12-30 17:43:26.275234,36.92193441165885,80.79769038473341
2024-12-30 17:43:26.275244,46.36032909313086,5.947494526480812
2024-12-30 17:43:26.275252,5.914099903918157,75.92024927525375
2024-12-30 17:43:26.275259,82.01443132141058,86.41718749606582
2024-12-30 17:43:26.275267,98.96918375528362,57.99931085429695
2024-12-30 17:43:26.275276,75.16821694754655,26.300192442292825
2024-12-30 17:43:26.275284,69.99370529339218,57.3708207178222
2024-12-30 17:43:26.275291,31.952705559419503,9.082669071764082
2024-12-30 17:43:26.275298,64.70636754931948,28.873949832002786
2024-12-30 17:43:26.275305,13.042922629762344,21.883129761951103
2024-12-30 17:43:26.275312,38.88714046126397,17.357042604008434
2024-12-30 17:43:26.275319,24.08061174957359,10.861707323487623
2024-12-30 17:43:26.275326,78.94774146701909,99.26424371424788
2024-12-30 17:43:26.275333,80.18190344540346,68.90834097057522
2024-12-30 17:43:26.275340,88.17338567210811,31.38248461488753
2024-12-30 17:43:26.275348,4.632066204099516,19.86981449730678
2024-12-30 17:43:26.275358,48.39733670383668,37.497894834020165
2024-12-30 17:43:26.275365,99.68749689037799,55.1990956815223
2024-12-30 17:43:26.275372,23.789351595664666,52.46616846002473
2024-12-30 17:43:26.275379,79.7178760782458,31.37883989265571
2024-12-30 17:43:26.275386,70.18796273424147,37.891999439564685
2024-12-30 17:43:26.275393,2.8871165024560552,38.86132757466248
2024-12-30 17:43:26.275400,58.66181838392377,36.29157256957188
2024-12-30 17:43:26.275407,53.40503412120766,72.09732900267024
2024-12-30 17:43:26.275414,7.084611885462067,49.56592536808688
2024-12-30 17:43:26.275421,50.087047395510794,13.028409141990071
2024-12-30 17:43:26.275428,40.10409751647146,48.20540150788639
2024-12-30 17:43:26.275435,16.28128704815118,0.9291731210183785
2024-12-30 17:43:26.275445,87.44059819740912,91.23869810120891
2024-12-30 17:43:26.275452,18.963688962165993,94.63487878987102
2024-12-30 17:43:26.275462,6.031705286194011,84.95752250672247
2024-12-30 17:43:26.275470,19.561706174106085,25.559014533453215
2024-12-30 17:43:26.275477,36.67816292396166,21.456617662540054
2024-12-30 17:43:26.275484,86.63360647510855,69.95663008447607
2024-12-30 17:43:26.275491,54.61646581427914,5.475174701886221
2024-12-30 17:43:26.275498,77.80062894725916,82.88637007711708
2024-12-30 17:43:26.275505,20.84468097879929,11.98646125223275
2024-12-30 17:43:26.275512,55.15285758755696,96.92561318331236
2024-12-30 17:43:26.275519,74.897093844318,36.90720464993601
2024-12-30 17:43:26.275526,53.82439276563565,81.06965808398486
2024-12-30 17:43:26.275533,15.585093515132776,63.61082082511118
2024-12-30 17:43:26.275540,25.768790982819954,13.011033656481352
2024-12-30 17:43:26.275547,81.14348471170617,43.17536569641334
2024-12-30 17:43:26.275554,12.144581537641608,23.275826073930617
2024-12-30 17:43:26.275561,13.132000449924098,93.039128231567
2024-12-30 17:43:26.275568,14.979015014568331,83.79458903778105
2024-12-30 17:43:26.275575,5.489478227493649,51.41767695256836
2024-12-30 17:43:26.275582,95.4188533632793,46.8480549184504
2024-12-30 17:43:26.275589,25.243879079295205,80.18302663192067
2024-12-30 17:43:26.275596,76.58754916587057,74.1344150608989
2024-12-30 17:43:26.275603,46.32623293158051,90.2548422471501
2024-12-30 17:43:26.275612,81.10646461014126,53.30394197868111
2024-12-30 17:43:26.275620,65.07195099753442,57.92048955072395
2024-12-30 17:43:26.275627,21.10395294239762,35.01484962403667
2024-12-30 17:43:26.275634,66.71196552213031,68.73860733761839
2024-12-30 17:43:26.275641,33.63907427979409,73.10453874360164
2024-12-30 17:43:26.275648,70.56475880515708,87.4067811517643
2024-12-30 17:43:26.275656,74.03638902840939,98.42935863180824
2024-12-30 17:43:26.275662,79.6656684659103,22.671737772841627
2024-12-30 17:43:26.275670,35.64901525500913,95.65288962606982
2024-12-30 17:43:26.275677,94.4707354306469,48.70341137297055
2024-12-30 17:43:26.275684,12.364519244074101,95.9803239257926
2024-12-30 17:43:26.275691,68.30113429632061,36.24687465596924
2024-12-30 17:43:26.275698,64.52846130575612,2.6113745783924447
2024-12-30 17:43:26.275708,9.53696509859695,20.519272736101534
2024-12-30 17:43:26.275715,73.08134729943886,3.635220798672012
2024-12-30 17:43:26.275723,19.726578791762417,62.42361568211614
2024-12-30 17:43:26.275730,21.51031359214909,76.8121322504646
2024-12-30 17:43:26.275737,84.21408552541018,23.79385101721906
2024-12-30 17:43:26.275744,70.5632345180549,59.44601208027416
2024-12-30 17:43:26.275751,94.58099936995447,63.74833185124821
2024-12-30 17:43:26.275758,27.073964859335387,31.91522876476779
2024-12-30 17:43:26.275765,21.678614614650037,89.06049089930185
2024-12-30 17:43:26.275772,61.434026580472654,25.88671554555043
2024-12-30 17:43:26.275782,92.92717470476734,56.01706680860009
2024-12-30 17:43:26.275790,52.37205902841632,17.329490810729187
2024-12-30 17:43:26.275797,41.103241124926406,98.92581036581711
2024-12-30 17:43:26.275804,72.57826882160255,37.44715444632749
2024-12-30 17:43:26.275811,60.902948921690026,46.54014483639416
2024-12-30 17:43:26.275821,79.28690079334694,18.979103067220237
2024-12-30 17:43:26.275831,76.0912996892148,13.87652824496628
2024-12-30 17:43:26.275839,30.695144852314414,70.84006817380164
2024-12-30 17:43:26.275846,44.735094569591894,8.761753009952066
2024-12-30 17:43:26.275853,82.16321281694755,57.52448736271448
2024-12-30 17:43:26.275860,45.39896512107011,37.132764799644946
2024-12-30 17:43:26.275867,52.424040338901825,70.6006330486518
2024-12-30 17:43:26.275874,13.651387638325263,82.35630697233121
2024-12-30 17:43:26.275882,20.560353568587697,17.034265392788463
2024-12-30 17:43:26.275889,77.53401766066517,64.86399923448582
2024-12-30 17:43:26.275896,25.338361868034454,48.479210021373575
2024-12-30 17:43:26.275903,59.34866193258643,21.901392649552132
2024-12-30 17:43:26.275910,76.57125815303083,11.444298013273812
2024-12-30 17:43:26.275917,55.200356441137245,41.05378208807906
2024-12-30 17:43:26.275924,29.826211380163492,90.7348229507941
2024-12-30 17:43:26.275931,20.89549725097839,18.516270324333227
2024-12-30 17:43:26.275938,69.83491512485682,30.925998832751024
2024-12-30 17:43:26.275945,90.90384668316425,34.67961175179849
2024-12-30 17:43:26.275955,0.06284691995284142,56.82164474536222
2024-12-30 17:43:26.275963,31.023374250803414,27.81235752447436
2024-12-30 17:43:26.275970,55.31595799362847,31.880823357777942
2024-12-30 17:43:26.275977,58.23853306404955,65.36298738394616
2024-12-30 17:43:26.275984,36.21846304056733,0.5016051214479234
2024-12-30 17:43:26.275991,6.996934843289115,55.162810393002935
2024-12-30 17:43:26.275998,74.79510502149142,66.70801337060873
2024-12-30 17:43:26.276005,10.197836086325463,73.22628146247682
2024-12-30 17:43:26.276012,41.52866137609402,81.10897663570829
2024-12-30 17:43:26.276019,93.5207813485176,19.8585871041436
2024-12-30 17:43:26.276026,10.165692379203517,6.160827544010594
2024-12-30 17:43:26.276033,38.17349051441197,50.73552772131753
2024-12-30 17:43:26.276041,18.006008223076453,5.463349121742356
2024-12-30 17:43:26.276049,97.26788171814822,22.512990275926914
2024-12-30 17:43:26.276056,41.71310380807586,98.77566508125636
2024-12-30 17:43:26.276063,65.46251007904527,8.226003913049285
2024-12-30 17:43:26.276070,73.96166094258156,68.52223785001983
2024-12-30 17:43:26.276077,35.59772404554905,40.56557004985054
2024-12-30 17:43:26.276084,95.5187980283783,60.863488176798754
2024-12-30 17:43:26.276091,34.09123680592961,49.068039740823664
2024-12-30 17:43:26.276098,45.4004553773046,40.611631625301435
2024-12-30 17:43:26.276105,97.67063492964458,54.80028375848926
2024-12-30 17:43:26.276112,98.94876350252252,24.247165327136244
2024-12-30 17:43:26.276122,51.19648697616588,13.233602375655485
2024-12-30 17:43:26.276130,58.24611452902894,36.00228723430978
2024-12-30 17:43:26.276137,18.56837524966062,41.62685783883325
2024-12-30 17:43:26.276144,55.56420275606258,70.99435305013749
2024-12-30 17:43:26.276151,80.13418518754469,53.31207380424108
2024-12-30 17:43:26.276158,74.26380267588448,81.47578971461972
2024-12-30 17:43:26.276165,91.42401455616309,51.902260568240536
2024-12-30 17:43:26.276175,62.639716991319276,85.15342688236274
2024-12-30 17:43:26.276183,25.7939071389634,80.92612968663714
2024-12-30 17:43:26.276190,62.78963597649545,87.81479641340415
2024-12-30 17:43:26.276200,55.718577047871456,97.96520127979818
2024-12-30 17:43:26.276207,32.380465547025906,87.75465625844144
2024-12-30 17:43:26.276215,34.063865722959704,36.081417773154726
2024-12-30 17:43:26.276222,58.61332294553395,43.87851383714576
2024-12-30 17:43:26.276229,99.62758086636453,70.62730820627999
2024-12-30 17:43:26.276236,62.89423161682092,40.26902179297289
2024-12-30 17:43:26.276243,51.076037015619406,49.501927017091504
2024-12-30 17:43:26.276250,53.36231403286127,27.435685360104056
2024-12-30 17:43:26.276257,10.625296774925308,17.23793919676101
2024-12-30 17:43:26.276264,18.936758465927973,92.94432537326823
2024-12-30 17:43:26.276271,4.605119808528013,88.56909002469216
2024-12-30 17:43:26.276278,13.681864553530554,9.013203695765881
2024-12-30 17:43:26.276288,89.88948806516134,90.53335595793804
2024-12-30 17:43:26.276298,56.2355408004884,5.404759471620801
2024-12-30 17:43:26.276306,7.982717015989693,13.372953255533815
2024-12-30 17:43:26.276313,84.12975767763736,82.97685160082176
2024-12-30 17:43:26.276320,63.069196388758954,72.89151045006284
2024-12-30 17:43:26.276327,17.82022826773658,52.160563404055594
2024-12-30 17:43:26.276334,61.38518403316048,49.64540512454288
2024-12-30 17:43:26.276341,52.58317652126261,22.496808777742473
2024-12-30 17:43:26.276349,60.97426103066217,9.940180731531212
2024-12-30 17:43:26.276356,75.60283231350974,75.20962697374306
2024-12-30 17:43:26.276363,1.0802293715320266,79.13085210100702
2024-12-30 17:43:26.276371,8.847331227897804,55.96357084742518
2024-12-30 17:43:26.276378,89.96200866679675,62.84453572128723
2024-12-30 17:43:26.276385,3.9039669675248745,99.27547540804804
2024-12-30 17:43:26.276392,32.23814665224973,64.24893829241502
2024-12-30 17:43:26.276399,89.89793729377993,10.731618559473832
2024-12-30 17:43:26.276406,95.33469999448425,81.62921593145836
2024-12-30 17:43:26.276413,14.57771857571738,3.893610562618699
2024-12-30 17:43:26.276421,20.566407615936168,16.318891502832667
2024-12-30 17:43:26.276428,54.43924956910452,67.85616428015587
2024-12-30 17:43:26.276435,26.040496783753277,7.807810928221626
2024-12-30 17:43:26.276442,97.69182554229602,36.539007405312496
2024-12-30 17:43:26.276449,21.25348374677567,6.508579351440524
2024-12-30 17:43:26.276456,68.76275534891371,39.600588152924324
2024-12-30 17:43:26.276466,55.930612220193275,84.8015086143429
2024-12-30 17:43:26.276474,51.68764113740097,50.7106056520914
2024-12-30 17:43:26.276481,21.98025735122838,13.87563018415312
2024-12-30 17:43:26.276488,67.81222178477002,37.0162332818577
2024-12-30 17:43:26.276495,13.117407549413274,56.44127066892484
2024-12-30 17:43:26.276502,48.192809958124215,80.52919357510972
2024-12-30 17:43:26.276509,17.137378816024995,38.455796440495824
2024-12-30 17:43:26.276516,33.11513352115754,83.23252332848575
2024-12-30 17:43:26.276523,3.2838236167958,5.682508915699325
2024-12-30 17:43:26.276531,10.827809684613642,16.95671944755737
2024-12-30 17:43:26.276538,99.00666472115147,57.199496454690845
2024-12-30 17:43:26.276545,62.046955197852405,76.61813080180224
2024-12-30 17:43:26.276552,45.3826756899778,38.70477537154272
2024-12-30 17:43:26.276559,76.52652107284814,80.63252746950491
2024-12-30 17:43:26.276568,36.97274578597122,24.37226975723569
2024-12-30 17:43:26.276576,33.205117931715414,70.15232472629187
2024-12-30 17:43:26.276583,96.42412311074897,24.522591298475028
2024-12-30 17:43:26.276590,95.10524704861933,6.107788967455163
2024-12-30 17:43:26.276597,4.83222600649611,59.75803063704339
2024-12-30 17:43:26.276604,65.17127369094756,74.14627005648497
2024-12-30 17:43:26.276611,29.47106840175482,25.084920104641228
2024-12-30 17:43:26.276619,43.5248894380732,32.17318278904887
2024-12-30 17:43:26.276626,90.50423999321116,12.711302882963892
2024-12-30 17:43:26.276636,73.66173893676601,10.87431161731377
2024-12-30 17:43:26.276646,17.178350646635245,13.391298987941857
2024-12-30 17:43:26.276653,23.852256142941396,78.72824970215761
2024-12-30 17:43:26.276660,87.54250726770273,44.301574297402226
2024-12-30 17:43:26.276667,6.236810302319462,91.11255629625458
2024-12-30 17:43:26.276674,53.82899147623732,81.53383231880711
2024-12-30 17:43:26.276682,19.927849340535076,27.35267223378144
2024-12-30 17:43:26.276689,6.444548041795151,12.493582869337693
2024-12-30 17:43:26.276696,43.56852541159638,42.98286583098583
2024-12-30 17:43:26.276703,4.636899399076877,12.787436686970322
2024-12-30 17:43:26.276710,51.62000222851957,14.692249421700454
2024-12-30 17:43:26.276717,87.80078985599746,78.38963207226682
2024-12-30 17:43:26.276724,22.92062801258362,27.104279083114278
2024-12-30 17:43:26.276731,74.77050100917288,18.362031096173283
2024-12-30 17:43:26.276738,40.35316887039658,79.56188816427327
2024-12-30 17:43:26.276745,98.43783297736472,81.41306109830296
2024-12-30 17:43:26.276756,31.972831879642737,98.71168349897745
2024-12-30 17:43:26.276763,4.417779205867978,70.29724545259833
2024-12-30 17:43:26.276770,55.344386937991985,74.99638845382846
2024-12-30 17:43:26.276778,79.54997630198746,58.021453293993645
2024-12-30 17:43:26.276785,76.93024583118486,83.56402232613823
2024-12-30 17:43:26.276792,63.386005660156286,39.139921252420216
2024-12-30 17:43:26.276799,95.96054475154206,26.50651701454102
2024-12-30 17:43:26.276808,30.80191639547676,89.65341592910167
2024-12-30 17:43:26.276816,23.261251610774934,79.78838302240302
2024-12-30 17:43:26.276823,99.71268319948136,43.84749869107934
2024-12-30 17:43:26.276830,68.29104156413634,99.8068256548784
2024-12-30 17:43:26.276837,17.334286996049975,78.03762540525683
2024-12-30 17:43:26.276845,2.3727444500777573,94.74104007834774
2024-12-30 17:43:26.276852,90.73665061877388,95.05320038269383
2024-12-30 17:43:26.276859,76.16610491311832,54.74209185110646
2024-12-30 17:43:26.276866,22.01070323522183,37.112245569604156
2024-12-30 17:43:26.276873,50.534218025671166,94.08191391505294
2024-12-30 17:43:26.276880,92.27032547179127,65.76289587852855
2024-12-30 17:43:26.276887,81.12026768122097,69.44117303367445
2024-12-30 17:43:26.276894,92.83565649091815,4.572399008085304
2024-12-30 17:43:26.276901,88.99360326259614,14.06616968929485
2024-12-30 17:43:26.276908,25.39048944160299,55.04578964683766
2024-12-30 17:43:26.276915,78.50084681693338,0.06460893309988558
2024-12-30 17:43:26.276922,62.32704061443428,17.280666455833014
2024-12-30 17:43:26.276929,22.526732658158856,93.10473081248334
2024-12-30 17:43:26.276939,34.2955661452679,70.20411518672545
2024-12-30 17:43:26.276947,33.33478936909595,4.4708408737840655
2024-12-30 17:43:26.276954,10.90721896587773,13.615635444961626
2024-12-30 17:43:26.276961,3.2664815090828636,25.910353041635837
2024-12-30 17:43:26.276968,84.80430214435108,78.58689917225428
2024-12-30 17:43:26.276978,84.00427544272732,53.27237223558989
2024-12-30 17:43:26.276985,26.584192465182234,60.09684560093608
2024-12-30 17:43:26.276993,62.81575415180824,6.6928729978477985
2024-12-30 17:43:26.277000,88.00710544101685,25.289341048175107
2024-12-30 17:43:26.277007,49.500701521937366,3.8906912647239
2024-12-30 17:43:26.277014,69.19250621749602,50.651947038035836
2024-12-30 17:43:26.277021,16.958823182883453,97.97085716212486
2024-12-30 17:43:26.277028,92.62408750693561,46.62408917386458
2024-12-30 17:43:26.277035,89.52383075135477,83.76551203667779
2024-12-30 17:43:26.277042,76.60145500622903,64.37180234460847
2024-12-30 17:43:26.277049,92.6177707242661,78.26317772597181
2024-12-30 17:43:26.277056,81.96268385037918,0.48754623059124036
2024-12-30 17:43:26.277064,18.98435507268288,84.76587155210976
2024-12-30 17:43:26.277071,8.663079533991347,67.55090591092716
2024-12-30 17:43:26.277078,35.912993832425244,71.18233347117827
2024-12-30 17:43:26.277085,81.06734310931132,44.5459587803022
2024-12-30 17:43:26.277092,69.73020543174198,46.00007502178307
2024-12-30 17:43:26.277099,99.0351767426613,30.672952646507312
2024-12-30 17:43:26.277109,79.76003349378463,98.47802916810976
2024-12-30 17:43:26.277117,59.77563962492328,46.99240217396593
2024-12-30 17:43:26.277124,72.84156682751292,22.88271660700827
2024-12-30 17:43:26.277131,49.80023265143778,70.73754715819149
2024-12-30 17:43:26.277139,61.60701106979989,53.93492788938824
2024-12-30 17:43:26.277165,95.64286096894386,11.98371703226
2024-12-30 17:43:26.277174,88.47893584664914,80.93777396165483
2024-12-30 17:43:26.277182,17.452617011792583,64.69337465565968
2024-12-30 17:43:26.277189,39.31047582939628,3.4949096121828283
2024-12-30 17:43:26.277196,88.26323515130518,29.903732140247918
2024-12-30 17:43:26.277204,26.623295033264295,87.66473266680195
2024-12-30 17:43:26.277211,74.41731414736323,92.32343559547944
2024-12-30 17:43:26.277219,2.9833133880417084,23.156624318829166
2024-12-30 17:43:26.277226,73.53526250865569,38.908100600216486
2024-12-30 17:43:26.277233,16.39366079042365,19.83215810428396
2024-12-30 17:43:26.277244,72.00865015328506,39.86868927745788
2024-12-30 17:43:26.277251,85.8290777761693,0.6520002917311363
2024-12-30 17:43:26.277258,46.46498357503132,15.517658183207384
2024-12-30 17:43:26.277265,57.17268099836353,37.58920457067615
2024-12-30 17:43:26.277273,55.318332628725976,80.5708728302264
2024-12-30 17:43:26.277280,44.30516078874865,93.0714775499818
2024-12-30 17:43:26.277287,14.833047368241491,37.699547852702594
2024-12-30 17:43:26.277294,58.75107566993506,63.95846141635509
2024-12-30 17:43:26.277301,20.2806872561072,41.12224572826646
2024-12-30 17:43:26.277308,29.074621274221023,92.2983703983297
2024-12-30 17:43:26.277316,88.85747795335939,38.21895858628267
2024-12-30 17:43:26.277323,48.72692952154836,70.86680928410154
2024-12-30 17:43:26.277333,11.076826652377147,91.20674569523403
2024-12-30 17:43:26.277343,43.08690117429851,61.3031250935682
2024-12-30 17:43:26.277351,35.19093457593109,12.10833702748564
2024-12-30 17:43:26.277358,59.23237796097235,98.09789814080617
2024-12-30 17:43:26.277366,10.984643852188213,35.96693896642279
2024-12-30 17:43:26.277373,72.46278065316729,20.76160401609628
2024-12-30 17:43:26.277380,38.50057491683049,23.48608503170526
2024-12-30 17:43:26.277387,73.51781451516855,56.628586692941404
2024-12-30 17:43:26.277394,76.50733398501191,7.618385166604469
2024-12-30 17:43:26.277401,72.96261031628542,86.54103198358408
2024-12-30 17:43:26.277408,13.659035270055131,48.94022902377769
2024-12-30 17:43:26.277415,75.68923203032885,27.71984658783414
2024-12-30 17:43:26.277423,62.0486487850428,70.44214040225954
2024-12-30 17:43:26.277430,82.49176525486422,62.84332240758954
2024-12-30 17:43:26.277437,71.30906290254994,53.12850070554993
2024-12-30 17:43:26.277444,37.857222854346894,52.04925487431766
2024-12-30 17:43:26.277451,44.84969891876901,36.106441894025174
2024-12-30 17:43:26.277458,93.13833249930849,73.56972877131676
2024-12-30 17:43:26.277466,94.30341060675201,15.510316601832152
2024-12-30 17:43:26.277473,11.65426816708326,58.464470446353936
2024-12-30 17:43:26.277480,36.790632076132404,85.72496940489395
2024-12-30 17:43:26.277487,66.50096387068393,54.47925442099629
2024-12-30 17:43:26.277494,42.62382684452687,40.51736808315921
2024-12-30 17:43:26.277501,56.34211541402176,43.81781935879091
2024-12-30 17:43:26.277511,21.470382992633596,5.67500709267974
2024-12-30 17:43:26.277519,17.602889440832758,58.11091779295082
2024-12-30 17:43:26.277526,54.14149820615355,33.406019111978026
2024-12-30 17:43:26.277533,79.24320600418979,28.848813207556333
2024-12-30 17:43:26.277540,25.726281084034873,62.32796828642931
2024-12-30 17:43:26.277548,43.98969682769356,71.27487417284296
2024-12-30 17:43:26.277555,83.65733263969835,78.74715767941464
2024-12-30 17:43:26.277562,38.355581888992205,50.931068824091206
2024-12-30 17:43:26.277569,31.918971043255382,90.83179154096368
2024-12-30 17:43:26.277576,80.32402030437392,76.72467763185324
2024-12-30 17:43:26.277583,1.9334338706329723,62.98301743682488
2024-12-30 17:43:26.277591,60.243125354987534,65.33712274394065
2024-12-30 17:43:26.277601,32.40926506202244,52.16210014900909
2024-12-30 17:43:26.277609,63.50247322501136,96.58459202890343
2024-12-30 17:43:26.277616,60.64070835148427,21.611824828068393
2024-12-30 17:43:26.277623,73.70791899173935,13.679528181544498
2024-12-30 17:43:26.277630,24.973103762414407,84.24690010866209
2024-12-30 17:43:26.277638,91.07686144060547,44.63492506128266
2024-12-30 17:43:26.277645,68.5573323766101,45.95449932308194
2024-12-30 17:43:26.277652,26.43268965238461,17.164030235270832
2024-12-30 17:43:26.277667,84.70794106837903,91.78729147279955
2024-12-30 17:43:26.277675,24.15732210197571,8.250486297630777
2024-12-30 17:43:26.277683,14.119851234562297,98.6823238787252
2024-12-30 17:43:26.277693,64.32862574388517,2.8926110728047405
2024-12-30 17:43:26.277701,1.4909188859601352,27.568136970383726
2024-12-30 17:43:26.277708,39.00579853609658,28.78623410728055
2024-12-30 17:43:26.277718,18.407533149059418,80.04919668418918
2024-12-30 17:43:26.277728,4.6162836287060856,9.61512058556414
2024-12-30 17:43:26.277736,96.73494689904352,32.986462197304625
2024-12-30 17:43:26.277743,63.04182323014829,55.36224955184741
2024-12-30 17:43:26.277750,64.04389720815811,48.44031178689495
2024-12-30 17:43:26.277757,79.1423412630551,88.5886601510419
2024-12-30 17:43:26.277764,65.35970179252666,69.92169318284925
2024-12-30 17:43:26.277771,91.12800229342506,97.64934094389498
2024-12-30 17:43:26.277779,73.00918723604485,91.87056088763123
2024-12-30 17:43:26.277786,61.861001076037546,91.46578957246129
2024-12-30 17:43:26.277793,41.44969495507219,14.681541194235248
2024-12-30 17:43:26.277800,21.56620868730955,77.33017857095622
2024-12-30 17:43:26.277807,5.852784200589689,67.52211540061668
2024-12-30 17:43:26.277814,98.91947273660344,14.746344711940685
2024-12-30 17:43:26.277821,89.62065785308612,85.20877011538606
2024-12-30 17:43:26.277829,94.27126852859261,6.158342026778607
2024-12-30 17:43:26.277836,60.76251329014982,36.41506607439272
2024-12-30 17:43:26.277843,19.26813170769921,57.896734297107045
2024-12-30 17:43:26.277850,34.39384468200355,82.48443527080991
2024-12-30 17:43:26.277857,98.47183920565176,75.24360181660525
2024-12-30 17:43:26.277868,11.651706042749698,4.761211469611082
2024-12-30 17:43:26.277876,39.89657244059046,67.11044007071506
2024-12-30 17:43:26.277883,61.42012671948696,97.1147028991951
2024-12-30 17:43:26.277890,9.080880542845494,93.35114257743766
2024-12-30 17:43:26.277897,69.65762804824368,11.937639508797815
2024-12-30 17:43:26.277905,67.75697104765054,42.83964895647503
2024-12-30 17:43:26.277912,17.77280263300389,54.707215608687974
2024-12-30 17:43:26.277919,42.006379304930554,15.694131028698521
2024-12-30 17:43:26.277926,3.9949416389123416,46.624290331173924
2024-12-30 17:43:26.277933,12.539650229347155,84.93299021734569
2024-12-30 17:43:26.277941,52.62188468587576,99.22128798910332
2024-12-30 17:43:26.277948,90.53802815079183,75.18392364537067
2024-12-30 17:43:26.277955,41.69732622460144,15.513744673828889
2024-12-30 17:43:26.277962,31.125123895486016,14.509983002930882
2024-12-30 17:43:26.277969,47.486949976991276,58.33333780413395
2024-12-30 17:43:26.277977,23.035069613755176,19.25632394700074
2024-12-30 17:43:26.277984,63.08683085597726,29.692553536447964
2024-12-30 17:43:26.277991,45.69855200364293,33.449935327778235
2024-12-30 17:43:26.277998,35.50617944751355,98.79601838915414
2024-12-30 17:43:26.278005,50.815916351522404,47.79809797045732
2024-12-30 17:43:26.278012,78.79233124548156,74.39721823704551
2024-12-30 17:43:26.278019,99.42213677050563,73.81517919533987
2024-12-30 17:43:26.278027,3.1569456332742107,41.008972987329926
2024-12-30 17:43:26.278036,14.778884401580827,61.65074000108436
2024-12-30 17:43:26.278044,31.966290354276474,93.92274188536264
2024-12-30 17:43:26.278052,15.193038372966793,1.7540848173353107
2024-12-30 17:43:26.278059,34.6123254850322,27.082411172608378
2024-12-30 17:43:26.278066,48.71692269737798,2.659349982001513
2024-12-30 17:43:26.278073,58.595893010745236,9.396018118257876
2024-12-30 17:43:26.278084,69.38163726174952,61.59497710019435
2024-12-30 17:43:26.278095,55.05726179294865,85.60607385804951
2024-12-30 17:43:26.278102,47.161564196251696,31.67728240767067
2024-12-30 17:43:26.278110,30.900669758781685,16.777970717425227
2024-12-30 17:43:26.278117,48.072371371517676,30.999762817785438
2024-12-30 17:43:26.278124,70.85113403116571,86.10716761592728
2024-12-30 17:43:26.278131,95.44306702493147,59.692025103706236
2024-12-30 17:43:26.278139,40.18030100111494,93.16039930866573
2024-12-30 17:43:26.278146,12.605228896429566,13.141829549530915
2024-12-30 17:43:26.278153,58.1899828531284,86.40003968107234
2024-12-30 17:43:26.278160,58.52699712616215,91.54106284916544
2024-12-30 17:43:26.278167,29.6766600568519,72.33754817974825
2024-12-30 17:43:26.278175,34.664173242838615,12.774444242896276
2024-12-30 17:43:26.278182,37.43468656421787,45.283006256663136
2024-12-30 17:43:26.278189,77.6155779082079,47.33385771827857
2024-12-30 17:43:26.278200,2.6019160085998916,62.27201644822994
2024-12-30 17:43:26.278207,92.57905991059899,62.37060409932857
2024-12-30 17:43:26.278217,95.56460740720169,39.02528058986575
2024-12-30 17:43:26.278224,3.504489873118044,50.516761487864514
2024-12-30 17:43:26.278232,84.69264072216775,85.9683364656001
2024-12-30 17:43:26.278239,64.18505921494986,42.915907323072524
2024-12-30 17:43:26.278246,53.11845936029327,37.86308111547078
2024-12-30 17:43:26.278253,89.27851864190183,40.455326155690564
2024-12-30 17:43:26.278261,36.10194226011938,75.6148741106532
2024-12-30 17:43:26.278268,81.72852298930988,56.423378825377114
2024-12-30 17:43:26.278275,98.8743842618856,99.60831734445719
2024-12-30 17:43:26.278282,33.54957517792523,22.922965010975616
2024-12-30 17:43:26.278290,5.1627832199325425,11.39584156693887
2024-12-30 17:43:26.278297,65.0613058017054,2.618924527549926
2024-12-30 17:43:26.278304,76.49640190489201,52.804907000444835
2024-12-30 17:43:26.278311,50.775207480424974,23.604017043846646
2024-12-30 17:43:26.278319,38.471033412554725,38.961022645798614
2024-12-30 17:43:26.278326,20.238251116420713,3.0396331574834123
2024-12-30 17:43:26.278333,23.189209729084183,80.88766374742366
2024-12-30 17:43:26.278340,9.560114277778364,87.83050349391036
2024-12-30 17:43:26.278347,78.40142279733516,2.667661306564595
2024-12-30 17:43:26.278354,33.48285007438962,32.628064081345975
2024-12-30 17:43:26.278402,91.8421025777993,49.165248307202525
2024-12-30 17:43:26.278421,37.233073340818855,77.6002473964965
2024-12-30 17:43:26.278430,62.475953457676034,9.497340176901526
2024-12-30 17:43:26.278444,91.24485951863754,3.1472419642772587
2024-12-30 17:43:26.278452,77.94426320472915,67.4404463281114
2024-12-30 17:43:26.278461,63.2823014475131,3.3618300206458063
2024-12-30 17:43:26.278468,4.093831736182752,9.5567281362141
2024-12-30 17:43:26.278475,35.73871489948266,28.23889902234645
2024-12-30 17:43:26.278482,8.946811385601471,14.21511062949663
2024-12-30 17:43:26.278489,17.042097111563802,35.60024060697441
2024-12-30 17:43:26.278497,1.4227086680978718,75.44616440224972
2024-12-30 17:43:26.278504,62.64850322660413,12.263609672683085
2024-12-30 17:43:26.278511,96.21485265609161,48.40190472016121
2024-12-30 17:43:26.278518,71.81747798971105,95.46127981379472
2024-12-30 17:43:26.278528,80.25019044821317,22.050204924463102
2024-12-30 17:43:26.278536,63.893309407029555,85.23883842964895
2024-12-30 17:43:26.278543,3.463294526920657,31.711276110858712
2024-12-30 17:43:26.278550,66.48514671726899,90.81854049306557
2024-12-30 17:43:26.278557,22.658245252329788,50.0961791824465
2024-12-30 17:43:26.278564,16.950692478843308,5.246987546415882
2024-12-30 17:43:26.278571,43.70041826519705,93.50956804190028
2024-12-30 17:43:26.278578,17.904165648578918,97.96146056158695
2024-12-30 17:43:26.278585,45.365133082365105,84.44174661471376
2024-12-30 17:43:26.278592,13.47135515543576,11.953890236054331
2024-12-30 17:43:26.278599,0.7213328269278119,34.92621460533153
2024-12-30 17:43:26.278606,63.99158283668612,15.468545490766495
2024-12-30 17:43:26.278618,61.36956798853892,10.519363585223285
2024-12-30 17:43:26.278628,31.87738392533388,60.684486854987064
2024-12-30 17:43:26.278636,33.27939790266533,39.60682304356414
2024-12-30 17:43:26.278643,76.80500982499781,35.857625296976046
2024-12-30 17:43:26.278650,19.453602681539806,88.50181217941847
2024-12-30 17:43:26.278657,83.71931112862498,90.42321708562332
2024-12-30 17:43:26.278665,92.31730746505634,73.62023407519604
2024-12-30 17:43:26.278672,91.38699369378354,22.186390563610694
2024-12-30 17:43:26.278679,44.7507837383464,84.75874187006184
2024-12-30 17:43:26.278687,23.399179689146145,87.87309823901693
2024-12-30 17:43:26.278694,64.68262038907211,84.31482725569192
2024-12-30 17:43:26.278701,19.616733684059028,60.842091805877786
2024-12-30 17:43:26.278708,87.65975688811294,90.41137167353217
2024-12-30 17:43:26.278716,8.92700397622319,77.05142219731272
2024-12-30 17:43:26.278723,74.95923444365064,56.80706892485071
2024-12-30 17:43:26.278733,87.30451958774864,33.78170930058854
2024-12-30 17:43:26.278740,5.841872454426111,96.70277182667377
2024-12-30 17:43:26.278748,88.15989110531879,76.9799614854882
2024-12-30 17:43:26.278755,85.26339395548884,49.584494772661344
2024-12-30 17:43:26.278762,36.07709871118019,86.23919337645691
2024-12-30 17:43:26.278769,34.70622665981278,53.07823310496724
2024-12-30 17:43:26.278777,59.540026825448244,11.572186873536205
2024-12-30 17:43:26.278784,64.86197530375422,32.52158652770696
2024-12-30 17:43:26.278794,58.86329520278346,28.243306873447626
2024-12-30 17:43:26.278801,48.3448078869277,71.85887495309152
2024-12-30 17:43:26.278809,62.21475578473582,14.448950350806788
2024-12-30 17:43:26.278816,38.67297211277856,92.92001799988685
2024-12-30 17:43:26.278823,26.656632973289838,48.889868791610404
2024-12-30 17:43:26.278830,56.376389175555154,22.004958106626972
2024-12-30 17:43:26.278837,95.54379609772084,56.48754368098319
2024-12-30 17:43:26.278844,58.8031037447514,27.042373935665353
2024-12-30 17:43:26.278851,13.24203599374657,36.967932403960525
2024-12-30 17:43:26.278858,20.25369826482778,61.96369156839682
2024-12-30 17:43:26.278865,44.766187608286,78.90701739494455
2024-12-30 17:43:26.278872,69.7035587434144,77.20162608366017
2024-12-30 17:43:26.278879,93.47005316298436,57.92465340754826
2024-12-30 17:43:26.278886,93.4759707118648,57.97330980245635
2024-12-30 17:43:26.278893,47.051929716229346,38.803106253264666
2024-12-30 17:43:26.278903,34.106435231425415,91.98033772101859
2024-12-30 17:43:26.278911,98.87310992149375,32.43673641305113
2024-12-30 17:43:26.278918,66.71279946334,34.345972047969596
2024-12-30 17:43:26.278925,82.23057767653155,0.1880014273502817
2024-12-30 17:43:26.278932,23.344469040541526,96.8147339079716
2024-12-30 17:43:26.278939,25.63697888207376,65.33815531145596
2024-12-30 17:43:26.278946,68.53727904371712,82.55015784619513
2024-12-30 17:43:26.278954,20.30023050484604,28.407885697681323
2024-12-30 17:43:26.278964,24.385951451696574,49.83889148719637
2024-12-30 17:43:26.278971,7.987365510607846,86.25227401768828
2024-12-30 17:43:26.278979,50.05817716152191,35.2422023183679
2024-12-30 17:43:26.278986,6.787923914935867,38.695995580741595
2024-12-30 17:43:26.278993,53.501229114886875,83.10302084491971
2024-12-30 17:43:26.279000,14.357481703894138,65.82356966620927
2024-12-30 17:43:26.279008,66.9888656526254,19.458518062324938
2024-12-30 17:43:26.279015,2.4782252142736327,54.380928557458674
2024-12-30 17:43:26.279022,43.091992344158136,68.60688904889253
2024-12-30 17:43:26.279029,8.670063808865047,94.63299535311971
2024-12-30 17:43:26.279036,82.03053752218638,57.78208121725156
2024-12-30 17:43:26.279044,92.14720761330629,9.945920794471864
2024-12-30 17:43:26.279051,62.212537154602984,46.38177272109705
2024-12-30 17:43:26.279058,32.1396806331551,50.34482632219689
2024-12-30 17:43:26.279065,10.439841866872468,90.95800086073238
2024-12-30 17:43:26.279072,38.19409910074055,46.9319489806126
2024-12-30 17:43:26.279079,76.87096224193557,42.4255549133997
2024-12-30 17:43:26.279090,40.75756142179131,39.57006063133959
2024-12-30 17:43:26.279098,37.803608443064775,3.893863999428948
2024-12-30 17:43:26.279106,82.30626189676612,46.00511106468994
2024-12-30 17:43:26.279113,23.09961097248201,50.898007848779514
2024-12-30 17:43:26.279120,61.02927285194698,99.15054432621292
2024-12-30 17:43:26.279127,60.55257856151096,24.108915857766455
2024-12-30 17:43:26.279137,10.88428751442062,51.06843864359263
2024-12-30 17:43:26.279145,88.58292734225857,47.104619531373736
2024-12-30 17:43:26.279152,92.16336095173031,70.07675303961354
2024-12-30 17:43:26.279159,77.22241092840221,65.45660866043725
2024-12-30 17:43:26.279167,24.278131953502445,68.48547394933381
2024-12-30 17:43:26.279174,65.2742011224897,85.6593175627946
2024-12-30 17:43:26.279181,9.596460560615716,97.84105002993518
2024-12-30 17:43:26.279189,92.43522772853487,24.005217591105932
2024-12-30 17:43:26.279196,52.6390320133241,59.8982839507965
2024-12-30 17:43:26.279207,35.65375615577444,64.5738482650889
2024-12-30 17:43:26.279214,9.445822533176973,31.3604725602712
2024-12-30 17:43:26.279222,33.87404335190812,45.61398537586341
2024-12-30 17:43:26.279229,9.535519394471114,3.1806903646311335
2024-12-30 17:43:26.279236,57.81450991545282,88.03543078342094
2024-12-30 17:43:26.279244,90.2034016009414,25.6106952316981
2024-12-30 17:43:26.279251,99.04132964884037,42.73268195697975
2024-12-30 17:43:26.279258,26.767591861544027,41.13328128758668
2024-12-30 17:43:26.279266,18.3657552833997,33.242594601750696
2024-12-30 17:43:26.279273,88.07231143198551,38.172328280638126
2024-12-30 17:43:26.279283,56.53544172336509,24.49650297350755
2024-12-30 17:43:26.279291,5.119767235359807,52.29315165286219
2024-12-30 17:43:26.279299,25.744741820114747,81.44558501924648
2024-12-30 17:43:26.279306,21.956095345866157,8.880232879435312
2024-12-30 17:43:26.279316,97.59416245355445,0.36574270027280864
2024-12-30 17:43:26.279326,58.589548929824865,78.77331031246617
2024-12-30 17:43:26.279333,49.65808051686157,54.17348860626648
2024-12-30 17:43:26.279341,67.42289387617623,88.67257637820632
2024-12-30 17:43:26.279348,93.53802076267647,8.237404404600557
2024-12-30 17:43:26.279355,22.025655752019592,61.50078226037318
2024-12-30 17:43:26.279362,43.66494151104864,82.30330371278328
2024-12-30 17:43:26.279369,69.30957420326021,15.006698993136203
2024-12-30 17:43:26.279377,90.24721620340004,74.72695743536809
2024-12-30 17:43:26.279384,47.63355467133298,15.354024640765996
2024-12-30 17:43:26.279391,53.92826694492007,96.86277433685385
2024-12-30 17:43:26.279399,11.754838140747193,81.75508617496766
2024-12-30 17:43:26.279406,81.0921323417903,95.4597208352698
2024-12-30 17:43:26.279413,12.794528256419479,45.50187113765919
2024-12-30 17:43:26.279420,98.24836542627682,36.65499110867769
2024-12-30 17:43:26.279428,82.98841482606713,11.768512076322557
2024-12-30 17:43:26.279436,78.77176242121887,58.42465451201885
2024-12-30 17:43:26.279443,93.52407708441316,61.39496084764215
2024-12-30 17:43:26.279450,77.08393467315486,71.55178967716542
2024-12-30 17:43:26.279457,30.49280937898947,2.9314357717308726
2024-12-30 17:43:26.279464,38.78103143985662,54.27450942444092
2024-12-30 17:43:26.279471,63.648093494873,82.39569428225398
2024-12-30 17:43:26.279478,31.88568091530708,36.35368645008615
2024-12-30 17:43:26.279489,78.90448791626446,71.56838102442048
2024-12-30 17:43:26.279498,10.816742219965592,54.44045183455724
2024-12-30 17:43:26.279505,13.719859563038717,79.34488900800622
2024-12-30 17:43:26.279513,56.75969509937404,3.324935768878179
2024-12-30 17:43:26.279520,54.964164531919344,98.81304703029959
2024-12-30 17:43:26.279528,12.786921488246817,78.19324038412859
2024-12-30 17:43:26.279536,36.891543135282724,63.26571149691686
2024-12-30 17:43:26.279543,67.03115247257621,98.45502818024833
2024-12-30 17:43:26.279550,51.92406440500859,3.3801061871260862
2024-12-30 17:43:26.279558,11.424644911516502,93.09233019549455
2024-12-30 17:43:26.279565,3.002203942960824,88.02972204614416
2024-12-30 17:43:26.279576,72.35833418427285,3.222793553019454
2024-12-30 17:43:26.279584,82.7816011341187,69.73333734487935
2024-12-30 17:43:26.279592,56.1506303686238,29.659911867060163
2024-12-30 17:43:26.279600,66.66430344363289,52.18401872582085
2024-12-30 17:43:26.279607,17.64007884182577,36.06376384856702
2024-12-30 17:43:26.279615,79.10614319158978,2.1591275571829938
2024-12-30 17:43:26.279623,47.755574819521605,81.26634100957382
2024-12-30 17:43:26.279630,35.444503799929095,25.812603727089744
2024-12-30 17:43:26.279637,15.132110284721767,89.98589193095881
2024-12-30 17:43:26.279646,94.47516165904358,41.26256175277161
2024-12-30 17:43:26.279653,51.99169901055852,96.06797708995319
2024-12-30 17:43:26.279661,93.64262179397721,1.424699038356947
2024-12-30 17:43:26.279673,29.476632497818734,25.12873819157806
2024-12-30 17:43:26.279681,47.66514031523248,18.311946644514222
2024-12-30 17:43:26.279688,43.755444694358694,94.96747736934788
2024-12-30 17:43:26.279699,77.85011565188529,54.56402801038165
2024-12-30 17:43:26.279707,35.4257562645512,36.157350485925875
2024-12-30 17:43:26.279715,7.577600186207478,60.715491418574565
2024-12-30 17:43:26.279723,54.57910294156611,86.06627936734881
2024-12-30 17:43:26.279731,45.07288524188351,61.499560155797184
2024-12-30 17:43:26.279739,10.181586143182964,27.138443609874898
2024-12-30 17:43:26.279746,79.33412511391141,16.111657536767645
2024-12-30 17:43:26.279754,67.53732666472764,36.712831834119555
2024-12-30 17:43:26.279761,34.83377358338312,22.316505583035507
2024-12-30 17:43:26.279769,84.06964986786862,53.81793617392133
2024-12-30 17:43:26.279777,26.597068469041584,18.060734409244628
2024-12-30 17:43:26.279797,58.598195721929436,22.655299351055426
2024-12-30 17:43:26.279807,85.60119686168751,12.115780170342116
2024-12-30 17:43:26.279814,24.211858827145072,72.38602268021594
2024-12-30 17:43:26.279822,96.45085443511334,85.9771803438943
2024-12-30 17:43:26.279832,18.732471574947507,49.425576259698076
2024-12-30 17:43:26.279839,36.02591535317771,82.88069074848546
2024-12-30 17:43:26.279847,9.107260100557891,80.59105078257593
2024-12-30 17:43:26.279854,80.17041964640903,17.310627944245425
2024-12-30 17:43:26.279861,26.74293294043446,54.207676786330694
2024-12-30 17:43:26.279873,38.45542070930381,36.0653978340228
2024-12-30 17:43:26.279881,84.91608888396004,12.76393370394624
2024-12-30 17:43:26.279889,1.7890306323720684,92.06324134867066
2024-12-30 17:43:26.279923,26.257706127255133,51.70345537665758
2024-12-30 17:43:26.279943,33.914425094658306,63.8446315272205
2024-12-30 17:43:26.279953,82.46272876332357,51.03464316298611
2024-12-30 17:43:26.279960,93.46456062915858,2.6239569953487307
2024-12-30 17:43:26.279968,66.04691682066424,71.60699572160773
2024-12-30 17:43:26.279975,94.59679644032165,38.71978455953822
2024-12-30 17:43:26.279983,60.086293436763306,66.78279282626019
2024-12-30 17:43:26.279991,33.89437267406752,3.357368243444092
2024-12-30 17:43:26.279998,51.67832026095519,79.2337565738349
2024-12-30 17:43:26.280005,15.087532260697934,67.77473448723643
2024-12-30 17:43:26.280013,97.35169124194874,18.714780145342814
2024-12-30 17:43:26.280020,98.3041047205104,73.87333747444504
2024-12-30 17:43:26.280027,18.59001650249551,62.81725346050444
2024-12-30 17:43:26.280034,45.521495726835205,2.4418004791195047
2024-12-30 17:43:26.280042,75.75014330521188,59.610669058866684
2024-12-30 17:43:26.280049,86.00717011987997,21.377483941950814
2024-12-30 17:43:26.280056,49.244451899939556,3.5838921083721886
2024-12-30 17:43:26.280063,67.81885574923243,19.477564956182626
2024-12-30 17:43:26.280071,99.41764929152048,82.54104605705732
2024-12-30 17:43:26.280078,9.918227342048368,95.2212966767705
2024-12-30 17:43:26.280091,41.7977643075528,97.15932665213792
2024-12-30 17:43:26.280099,20.93573669871278,42.2373569770742
2024-12-30 17:43:26.280107,21.8565821743553,34.299919501640055
2024-12-30 17:43:26.280114,56.33714955926282,36.62259983820441
2024-12-30 17:43:26.280125,38.590862437169505,25.82511377526895
2024-12-30 17:43:26.280136,34.43128744079328,0.001720325035881043
2024-12-30 17:43:26.280144,75.40190528978712,51.84442074871664
2024-12-30 17:43:26.280152,57.37170919106255,17.17565064096911
2024-12-30 17:43:26.280159,70.53438822657301,81.43638649253357
2024-12-30 17:43:26.280167,84.62277142395888,88.1795048831447
2024-12-30 17:43:26.280174,82.4639067170763,19.53240675031449
2024-12-30 17:43:26.280182,34.47989331917897,25.277710938068598
2024-12-30 17:43:26.280189,33.7516851480286,43.65325124928706
2024-12-30 17:43:26.280197,50.97304415817273,88.89233457647299
2024-12-30 17:43:26.280204,6.104420832722301,5.867836233603818
2024-12-30 17:43:26.280212,50.32339525660275,67.51958145778954
2024-12-30 17:43:26.280219,97.09198640695857,9.258971577203068
2024-12-30 17:43:26.280227,96.17176284830316,66.06409827790013
2024-12-30 17:43:26.280234,31.60783392102222,39.451769495418
2024-12-30 17:43:26.280241,87.59090586333076,0.8272197902725376
2024-12-30 17:43:26.280253,91.35936272382517,61.12355882098692
2024-12-30 17:43:26.280260,80.00768627843833,22.040424011524774
2024-12-30 17:43:26.280268,97.96866007210093,19.304111724051165
2024-12-30 17:43:26.280278,97.87742240032638,4.101761753846855
2024-12-30 17:43:26.280286,64.57478567436748,64.16146096253256
2024-12-30 17:43:26.280294,49.61819718417353,94.90403081785266
2024-12-30 17:43:26.280301,92.32017432446995,43.89884719136631
2024-12-30 17:43:26.280309,8.745666033023202,10.598313270008731
2024-12-30 17:43:26.280316,74.21625106784259,19.02118185347933
2024-12-30 17:43:26.280324,63.57365012319559,13.556901756078377
2024-12-30 17:43:26.280331,69.4580204544113,87.4705830966988
2024-12-30 17:43:26.280338,30.70643711416905,81.49093642943448
2024-12-30 17:43:26.280346,98.63596668127951,55.14282744050277
2024-12-30 17:43:26.280353,34.99022883430871,87.4398249289916
2024-12-30 17:43:26.280361,64.50238177257782,71.1734843606676
2024-12-30 17:43:26.280368,35.549877434178036,44.173254740890464
2024-12-30 17:43:26.280376,48.32951849478941,12.185800690680482
2024-12-30 17:43:26.280383,29.03142924316211,67.6796225129469
2024-12-30 17:43:26.280391,70.21656071704562,65.37610357741616
2024-12-30 17:43:26.280399,77.74389592781135,40.65815014688317
2024-12-30 17:43:26.280407,87.2412190528303,54.242944956081274
2024-12-30 17:43:26.280414,90.22611777447207,42.552138961074306
2024-12-30 17:43:26.280422,55.690259465849955,67.37782984672725
2024-12-30 17:43:26.280429,38.419341995246626,85.62842506422169
2024-12-30 17:43:26.280437,26.75509735605829,3.8728288430521784
2024-12-30 17:43:26.280445,82.06365874749277,22.987131188924405
2024-12-30 17:43:26.280455,2.1409819604414126,30.35803910641136
2024-12-30 17:43:26.280464,33.00955319693131,24.4663425110221
2024-12-30 17:43:26.280472,56.35667985325564,63.58694247371059
2024-12-30 17:43:26.280479,19.366834365194308,41.14573775992346
2024-12-30 17:43:26.280487,41.16416079615755,3.5753978925020413
2024-12-30 17:43:26.280495,99.60426910750465,50.091374735992346
2024-12-30 17:43:26.280502,64.98855865457189,37.47384677135837
2024-12-30 17:43:26.280510,28.917474494563354,37.15683034030539
2024-12-30 17:43:26.280532,9.98293740704571,27.837739624595336
2024-12-30 17:43:26.280543,95.07538433679869,49.842451364088866
2024-12-30 17:43:26.280551,36.74847045837421,82.74122522105927
2024-12-30 17:43:26.280559,2.6682656121193693,73.96508502044976
2024-12-30 17:43:26.280567,61.41927260446799,47.00191882776517
2024-12-30 17:43:26.280574,6.816845818172801,10.36230646258225
2024-12-30 17:43:26.280582,38.07295025668503,87.39226708653582
2024-12-30 17:43:26.280590,52.60217001447275,84.37545633315484
2024-12-30 17:43:26.280597,51.32872824468101,92.45464344837048
2024-12-30 17:43:26.280604,89.2404450513276,11.300148081328466
2024-12-30 17:43:26.280612,94.33031501029888,79.47200376928674
2024-12-30 17:43:26.280619,22.99909954113828,31.058738989649736
2024-12-30 17:43:26.280627,0.8016380874922291,63.60324292393437
2024-12-30 17:43:26.280635,66.87438002134675,2.944603154868808
2024-12-30 17:43:26.280647,21.20659229585883,97.40156656343493
2024-12-30 17:43:26.280658,75.46578531737599,34.16653610843745
2024-12-30 17:43:26.280667,62.075313106131226,55.14737101913283
2024-12-30 17:43:26.280675,61.62247743328157,59.213424424257234
2024-12-30 17:43:26.280683,70.54193426246461,47.22249779441962
2024-12-30 17:43:26.280691,25.800745412072736,80.60451538313713
2024-12-30 17:43:26.280699,81.30181596572392,92.03228089105684
2024-12-30 17:43:26.280707,89.97161048617878,74.99478984795405
2024-12-30 17:43:26.280715,40.54676189199367,93.57965729264438
2024-12-30 17:43:26.280723,53.075277085293735,10.128401454734448
2024-12-30 17:43:26.280730,38.4143026585476,96.67566552251469
2024-12-30 17:43:26.280738,83.1768500728105,29.31949749475834
2024-12-30 17:43:26.280746,65.41554154932707,46.75142477027761
2024-12-30 17:43:26.280754,7.198790666619437,78.004062090036
2024-12-30 17:43:26.280766,53.06278851204286,45.33854469780929
2024-12-30 17:43:26.280774,61.83456196318981,87.52108290814455
2024-12-30 17:43:26.280782,10.75835249966486,62.74338626951287
2024-12-30 17:43:26.280789,53.470266564267654,43.95437310800552
2024-12-30 17:43:26.280797,15.041584523799933,91.08843103927549
2024-12-30 17:43:26.280805,65.12452908493785,14.726890466474064
2024-12-30 17:43:26.280813,43.91322539399011,60.139170182600175
2024-12-30 17:43:26.280820,8.794058138638228,2.6994933762346185
2024-12-30 17:43:26.280828,51.824210532338036,82.40750025732633
2024-12-30 17:43:26.280837,68.97668594863457,73.75086482306553
2024-12-30 17:43:26.280848,76.66673080489046,92.66720601457943
2024-12-30 17:43:26.280856,94.96963409095255,61.67036244029872
2024-12-30 17:43:26.280865,67.7798044269887,7.401130249105881
2024-12-30 17:43:26.280872,73.85807140525262,67.317228101509
2024-12-30 17:43:26.280937,9.352086685906858,48.565409966317944
2024-12-30 17:43:26.280955,89.10302578313983,34.88148836557778
2024-12-30 17:43:26.280971,45.7375302186421,54.38383503973289
2024-12-30 17:43:26.281003,26.576651744080316,73.85850987623799
2024-12-30 17:43:26.281013,65.48897661437954,39.605093903086356
2024-12-30 17:43:26.281021,9.240798047156474,59.718513235261725
2024-12-30 17:43:26.281028,53.872077826932866,82.27294392268601
2024-12-30 17:43:26.281035,22.667668800407835,89.80330177781737
2024-12-30 17:43:26.281049,71.2318697047325,38.9796047113948
2024-12-30 17:43:26.281057,53.46302306601027,55.16080376903817
2024-12-30 17:43:26.281064,56.281725009067785,76.85035043104168
2024-12-30 17:43:26.281072,65.10299910024332,23.665259224103742
2024-12-30 17:43:26.281079,36.26497967662902,19.85352817264916
2024-12-30 17:43:26.281086,78.24116938748868,61.30937394746508
2024-12-30 17:43:26.281094,0.4007703182412281,14.096976578380305
2024-12-30 17:43:26.281101,29.451301532724127,45.793473635730386
2024-12-30 17:43:26.281108,97.88263079520412,66.64452121151719
2024-12-30 17:43:26.281115,87.84581672388165,74.30530373964527
2024-12-30 17:43:26.281122,72.14263802013197,30.509465129356528
2024-12-30 17:43:26.281132,65.8945588925253,44.86290653317818
2024-12-30 17:43:26.281140,92.0922494625327,81.56669968405637
2024-12-30 17:43:26.281147,87.3242192220208,94.3541966665874
2024-12-30 17:43:26.281154,59.53070933535657,75.0686289018894
2024-12-30 17:43:26.281161,90.67568956352152,80.52094132535652
2024-12-30 17:43:26.281168,50.8629872219269,53.39880533673222
2024-12-30 17:43:26.281175,14.258322509561872,12.563626787710891
2024-12-30 17:43:26.281182,75.06710045530299,64.12170622145385
2024-12-30 17:43:26.281189,17.277490447164123,10.332305921830587
2024-12-30 17:43:26.281196,41.45428982819387,9.453613867372946
2024-12-30 17:43:26.281203,5.783100681838382,10.546741641541068
2024-12-30 17:43:26.281210,92.97559665978109,78.54281797887961
2024-12-30 17:43:26.281217,6.149392493267025,83.98114703011788
2024-12-30 17:43:26.281224,69.6694142577235,24.524364009544584
2024-12-30 17:43:26.281231,63.727128237787234,70.68759646722286
2024-12-30 17:43:26.281239,97.35093407705786,17.048583360877288
2024-12-30 17:43:26.281249,68.5843494381848,8.77190999326498
2024-12-30 17:43:26.281257,5.027763593854329,10.510544861603266
2024-12-30 17:43:26.281264,49.05014845277959,21.503394801795327
2024-12-30 17:43:26.281271,99.81780797502044,9.384044388981149
2024-12-30 17:43:26.281278,27.55384590080704,59.05315894131894
2024-12-30 17:43:26.281286,3.3626272165221183,36.380591674856156
2024-12-30 17:43:26.281293,4.929054999525739,51.34465061336704
2024-12-30 17:43:26.281302,29.00020361926622,39.55586055511343
2024-12-30 17:43:26.281310,4.30251242178662,49.70914762326611
2024-12-30 17:43:26.281317,47.67301286354309,52.85377148747064
2024-12-30 17:43:26.281324,96.08011009215409,50.52392576505939
2024-12-30 17:43:26.281331,4.648528682866216,68.07339532917473
2024-12-30 17:43:26.281338,89.09226704274363,10.949049085250017
2024-12-30 17:43:26.281345,59.93787047282041,83.18010494128607
2024-12-30 17:43:26.281356,13.804544845054279,28.539965658910027
2024-12-30 17:43:26.281363,63.23557905737406,38.92961474051025
2024-12-30 17:43:26.281370,69.73266231373488,39.323745506075745
2024-12-30 17:43:26.281377,43.977934199987764,48.65721131728804
2024-12-30 17:43:26.281384,21.413817364292697,51.55282793932583
2024-12-30 17:43:26.281391,73.85325902246582,31.695505078180364
2024-12-30 17:43:26.281398,7.955951761025704,46.07829346938951
2024-12-30 17:43:26.281405,77.17238384425328,53.710030350279766
2024-12-30 17:43:26.281412,80.04272323105191,50.72677231086755
2024-12-30 17:43:26.281422,1.14984066580891,76.55203274697796
2024-12-30 17:43:26.281430,68.99925903426409,47.16674912437403
2024-12-30 17:43:26.281437,63.57252308158496,75.92917901144872
2024-12-30 17:43:26.281444,79.90926070254503,7.985180078996789
2024-12-30 17:43:26.281450,1.6064409230649113,91.78678551959779
2024-12-30 17:43:26.281457,27.558173383744546,78.56099726249215
2024-12-30 17:43:26.281464,3.364207403380348,0.6650740978606184
2024-12-30 17:43:26.281474,88.6673800746829,97.23404879822614
2024-12-30 17:43:26.281482,64.71820809402958,76.0913330188049
2024-12-30 17:43:26.281489,39.66510307726916,47.92485525490654
2024-12-30 17:43:26.281496,76.75718681124984,60.950900412311114
2024-12-30 17:43:26.281503,33.89249022374806,58.691089068403755
2024-12-30 17:43:26.281509,47.79066537076664,96.78267012363634
2024-12-30 17:43:26.281516,85.05573217335663,42.42674249771946
2024-12-30 17:43:26.281523,11.853076227292114,46.78730502960137
2024-12-30 17:43:26.281530,12.59979137330377,40.463601909457495
2024-12-30 17:43:26.281537,67.27673353021167,29.701484862818482
2024-12-30 17:43:26.281544,16.603810782133664,49.91018911360416
2024-12-30 17:43:26.281551,33.31218262025579,48.52728495221468
2024-12-30 17:43:26.281558,35.20565004917297,44.53258369078886
2024-12-30 17:43:26.281565,57.02512851871801,68.95205319246416
2024-12-30 17:43:26.281573,11.329596240251583,81.23565712049873
2024-12-30 17:43:26.281580,44.366825886187996,69.52578629410345
2024-12-30 17:43:26.281587,83.32242773805226,96.02124771078628
2024-12-30 17:43:26.281594,5.168508913575421,88.67535714823202
2024-12-30 17:43:26.281601,53.98256597777067,3.3224924173265724
2024-12-30 17:43:26.281607,59.244644283361495,32.620922643420904
2024-12-30 17:43:26.281614,17.652586837148533,26.302728620403748
2024-12-30 17:43:26.281621,46.895958669473025,17.003066787443434
2024-12-30 17:43:26.281628,62.44687294355921,61.78946019553607
2024-12-30 17:43:26.281638,58.18510696308537,23.77776846171422
2024-12-30 17:43:26.281646,8.978915316040725,4.3695229556994
2024-12-30 17:43:26.281653,13.008597006888301,20.803133338335066
2024-12-30 17:43:26.281661,89.99918355276499,20.627037157859196
2024-12-30 17:43:26.281668,16.912745516956797,85.43546099920471
2024-12-30 17:43:26.281675,60.85831865526833,20.71212745617824
2024-12-30 17:43:26.281681,0.03007643160077844,63.59765614743116
2024-12-30 17:43:26.281688,10.933864663153969,47.33888946896839
2024-12-30 17:43:26.281695,97.13998260581612,69.20859266459925
2024-12-30 17:43:26.281702,40.24237911913049,15.861481715799442
2024-12-30 17:43:26.281712,6.602693487424672,81.93880171315102
2024-12-30 17:43:26.281720,50.69298012897288,6.871231350435492
2024-12-30 17:43:26.281727,58.55591166596523,6.444553516099516
2024-12-30 17:43:26.281734,13.006463142994884,32.58081348106201
2024-12-30 17:43:26.281741,16.441630291439047,24.74437125358645
2024-12-30 17:43:26.281748,21.285050962030972,40.29489294158803
2024-12-30 17:43:26.281755,30.166162459754254,67.80772486181286
2024-12-30 17:43:26.281762,92.17212781646414,25.779227165643547
2024-12-30 17:43:26.281769,3.838911730823258,94.19970690778382
2024-12-30 17:43:26.281776,99.61218295744854,23.935890378897838
2024-12-30 17:43:26.281787,17.5138739863567,98.04759984101595
2024-12-30 17:43:26.281794,39.724766345782214,42.074785532618996
2024-12-30 17:43:26.281801,27.97589673558506,68.88392775546438
2024-12-30 17:43:26.281811,25.378609239997218,66.1762929143827
2024-12-30 17:43:26.281821,39.46998964559114,85.43543741147101
2024-12-30 17:43:26.281829,97.69835466917985,78.427536936966
2024-12-30 17:43:26.281836,39.11012649941411,93.91547604304724
2024-12-30 17:43:26.281843,90.52059483836472,52.89389454559775
2024-12-30 17:43:26.281850,28.135681323094996,72.0668612912836
2024-12-30 17:43:26.281857,62.725412674554114,68.21687589026486
2024-12-30 17:43:26.281864,44.01457281716067,84.77123728545905
2024-12-30 17:43:26.281871,99.30137461098873,54.641430776844366
2024-12-30 17:43:26.281878,86.03354868896248,31.169830499940097
2024-12-30 17:43:26.281885,31.239229715210413,67.45467185527187
2024-12-30 17:43:26.281892,75.21145715414879,27.720940979448073
2024-12-30 17:43:26.281899,54.67454270139446,75.44098314036741
2024-12-30 17:43:26.281906,40.166794520779135,78.0326217512192
2024-12-30 17:43:26.281913,29.225846955914626,1.3950094552980796
2024-12-30 17:43:26.281920,86.63227604903359,21.15064918284688
2024-12-30 17:43:26.281927,44.181228366746396,19.02179961291316
2024-12-30 17:43:26.281934,14.968146123273907,74.74622918150358
2024-12-30 17:43:26.281941,47.177837687026326,77.3731845531832
2024-12-30 17:43:26.281948,45.52010404432325,15.357542998167872
2024-12-30 17:43:26.281955,33.71801788661672,84.47218602737824
2024-12-30 17:43:26.281962,89.8342852138851,78.34037642460278
2024-12-30 17:43:26.281969,41.15305031854586,27.574000729656866
2024-12-30 17:43:26.281979,3.174384999194735,14.77783617263102
2024-12-30 17:43:26.281987,36.1623035317743,43.98386612329325
2024-12-30 17:43:26.281994,98.64500928173939,50.547758347764216
2024-12-30 17:43:26.282000,25.98090382308448,87.47905081803057
2024-12-30 17:43:26.282008,73.18707380255867,46.84390032062213
2024-12-30 17:43:26.282015,27.882893124813602,39.18022315696098
2024-12-30 17:43:26.282022,88.87042477807839,45.10897370384465
2024-12-30 17:43:26.282029,21.840453379796866,45.90549239327214
2024-12-30 17:43:26.282036,45.116160494599775,79.0737636441933
2024-12-30 17:43:26.282043,14.916501092789735,45.135102646718515
2024-12-30 17:43:26.282050,60.20215166968084,67.14042417156364
2024-12-30 17:43:26.282057,22.816286497109562,49.31848335745216
2024-12-30 17:43:26.282064,81.96150132320399,74.94664961502819
2024-12-30 17:43:26.282071,35.388005844464864,66.54871257362339
2024-12-30 17:43:26.282078,41.916959695792976,28.711793222363756
2024-12-30 17:43:26.282085,89.45310112064449,71.34413010670673
2024-12-30 17:43:26.282092,57.845802149454585,91.87230720228519
2024-12-30 17:43:26.282099,73.45242532174898,33.2072416074501
2024-12-30 17:43:26.282106,57.316528001385755,89.7114229155031
2024-12-30 17:43:26.282114,49.718499824408845,63.33001136377573
2024-12-30 17:43:26.282121,87.51306827667098,56.75447723726431
2024-12-30 17:43:26.282128,5.238794269902325,6.547562569934029
2024-12-30 17:43:26.282135,53.828601534427676,7.5615691677019425
2024-12-30 17:43:26.282145,60.3833246307374,52.65804116536324
2024-12-30 17:43:26.282155,11.468918769812698,60.37087380321764
2024-12-30 17:43:26.282163,48.90855023987469,89.69564725691676
2024-12-30 17:43:26.282170,17.929125901526632,90.89547215108973
2024-12-30 17:43:26.282180,63.65047061336473,69.9658227306278
2024-12-30 17:43:26.282187,43.9868043151568,72.71703528608784
2024-12-30 17:43:26.282194,38.79727951639338,0.8723800108347612
2024-12-30 17:43:26.282202,63.09879442776778,36.375741352615364
2024-12-30 17:43:26.282209,18.77371188474718,69.15432187668563
2024-12-30 17:43:26.282216,47.254828571857075,53.35648278089579
2024-12-30 17:43:26.282224,17.52388166128942,92.51705248193092
2024-12-30 17:43:26.282231,75.72913212318902,61.601302835556226
2024-12-30 17:43:26.282238,43.98790196570095,61.7639534197124
2024-12-30 17:43:26.282245,0.6936725363929974,96.6906303971601
2024-12-30 17:43:26.282252,9.333867274959163,87.37846248774909
2024-12-30 17:43:26.282259,46.145192664901714,60.18737118166955
2024-12-30 17:43:26.282266,70.5739542708439,13.614614175524075
2024-12-30 17:43:26.282273,72.84649978201575,30.157353847211443
2024-12-30 17:43:26.282284,30.18342284824508,19.037134567003477
2024-12-30 17:43:26.282291,37.75941835381832,12.114245667530765
2024-12-30 17:43:26.282299,79.44057247990527,27.841036445561397
2024-12-30 17:43:26.282306,37.883481457794,26.069902069494322
2024-12-30 17:43:26.282313,63.91705562216745,78.43583427784434
2024-12-30 17:43:26.282323,44.23878923350626,83.69744920048026
2024-12-30 17:43:26.282330,41.42616132609797,78.77229449732312
2024-12-30 17:43:26.282337,92.30393876122953,0.9931955042808416
2024-12-30 17:43:26.282345,14.89551548865401,20.361667889796465
2024-12-30 17:43:26.282351,45.980138240763736,6.313039045214719
2024-12-30 17:43:26.282358,85.23126106336824,23.453973618141188
2024-12-30 17:43:26.282366,8.294563713294167,48.9322489813547
2024-12-30 17:43:26.282373,94.87124163398289,24.383466875348535
2024-12-30 17:43:26.282380,58.79552327132455,27.758807188917302
2024-12-30 17:43:26.282388,47.41794796111329,77.10176033717914
2024-12-30 17:43:26.282395,80.74103119774733,14.646329164084094
2024-12-30 17:43:26.282402,40.510445784151614,74.18695793074302
2024-12-30 17:43:26.282409,11.227410913747327,18.68508716793029
2024-12-30 17:43:26.282416,93.60066663628584,0.8252340158430793
2024-12-30 17:43:26.282424,79.42903440667934,30.741627809348536
2024-12-30 17:43:26.282431,4.0450259594709825,28.497176564573923
2024-12-30 17:43:26.282438,86.07758454607716,51.18523915960387
2024-12-30 17:43:26.282445,2.0143897194425553,38.59118621865705
2024-12-30 17:43:26.282452,16.632808614585205,9.963578287263687
2024-12-30 17:43:26.282459,78.92422386349438,13.393102121974355
2024-12-30 17:43:26.282467,55.69205605212648,78.7796373539272
2024-12-30 17:43:26.282474,93.30879380672015,53.058208225724115
2024-12-30 17:43:26.282481,64.1084817639979,99.19222709555578
2024-12-30 17:43:26.282491,84.0102787096503,47.55089867655017
2024-12-30 17:43:26.282499,12.052034107809085,17.784148196949168
2024-12-30 17:43:26.282506,9.112251962768458,94.34396928955448
2024-12-30 17:43:26.282513,18.027790305675396,81.59289927001066
2024-12-30 17:43:26.282520,42.35508238161793,8.157158809731847
2024-12-30 17:43:26.282546,3.0099753288636677,45.69770623720119
2024-12-30 17:43:26.282555,90.709208321108,82.93996958227304
2024-12-30 17:43:26.282562,58.99355321814346,63.82965818761983
2024-12-30 17:43:26.282569,45.291252158346076,14.434827723520415
2024-12-30 17:43:26.282576,20.1284850746805,64.53103454384635
2024-12-30 17:43:26.282583,88.98188236025372,50.03544933903804
2024-12-30 17:43:26.282590,90.27119551509406,16.98064862858709
2024-12-30 17:43:26.282597,34.27610529262596,51.16378284890766
2024-12-30 17:43:26.282604,20.01629891289276,10.294131084021995
2024-12-30 17:43:26.282612,93.2784307855237,32.32319938139073
2024-12-30 17:43:26.282619,19.241637557909296,60.05324149764255
2024-12-30 17:43:26.282626,13.41909425784621,20.68280576896161
2024-12-30 17:43:26.282633,83.02009478111063,53.7196110145455
2024-12-30 17:43:26.282640,16.907310935272022,8.067318256049694
2024-12-30 17:43:26.282647,29.94911949458583,30.47220669325035
2024-12-30 17:43:26.282654,40.88918163439924,89.79599340697693
2024-12-30 17:43:26.282664,68.32980279487985,46.227077817133
2024-12-30 17:43:26.282672,34.84455003716385,41.254365210188396
2024-12-30 17:43:26.282682,58.00401953307721,54.427670928759895
2024-12-30 17:43:26.282690,79.66158151752994,62.82154155820218
2024-12-30 17:43:26.282698,24.62078160480242,95.1033039595794
2024-12-30 17:43:26.282705,53.863907319709114,4.368524596212742
2024-12-30 17:43:26.282712,66.64405138957716,38.60700949894294
2024-12-30 17:43:26.282719,72.84603850270088,87.32800827521909
2024-12-30 17:43:26.282726,88.21607814251483,77.48166288423116
2024-12-30 17:43:26.282733,83.69503647473874,82.29880849815142
2024-12-30 17:43:26.282740,57.87279201099286,80.87000437201723
2024-12-30 17:43:26.282747,23.947454204986553,72.97332335042884
2024-12-30 17:43:26.282754,74.9605633608467,13.736413294889305
2024-12-30 17:43:26.282761,87.5282723373004,39.130094309444274
2024-12-30 17:43:26.282772,93.03507171957752,53.672259849053795
2024-12-30 17:43:26.282780,53.438679376811436,71.79931206505175
2024-12-30 17:43:26.282787,48.38980023326918,40.35443884421747
2024-12-30 17:43:26.282794,23.09491736790339,27.785430748430073
2024-12-30 17:43:26.282801,49.97084934717567,54.75755936673542
2024-12-30 17:43:26.282808,73.40692577893353,15.132580942715402
2024-12-30 17:43:26.282815,10.194087958525866,88.936140873708
2024-12-30 17:43:26.282822,96.12245657573251,29.911014877470055
2024-12-30 17:43:26.282829,38.76337275098536,21.054323513915662
2024-12-30 17:43:26.282836,7.908042462668452,84.95969222259703
2024-12-30 17:43:26.282843,38.50487278061798,1.276555371059973
2024-12-30 17:43:26.282853,4.495467949870413,61.646638719882304
2024-12-30 17:43:26.282861,47.123405557276264,29.247232111454057
2024-12-30 17:43:26.282868,12.929370091530057,47.189088610445104
2024-12-30 17:43:26.282875,16.53602976090148,45.870709224617954
2024-12-30 17:43:26.282882,84.63128214483659,39.64834281143074
2024-12-30 17:43:26.282890,34.414511738886276,81.84914693937635
2024-12-30 17:43:26.282897,87.91896980626046,54.102135461395605
2024-12-30 17:43:26.282904,6.475116732707342,13.11778115580834
2024-12-30 17:43:26.282911,21.027128986990263,52.69133963046111
2024-12-30 17:43:26.282921,91.68821275738573,48.718930163683396
2024-12-30 17:43:26.282928,75.2730342464071,49.33998242895182
2024-12-30 17:43:26.282935,15.955649583845178,70.85113797876998
2024-12-30 17:43:26.282942,43.937368530799795,87.77555316317796
2024-12-30 17:43:26.282950,60.91220393493321,29.119172623617295
2024-12-30 17:43:26.282957,14.239469550140694,93.41307401843196
2024-12-30 17:43:26.282964,35.27812785457948,0.6038482463694206
2024-12-30 17:43:26.282971,81.21804753601573,39.8170652303367
2024-12-30 17:43:26.282978,63.92138519307922,36.42080917094038
2024-12-30 17:43:26.282985,5.76307773359609,36.246890032493795
2024-12-30 17:43:26.282992,30.070239703728774,26.14941796775755
2024-12-30 17:43:26.282999,37.96289832997347,7.068226647560982
2024-12-30 17:43:26.283006,60.30466907102458,72.96858125402194
2024-12-30 17:43:26.283013,99.73043786856489,43.90276500326446
2024-12-30 17:43:26.283022,63.850745879830704,73.52215841151889
2024-12-30 17:43:26.283031,74.88681160940301,42.24624412655593
2024-12-30 17:43:26.283038,70.30190135740382,35.69577988283265
2024-12-30 17:43:26.283045,25.42106819156912,65.99209231413072
2024-12-30 17:43:26.283052,59.128672527311245,91.22775298308837
2024-12-30 17:43:26.283059,89.89002205250027,30.110103958030077
2024-12-30 17:43:26.283066,54.74171220825952,26.455677335030792
2024-12-30 17:43:26.283073,31.103466659171673,76.0510995602567
2024-12-30 17:43:26.283081,70.81583201511594,54.557741601917044
2024-12-30 17:43:26.283088,75.41362258563285,37.13362817681386
2024-12-30 17:43:26.283095,29.888819957688305,7.004608689315683
2024-12-30 17:43:26.283102,85.09704054187478,81.32830320118384
2024-12-30 17:43:26.283109,78.33018407682134,2.5120046079430525
2024-12-30 17:43:26.283135,24.6451031033307,67.1672289592032
2024-12-30 17:43:26.283144,54.67017292861471,43.335151049429385
2024-12-30 17:43:26.283155,15.686692048345641,65.08595620946265
2024-12-30 17:43:26.283163,85.49863211740008,42.338782967900556
2024-12-30 17:43:26.283170,38.992357245070544,45.95406143075762
2024-12-30 17:43:26.283177,53.849447698028364,52.0408649443288
2024-12-30 17:43:26.283184,40.520491562452335,6.299199721907556
2024-12-30 17:43:26.283191,88.28673630893358,63.981932351857786
2024-12-30 17:43:26.283198,1.645263973393818,40.02548123294448
2024-12-30 17:43:26.283205,28.23038510689332,37.07579417382419
2024-12-30 17:43:26.283215,19.96113671012445,4.33966401735808
2024-12-30 17:43:26.283222,56.01327156335265,62.48042239371463
2024-12-30 17:43:26.283230,84.75598411757876,37.452111083943684
2024-12-30 17:43:26.283237,88.35823741264126,74.20616904229142
2024-12-30 17:43:26.283244,62.29681367561295,14.495576704284296
2024-12-30 17:43:26.283251,36.40143386671079,45.149087112438444
2024-12-30 17:43:26.283261,90.49451771899145,78.82396475231315
2024-12-30 17:43:26.283269,0.5465610862972259,91.1097183740237
2024-12-30 17:43:26.283275,68.61334131356051,27.440137604539327
2024-12-30 17:43:26.283283,15.938402509015681,81.68377787043765
2024-12-30 17:43:26.283290,64.68619258602145,57.92264090547354
2024-12-30 17:43:26.283297,13.68458255074405,27.762923489644955
2024-12-30 17:43:26.283304,23.95172205597833,8.60016616497451
2024-12-30 17:43:26.283314,91.23177334209534,5.828832818925179
2024-12-30 17:43:26.283321,50.35218448037878,59.170559666602195
2024-12-30 17:43:26.283329,7.291323776711733,92.92066267761658
2024-12-30 17:43:26.283336,37.742636807719165,50.11513747407543
2024-12-30 17:43:26.283343,8.454186042359002,87.37852514353872
2024-12-30 17:43:26.283350,10.82712749320044,83.58637131593984
2024-12-30 17:43:26.283357,24.320373762873615,31.84962061308656
2024-12-30 17:43:26.283364,46.16617448945966,99.92907946388377
2024-12-30 17:43:26.283371,46.1598033951229,55.443398503196505
2024-12-30 17:43:26.283378,25.018903836452022,48.48039382245386
2024-12-30 17:43:26.283388,48.15142753921583,3.3601198126328224
2024-12-30 17:43:26.283396,34.48673408507942,30.25872125918385
2024-12-30 17:43:26.283403,92.63740016839395,9.315746841880534
2024-12-30 17:43:26.283410,18.847947762293373,65.13078058659822
2024-12-30 17:43:26.283417,2.768767186504717,54.396162395510004
2024-12-30 17:43:26.283425,27.21923739623666,15.154397424580745
2024-12-30 17:43:26.283432,32.46040753866427,20.695672929416297
2024-12-30 17:43:26.283439,51.54191315461441,23.626348490586256
2024-12-30 17:43:26.283446,8.465254059724636,56.70203891628416
2024-12-30 17:43:26.283453,92.9656947772812,9.658147633072133
2024-12-30 17:43:26.283460,70.5997635176383,59.6022795365459
2024-12-30 17:43:26.283467,91.38961049523259,32.42400936427076
2024-12-30 17:43:26.283475,70.6601030813635,90.18946463698086
2024-12-30 17:43:26.283482,31.986275372686656,55.346120644689044
2024-12-30 17:43:26.283490,70.85840511678197,76.58854764772964
2024-12-30 17:43:26.283497,77.98070504954293,0.7982888333748939
2024-12-30 17:43:26.283504,28.235143387733043,41.49841428725056
2024-12-30 17:43:26.283512,50.50782905643075,40.62167342616908
2024-12-30 17:43:26.283519,84.03045619620805,85.00381187562304
2024-12-30 17:43:26.283527,44.282110145518686,69.96489388730036
2024-12-30 17:43:26.283534,53.9958801258612,82.36529596877496
2024-12-30 17:43:26.283541,65.48397000642933,24.051155653876023
2024-12-30 17:43:26.283548,80.75006378271662,26.550192634057158
2024-12-30 17:43:26.283558,15.087410183216289,6.362506462037776
2024-12-30 17:43:26.283566,53.328460998618525,46.5754341713429
2024-12-30 17:43:26.283573,32.701638778957296,41.94612347484252
2024-12-30 17:43:26.283580,80.6607338432356,2.680262830894886
2024-12-30 17:43:26.283587,87.19577880667501,7.6393928479559055
2024-12-30 17:43:26.283594,72.59333071462741,55.43702450005335
2024-12-30 17:43:26.283601,56.04317103823837,98.42979110229642
2024-12-30 17:43:26.283608,81.77054942058989,23.31941494834292
2024-12-30 17:43:26.283615,98.71876385039891,71.3588770797927
2024-12-30 17:43:26.283625,85.48127223168166,69.80618220265345
2024-12-30 17:43:26.283633,22.59720866729811,49.91111717116633
2024-12-30 17:43:26.283640,70.69354277121734,53.635791698187575
2024-12-30 17:43:26.283647,63.38983625615098,23.069843470904814
2024-12-30 17:43:26.283655,99.07238611224335,86.23000849926356
2024-12-30 17:43:26.283662,61.37928296482339,97.29980014524634
2024-12-30 17:43:26.283669,5.394865377242997,20.863881029636932
2024-12-30 17:43:26.283676,19.712635225225284,4.134760161716223
2024-12-30 17:43:26.283686,48.21657000502686,4.929372129875043
2024-12-30 17:43:26.283693,44.922310957693114,28.107969721390603
2024-12-30 17:43:26.283700,98.58241964990508,33.56384030918329
2024-12-30 17:43:26.283707,34.95504312885949,79.527542851758
2024-12-30 17:43:26.283714,93.3288968676081,26.86929607488544
2024-12-30 17:43:26.283721,51.10076077046137,38.29280937228421
2024-12-30 17:43:26.283734,68.27526456475674,27.052307793047447
2024-12-30 17:43:26.283742,18.38223459277636,62.36336734924407
2024-12-30 17:43:26.283749,26.962273885371467,3.5176059034707996
2024-12-30 17:43:26.283756,55.561279837592494,87.3957251438365
2024-12-30 17:43:26.283763,86.99334314401351,63.756799319129975
2024-12-30 17:43:26.283770,70.68856204910612,61.051590576281434
2024-12-30 17:43:26.283777,24.22222333971161,47.796344102228375
2024-12-30 17:43:26.283785,49.231335786834244,29.3157373651438
2024-12-30 17:43:26.283792,11.060341978449395,76.83556691107282
2024-12-30 17:43:26.283799,28.1474545543552,18.44369334693524
2024-12-30 17:43:26.283806,42.45145046737604,34.87699288183074
2024-12-30 17:43:26.283813,12.063643566134974,26.902747749300172
2024-12-30 17:43:26.283820,2.1483688564358117,78.345636222252
2024-12-30 17:43:26.283827,21.396386463815453,25.258180611238267
2024-12-30 17:43:26.283834,16.871857561407133,49.0177745431172
2024-12-30 17:43:26.283841,48.405918839061776,80.27255559912447
2024-12-30 17:43:26.283851,14.365846256844883,80.63339323471162
2024-12-30 17:43:26.283859,85.55961276757262,88.22783882896522
2024-12-30 17:43:26.283865,90.48833943062942,2.892844584178411
2024-12-30 17:43:26.283872,63.13886354206771,43.22300933459435
2024-12-30 17:43:26.283879,9.949745731794124,37.60512567980072
2024-12-30 17:43:26.283886,24.960133969494123,17.474381052827002
2024-12-30 17:43:26.283893,14.163760790102753,61.29816127625665
2024-12-30 17:43:26.283903,16.14945792294684,30.140677009825502
2024-12-30 17:43:26.283911,45.17086176205716,86.53304164229272
2024-12-30 17:43:26.283918,56.34225009932351,95.79452440540742
2024-12-30 17:43:26.283925,27.59195055215573,67.64639458612334
2024-12-30 17:43:26.283932,58.355585544874536,85.1430185298454
2024-12-30 17:43:26.283939,73.37358205979294,72.88978156467596
2024-12-30 17:43:26.283946,55.907575344744096,34.69763118778949
2024-12-30 17:43:26.283953,99.64932690115401,79.028453314962
2024-12-30 17:43:26.283960,95.63798195567877,29.993964396275217
2024-12-30 17:43:26.283967,45.762367176592754,23.652858039816525
2024-12-30 17:43:26.283974,69.04016140321862,84.61280575052363
2024-12-30 17:43:26.283999,73.30121090257052,90.66820832492097
2024-12-30 17:43:26.284005,73.02585842174935,81.59474607955515
2024-12-30 17:43:26.284012,22.364255367740626,20.685416907461686
2024-12-30 17:43:26.284019,23.982192320405925,36.90727841099681
2024-12-30 17:43:26.284025,12.379153573902235,45.66449130428219
2024-12-30 17:43:26.284032,36.532868352117156,67.09169607015197
2024-12-30 17:43:26.284039,64.84257636426834,78.3298267465082
2024-12-30 17:43:26.284046,97.46955671247542,9.348718908435638
2024-12-30 17:43:26.284052,2.076448235846373,99.34068551328473
2024-12-30 17:43:26.284059,34.8003841177672,73.22741823026882
2024-12-30 17:43:26.284069,17.51803816406983,52.10734468444341
2024-12-30 17:43:26.284076,15.983873320583275,19.94841940571571
2024-12-30 17:43:26.284085,6.704062701460611,29.814595261472554
2024-12-30 17:43:26.284093,9.640305188242026,7.797316191323822
2024-12-30 17:43:26.284100,4.291668354289236,92.97590285823298
2024-12-30 17:43:26.284110,62.46666643899784,12.11947465144705
2024-12-30 17:43:26.284118,89.85599581436159,68.55614686129474
2024-12-30 17:43:26.284125,57.47679553975178,45.623566408701855
2024-12-30 17:43:26.284132,35.69681767337656,27.207053006837477
2024-12-30 17:43:26.284139,41.91528080635658,59.16930600860088
2024-12-30 17:43:26.284145,40.01086090290745,76.07501408455494
2024-12-30 17:43:26.284152,7.748010686595919,21.179851174450913
2024-12-30 17:43:26.284159,53.151401337829384,10.506534006272528
2024-12-30 17:43:26.284165,55.8683383550189,88.26673846744157
2024-12-30 17:43:26.284172,40.80634812891913,70.85762637664556
2024-12-30 17:43:26.284179,33.6012079236276,70.35109314073269
2024-12-30 17:43:26.284186,78.82135984318424,38.28275903142363
2024-12-30 17:43:26.284192,23.12753332705372,49.870076175452226
2024-12-30 17:43:26.284201,45.500265271944954,37.110320415951506
2024-12-30 17:43:26.284211,61.15009551529602,92.83167633592382
2024-12-30 17:43:26.284218,58.738210769072566,14.392895703529785
2024-12-30 17:43:26.284225,11.888299310032357,40.5090848657635
2024-12-30 17:43:26.284232,90.73078450710004,0.43247589558890187
2024-12-30 17:43:26.284239,16.110591530011988,43.327237547980026
2024-12-30 17:43:26.284246,98.47166693299447,84.2223115223969
2024-12-30 17:43:26.284256,14.646294327108745,56.814905656805045
2024-12-30 17:43:26.284263,24.609611850460666,93.6847298741681
2024-12-30 17:43:26.284270,73.00420680306183,31.39979846870832
2024-12-30 17:43:26.284276,40.277436555980486,91.6317148468966
2024-12-30 17:43:26.284283,89.457189574627,67.33727193935405
2024-12-30 17:43:26.284290,10.737345746922077,67.65427988828992
2024-12-30 17:43:26.284297,38.86225658319632,74.43480579215105
2024-12-30 17:43:26.284303,50.82750352141875,71.52735807257478
2024-12-30 17:43:26.284310,82.67210414911843,46.70216651834905
2024-12-30 17:43:26.284317,28.27795240544636,22.550025161165678
2024-12-30 17:43:26.284324,35.972323149725185,67.89494429395307
2024-12-30 17:43:26.284331,89.2194145129169,11.967858824953604
2024-12-30 17:43:26.284338,50.61194555562252,88.38274192820481
2024-12-30 17:43:26.284344,59.89185523797397,19.253619957828572
2024-12-30 17:43:26.284351,29.807562266438193,96.9652471712171
2024-12-30 17:43:26.284358,47.78145410480105,47.10860291845342
2024-12-30 17:43:26.284365,71.93521969346357,98.38759775378759
2024-12-30 17:43:26.284371,43.84243280358232,1.8477742999068014
2024-12-30 17:43:26.284378,35.23309867524805,60.74244395227962
2024-12-30 17:43:26.284385,49.90153255085599,44.410302755023956
2024-12-30 17:43:26.284391,83.92332535403649,57.65585046983923
2024-12-30 17:43:26.284398,60.90456959084579,50.406087084271014
2024-12-30 17:43:26.284405,97.18504418633431,43.87357374131472
2024-12-30 17:43:26.284414,31.244166439885834,31.000043311395263
2024-12-30 17:43:26.284422,52.00219053994661,25.6945549434889
2024-12-30 17:43:26.284432,87.43967742122256,2.853702818577497
2024-12-30 17:43:26.284439,43.67417435648954,12.868888103383158
2024-12-30 17:43:26.284446,98.74001709315175,81.12490183006095
2024-12-30 17:43:26.284452,19.76179341587878,35.12867288085295
2024-12-30 17:43:26.284459,60.912899702139796,90.93346232027665
2024-12-30 17:43:26.284466,93.25774254302142,65.80381753595196
2024-12-30 17:43:26.284472,22.881386055638853,2.5850688869562655
2024-12-30 17:43:26.284479,86.86093818544765,0.8837899491761836
2024-12-30 17:43:26.284486,50.284860023851316,10.826879418395585
2024-12-30 17:43:26.284493,6.78302074546584,66.4669831480237
2024-12-30 17:43:26.284499,2.491758511894804,52.825078198171646
2024-12-30 17:43:26.284506,47.543956361831455,0.43909954462773015
2024-12-30 17:43:26.284513,59.50298246562235,35.69063146380619
2024-12-30 17:43:26.284520,64.73847514649765,27.83578879135069
2024-12-30 17:43:26.284527,48.45710680474611,18.0353452767115
2024-12-30 17:43:26.284534,87.15074616014576,47.280292957039414
2024-12-30 17:43:26.284541,72.61646015998477,82.2076260554172
2024-12-30 17:43:26.284548,87.13505664249391,26.28120465258945
2024-12-30 17:43:26.284558,53.596762950742075,64.62074654730672
2024-12-30 17:43:26.284565,11.155636061340823,32.19853681387255
2024-12-30 17:43:26.284572,14.657191234603351,1.6733313348973544
2024-12-30 17:43:26.284582,34.40051694451904,13.108114049413278
2024-12-30 17:43:26.284590,30.833203800546084,39.58801294690064
2024-12-30 17:43:26.284597,30.90191806297623,72.99467638116649
2024-12-30 17:43:26.284603,18.99844925664479,24.3839489489889
2024-12-30 17:43:26.284610,69.33339152079071,47.15873290907637
2024-12-30 17:43:26.284617,13.433123996549712,72.7024562648699
2024-12-30 17:43:26.284624,14.76571153657462,82.05647232958059
2024-12-30 17:43:26.284631,31.63708436484751,71.93222508034157
2024-12-30 17:43:26.284638,74.42303250108012,70.80432038592126
2024-12-30 17:43:26.284645,84.35411667203391,5.869100329913046
2024-12-30 17:43:26.284651,38.94389115087807,73.28954080422493
2024-12-30 17:43:26.284673,0.21539328206702235,78.77786695748868
2024-12-30 17:43:26.284680,41.640239511105634,56.01540483768163
2024-12-30 17:43:26.284687,79.61503408215064,10.387081209945126
2024-12-30 17:43:26.284694,3.5515863328836828,32.452469229001665
2024-12-30 17:43:26.284701,45.74417241078748,95.03770628206459
2024-12-30 17:43:26.284707,82.78570798926856,90.52011913059232
2024-12-30 17:43:26.284714,35.038500513280546,54.2921811323423
2024-12-30 17:43:26.284721,77.4501086702968,91.01062459652589
2024-12-30 17:43:26.284728,40.693855381932785,58.54882782501457
2024-12-30 17:43:26.284735,96.08172710912811,58.460947532316375
2024-12-30 17:43:26.284741,73.87812293637985,46.28301968332271
2024-12-30 17:43:26.284748,15.79542991151397,12.32932535181116
2024-12-30 17:43:26.284757,87.71541401986123,52.11273218279114
2024-12-30 17:43:26.284765,92.27245433436651,12.716821173928905
2024-12-30 17:43:26.284772,94.20389041846778,99.7690266159624
2024-12-30 17:43:26.284779,70.17766622711274,16.3930883051029
2024-12-30 17:43:26.284785,63.28945424402277,53.15587573269605
2024-12-30 17:43:26.284792,42.96317443348512,39.86086116697093
2024-12-30 17:43:26.284801,15.710227704773994,95.15006108197672
2024-12-30 17:43:26.284809,90.70154103420354,27.284258813924055
2024-12-30 17:43:26.284816,55.635654009698186,86.04165906866605
2024-12-30 17:43:26.284822,92.67773156071314,48.06191583660811
2024-12-30 17:43:26.284829,92.56978402889825,32.90628505723278
2024-12-30 17:43:26.284836,69.82447097439406,34.42223278097186
2024-12-30 17:43:26.284843,67.46824473852455,39.68402554723829
2024-12-30 17:43:26.284850,56.009059404644155,36.32017400538087
2024-12-30 17:43:26.284857,70.01879563513353,1.745266371015508
2024-12-30 17:43:26.284864,14.751095897372334,20.07933928878698
2024-12-30 17:43:26.284871,84.72268130835037,83.8947660752092
2024-12-30 17:43:26.284877,45.38257039202539,39.43309885484493
2024-12-30 17:43:26.284884,89.80243544514454,9.489539943136304
2024-12-30 17:43:26.284891,63.790401428756915,95.13313838135996
2024-12-30 17:43:26.284898,93.70315657158147,34.08312235849537
2024-12-30 17:43:26.284905,55.850626882209056,96.07186952875301
2024-12-30 17:43:26.284911,9.677655514705686,65.30096394095169
2024-12-30 17:43:26.284920,73.01439326546665,27.778713274711244
2024-12-30 17:43:26.284928,59.9943470786848,87.7874956848232
2024-12-30 17:43:26.284935,78.11065156731664,67.2393304932768
2024-12-30 17:43:26.284959,84.88757402705005,64.25033288652664
2024-12-30 17:43:26.284966,15.66590768373416,19.449258483923415
2024-12-30 17:43:26.284973,18.742246633551762,14.556290112547698
2024-12-30 17:43:26.284980,32.14057935517142,37.95261032297017
2024-12-30 17:43:26.284987,31.839901220101275,36.26283528219649
2024-12-30 17:43:26.284994,96.21678443166789,72.83607807199841
2024-12-30 17:43:26.285001,40.823922327948246,89.11409921550474
2024-12-30 17:43:26.285008,36.06711460852717,23.145629508779685
2024-12-30 17:43:26.285015,21.27151200863896,84.46335048070678
2024-12-30 17:43:26.285022,47.93156406105368,60.35457508660673
2024-12-30 17:43:26.285029,70.61077161369698,49.83189802369273
2024-12-30 17:43:26.285039,87.85149958789589,24.99215295725974
2024-12-30 17:43:26.285047,61.65252171892808,88.90161014713517
2024-12-30 17:43:26.285054,98.35554372327799,20.034758380060048
2024-12-30 17:43:26.285061,88.09605569137796,38.678850215331614
2024-12-30 17:43:26.285068,43.32557645499635,90.75356930105501
2024-12-30 17:43:26.285075,36.915866656642216,13.983372836415253
2024-12-30 17:43:26.285082,30.822575446589383,96.48667935248426
2024-12-30 17:43:26.285088,1.1192207756760664,15.76005068399886
2024-12-30 17:43:26.285095,37.71855971082617,80.25413880113031
2024-12-30 17:43:26.285105,69.99701599506648,0.600876531654515
2024-12-30 17:43:26.285112,88.84825730306424,80.35790039162
2024-12-30 17:43:26.285120,48.51245261394402,15.252621860781035
2024-12-30 17:43:26.285127,89.90159981874358,31.767565352061066
2024-12-30 17:43:26.285134,2.0434145179032748,86.13124778826993
2024-12-30 17:43:26.285144,4.600076120067554,2.5394452439298942
2024-12-30 17:43:26.285152,4.452858202366283,27.67239004498454
2024-12-30 17:43:26.285159,17.732847957864262,57.892951990550635
2024-12-30 17:43:26.285166,38.71228380163365,45.60159034213045
2024-12-30 17:43:26.285173,37.98682372839794,5.715639428546348
2024-12-30 17:43:26.285183,41.58830219855728,94.75928270574752
2024-12-30 17:43:26.285191,16.483962925236952,17.832541741867878
2024-12-30 17:43:26.285198,35.338209181939696,94.81321424063322
2024-12-30 17:43:26.285205,76.2359686849162,22.024833136461897
2024-12-30 17:43:26.285212,30.36965805610525,9.091221460758836
2024-12-30 17:43:26.285219,13.665542377791862,71.55526156179545
2024-12-30 17:43:26.285226,34.27737983226432,2.8399279331604577
2024-12-30 17:43:26.285233,67.72022245841784,82.72342975339222
2024-12-30 17:43:26.285240,89.23781447498759,15.943057114607019
2024-12-30 17:43:26.285247,41.37111676318046,9.970005150968497
2024-12-30 17:43:26.285254,29.505907919075646,30.103481582278647
2024-12-30 17:43:26.285261,47.0722592760181,38.99384955750832
2024-12-30 17:43:26.285268,32.46716724817061,68.065028688397
2024-12-30 17:43:26.285277,25.530590349276217,84.8706107389966
2024-12-30 17:43:26.285285,21.1203867850436,2.892613538382516
2024-12-30 17:43:26.285292,75.35876637982552,33.3899889958965
2024-12-30 17:43:26.285299,4.166818996837273,14.030670480926766
2024-12-30 17:43:26.285306,28.940839177589915,88.26110961215618
2024-12-30 17:43:26.285313,87.87777156737215,42.42220895771421
2024-12-30 17:43:26.285320,48.83291332877682,57.449775150095185
2024-12-30 17:43:26.285328,6.718476558731301,82.81640574047047
2024-12-30 17:43:26.285335,14.962392913622812,84.52922577307659
2024-12-30 17:43:26.285342,63.48184445635404,77.7877526657133
2024-12-30 17:43:26.285349,1.410666473051403,17.524609750206956
2024-12-30 17:43:26.285356,67.70456676215693,2.1342962002138477
2024-12-30 17:43:26.285363,57.326785921040454,30.871089457963883
2024-12-30 17:43:26.285370,79.80276985008787,43.44637115995379
2024-12-30 17:43:26.285377,58.33603086627347,14.661842108817535
2024-12-30 17:43:26.285384,7.362554176670044,25.354153535660718
2024-12-30 17:43:26.285392,51.866620459298275,29.65010987398791
2024-12-30 17:43:26.285399,5.009744862406196,67.39627695794191
2024-12-30 17:43:26.285406,90.23888659271093,24.31250630185533
2024-12-30 17:43:26.285413,74.40359764708842,67.43847666738087
2024-12-30 17:43:26.285420,22.653964780690472,31.39117457785333
2024-12-30 17:43:26.285427,43.28663417587273,94.78272436739186
2024-12-30 17:43:26.285434,66.78900584062357,79.45262335099035
2024-12-30 17:43:26.285443,65.7332270501839,52.63758789809595
2024-12-30 17:43:26.285451,27.832388218932213,82.38278129605013
2024-12-30 17:43:26.285458,79.45627666438449,2.306572464348733
2024-12-30 17:43:26.285465,62.72771285614369,70.6733806879348
2024-12-30 17:43:26.285472,23.245529056610458,31.48313354103579
2024-12-30 17:43:26.285479,6.793706408010802,55.14488354758236
2024-12-30 17:43:26.285486,17.17445518613664,55.01696295212807
2024-12-30 17:43:26.285493,96.26478539008706,74.28499321546262
2024-12-30 17:43:26.285504,82.64937168272697,99.65679143377619
2024-12-30 17:43:26.285511,72.7342397227656,99.36701684839878
2024-12-30 17:43:26.285518,75.93735926117238,67.36257459963537
2024-12-30 17:43:26.285525,43.58739392094046,77.55097349425617
2024-12-30 17:43:26.285532,38.57945123341817,69.33001295990725
2024-12-30 17:43:26.285539,33.833012414705046,70.63939961871874
2024-12-30 17:43:26.285549,89.89825108184854,77.88097404595624
2024-12-30 17:43:26.285557,11.250487918442541,7.909029362179664
2024-12-30 17:43:26.285564,21.070363524071055,82.00355619245913
2024-12-30 17:43:26.285571,22.03204970597862,52.43536772385941
2024-12-30 17:43:26.285578,74.86568775898428,78.65120976462833
2024-12-30 17:43:26.285585,40.70100013122083,21.52671143874223
2024-12-30 17:43:26.285592,49.642076465761654,6.000081409186264
2024-12-30 17:43:26.285599,89.5085783808439,67.53145084339634
2024-12-30 17:43:26.285610,18.065956039502662,34.35196203105665
2024-12-30 17:43:26.285620,43.337056574005295,20.141626492057586
2024-12-30 17:43:26.285628,88.50747871333161,40.26345314536866
2024-12-30 17:43:26.285635,93.34401360050147,12.678763724698982
2024-12-30 17:43:26.285642,47.30975060124268,41.34274776089043
2024-12-30 17:43:26.285649,15.452785866662133,52.100275735199794
2024-12-30 17:43:26.285656,74.55004259664665,36.83854370788562
2024-12-30 17:43:26.285664,52.03995118381647,18.841379765641964
2024-12-30 17:43:26.285671,77.7256429978062,55.388952557438664
2024-12-30 17:43:26.285678,50.335660948731054,72.86550065833912
2024-12-30 17:43:26.285685,27.668037464948515,74.41664122224006
2024-12-30 17:43:26.285692,28.284478349069076,57.988726270217775
2024-12-30 17:43:26.285699,61.579004172173605,34.834648513074875
2024-12-30 17:43:26.285706,70.88456428516967,71.3885628675383
2024-12-30 17:43:26.285713,49.08146089567964,76.09018770923588
2024-12-30 17:43:26.285720,18.09691548861473,70.80677611068012
2024-12-30 17:43:26.285727,88.82496927888816,47.02782522593915
2024-12-30 17:43:26.285734,39.08650151278309,79.48969669018308
2024-12-30 17:43:26.285741,96.89474840061541,92.57497681334243
2024-12-30 17:43:26.285749,57.413980626756015,9.917817210036706
2024-12-30 17:43:26.285756,90.98475053429638,55.4133366283321
2024-12-30 17:43:26.285763,57.676387444873214,56.7696178827103
2024-12-30 17:43:26.285770,75.45881979884848,44.112989547479245
2024-12-30 17:43:26.285777,38.89486262355902,25.568809910086422
2024-12-30 17:43:26.285787,68.31872082327953,76.04305307993407
2024-12-30 17:43:26.285794,81.78248094590977,96.09959728889767
2024-12-30 17:43:26.285801,40.337507175718734,51.37262272909856
2024-12-30 17:43:26.285808,59.61267670717385,69.86117312215049
2024-12-30 17:43:26.285816,11.600996866509195,76.87150380084013
2024-12-30 17:43:26.285823,24.593434819728532,27.735249538053143
2024-12-30 17:43:26.285830,64.18623416066475,30.37678278017657
2024-12-30 17:43:26.285837,84.02137716468945,30.239634884494183
2024-12-30 17:43:26.285844,93.49836297966085,68.7075086373483
2024-12-30 17:43:26.285851,30.202069604900185,24.77417529719301
2024-12-30 17:43:26.285858,79.76227586856623,62.17952889883958
2024-12-30 17:43:26.285865,57.332898609082484,76.91252535008452
2024-12-30 17:43:26.285872,48.85742419288568,27.864470477846936
2024-12-30 17:43:26.285879,91.35024978291703,38.10991934259829
2024-12-30 17:43:26.285886,49.84404285842401,9.981350158367563
2024-12-30 17:43:26.285893,86.7254484087237,57.635564401660865
2024-12-30 17:43:26.285900,14.080769698631212,53.440204298067265
2024-12-30 17:43:26.285906,5.998317704826583,72.24713492963375
2024-12-30 17:43:26.285916,35.133196976264294,27.97038937716595
2024-12-30 17:43:26.285924,72.31745309454935,24.273263212424602
2024-12-30 17:43:26.285931,11.984996836197915,1.1660686375162599
2024-12-30 17:43:26.285955,54.0691139530313,54.10193823684102
2024-12-30 17:43:26.285962,68.87960566044599,74.79114055125805
2024-12-30 17:43:26.285971,60.66358562503867,56.57095905005377
2024-12-30 17:43:26.285979,54.08082749437115,67.69670062991561
2024-12-30 17:43:26.285989,86.22873537849797,36.999040959750026
2024-12-30 17:43:26.285996,19.339193448695692,39.283413619773334
2024-12-30 17:43:26.286002,0.9110400073807812,6.721502802340695
2024-12-30 17:43:26.286009,28.796357279738782,84.60155695048851
2024-12-30 17:43:26.286016,47.91145023162596,9.986818529012254
2024-12-30 17:43:26.286023,95.99369068303417,25.64020063845287
2024-12-30 17:43:26.286030,64.24649024218314,55.71520792232724
2024-12-30 17:43:26.286037,42.207363370693415,24.119043750577653
2024-12-30 17:43:26.286043,48.834886075716874,44.62307473786523
2024-12-30 17:43:26.286050,32.11806425992807,87.51733033296287
2024-12-30 17:43:26.286057,21.54431176712629,0.289511213499527
2024-12-30 17:43:26.286064,35.63543229005646,29.195265503657875
2024-12-30 17:43:26.286071,70.96807146069072,81.24466035078507
2024-12-30 17:43:26.286078,47.73706470970202,11.116477326281892
2024-12-30 17:43:26.286088,63.67927788090088,97.18442322340967
2024-12-30 17:43:26.286095,15.363807528229767,27.883383323990763
2024-12-30 17:43:26.286101,39.88165314896981,19.198150904836897
2024-12-30 17:43:26.286108,47.2711938408863,84.99862881525895
2024-12-30 17:43:26.286115,69.51445180271318,5.589438702997707
2024-12-30 17:43:26.286122,36.646390630825664,94.94995048397087
2024-12-30 17:43:26.286128,7.134964103406782,12.9029332065018
2024-12-30 17:43:26.286137,7.182107027217633,24.497952935243816
2024-12-30 17:43:26.286145,1.6976599842743578,62.425717952807766
2024-12-30 17:43:26.286152,98.02573221228512,11.870068477239615
2024-12-30 17:43:26.286159,26.265919035599474,61.31749081091807
2024-12-30 17:43:26.286166,93.61100989233613,6.643868826854915
2024-12-30 17:43:26.286172,73.16297924854447,21.020116462923433
2024-12-30 17:43:26.286179,66.43928699969125,67.86000718863063
2024-12-30 17:43:26.286186,10.679293678128577,55.14127120737319
2024-12-30 17:43:26.286193,43.30595853925065,58.80846994538401
2024-12-30 17:43:26.286199,66.18074253805464,54.237227659779386
2024-12-30 17:43:26.286206,6.551374505111907,43.319195513691376
2024-12-30 17:43:26.286213,68.55323884135174,96.06753056369567
2024-12-30 17:43:26.286219,40.810564819143416,83.41431065081665
2024-12-30 17:43:26.286226,84.29501562556278,11.064707574418176
2024-12-30 17:43:26.286233,52.791112807438836,81.44891112900214
2024-12-30 17:43:26.286240,30.501591524033422,45.468697978880954
2024-12-30 17:43:26.286247,50.3916344021184,52.44998585721683
2024-12-30 17:43:26.286254,5.078035559319383,76.20728461269373
2024-12-30 17:43:26.286261,77.89382215863814,15.436010142591261
2024-12-30 17:43:26.286268,43.227575101238834,86.04194747861074
2024-12-30 17:43:26.286274,88.43996200343976,58.08925281045556
2024-12-30 17:43:26.286281,48.014222445997646,35.19928488753335
2024-12-30 17:43:26.286290,86.18521496656734,41.327572120776935
2024-12-30 17:43:26.286301,3.8046094688090837,82.18440964230759
2024-12-30 17:43:26.286308,41.068241982868294,73.92499275360824
2024-12-30 17:43:26.286315,73.43351060855157,34.45243982928204
2024-12-30 17:43:26.286322,84.66515018249765,7.5125960352592225
2024-12-30 17:43:26.286329,39.74117838173107,77.65805477185992
2024-12-30 17:43:26.286335,82.36393671311176,62.41616273020588
2024-12-30 17:43:26.286342,91.00072070476102,13.154533380552136
2024-12-30 17:43:26.286349,97.1993191110259,88.22664380379632
2024-12-30 17:43:26.286356,2.4218018928353735,67.87028935469566
2024-12-30 17:43:26.286363,40.18550919555355,5.451725225515592
2024-12-30 17:43:26.286369,8.288444262670536,77.7785858972165
2024-12-30 17:43:26.286376,20.729739645872115,57.5388267094606
2024-12-30 17:43:26.286383,1.33638939146985,40.04847346098058
2024-12-30 17:43:26.286390,10.925917590193702,44.76272503950389
2024-12-30 17:43:26.286396,20.586045598300828,83.24194800433182
2024-12-30 17:43:26.286403,9.574294906795288,15.33195800607533
2024-12-30 17:43:26.286410,7.549455883676681,30.106157916681298
2024-12-30 17:43:26.286417,59.019042422834666,19.093274664094515
2024-12-30 17:43:26.286424,7.249255020966938,21.401589701242564
2024-12-30 17:43:26.286434,60.77736808226592,89.64635279180554
2024-12-30 17:43:26.286442,39.10799743067863,86.81710900496111
2024-12-30 17:43:26.286449,84.02472910911416,96.70196395434249
2024-12-30 17:43:26.286456,68.50002591194753,90.72923052026555
2024-12-30 17:43:26.286465,39.98128228325095,22.047803427794644
2024-12-30 17:43:26.286472,53.79569446723309,71.36573389499773
2024-12-30 17:43:26.286479,92.67808787488887,4.469002611954176
2024-12-30 17:43:26.286486,5.001597892215958,57.6242177090164
2024-12-30 17:43:26.286493,56.455644859232976,43.999367916215895
2024-12-30 17:43:26.286500,57.10215677245347,9.989481799474131
2024-12-30 17:43:26.286507,2.1463525779467196,75.22259828054551
2024-12-30 17:43:26.286514,57.39271464931724,49.66276937248971
2024-12-30 17:43:26.286521,98.76151361251617,51.50594980978212
2024-12-30 17:43:26.286528,55.55951596701894,79.91129799529429
2024-12-30 17:43:26.286538,45.83531521042789,66.82653398962569
2024-12-30 17:43:26.286545,27.733976632161127,16.54520616237062
2024-12-30 17:43:26.286552,77.4010612876879,46.85608019967684
2024-12-30 17:43:26.286559,93.00177199024414,84.31260861156353
2024-12-30 17:43:26.286566,70.37672688122284,56.912623721647705
2024-12-30 17:43:26.286573,28.31710935021432,82.08647312152793
2024-12-30 17:43:26.286580,5.972901322163759,96.10283605819262
2024-12-30 17:43:26.286586,7.729571908470934,24.584248190731284
2024-12-30 17:43:26.286593,71.3367789007872,16.755688879313936
2024-12-30 17:43:26.286600,51.13163213786835,56.66268842892019
2024-12-30 17:43:26.286607,3.7310646373884038,69.47732848394263
2024-12-30 17:43:26.286614,93.09512061903607,87.79236578085555
2024-12-30 17:43:26.286621,88.03267337509678,37.72002816669221
2024-12-30 17:43:26.286630,54.593644392115834,44.070798708008226
2024-12-30 17:43:26.286638,5.741033841740717,23.127952449059563
2024-12-30 17:43:26.286645,2.4588457047107437,34.996238365037854
2024-12-30 17:43:26.286654,94.37344548376797,41.646911137193776
2024-12-30 17:43:26.286662,67.25955324368564,2.2185899858091385
2024-12-30 17:43:26.286668,35.92712838139101,96.83140066793892
2024-12-30 17:43:26.286675,2.6409213577325286,60.019928569151524
2024-12-30 17:43:26.286682,59.26835383048267,49.50591446033018
2024-12-30 17:43:26.286689,81.63754015588167,22.973115754580675
2024-12-30 17:43:26.286696,14.802024882613807,95.2153159011973
2024-12-30 17:43:26.286703,19.990968287009693,99.88533084465958
2024-12-30 17:43:26.286710,72.32351898641251,97.14091414890667
2024-12-30 17:43:26.286717,86.69422783051395,12.446259940030547
2024-12-30 17:43:26.286724,23.941771069554708,46.280405238791545
2024-12-30 17:43:26.286731,45.07925668094769,58.86204183051561
2024-12-30 17:43:26.286738,37.26791325383076,86.24982360978599
2024-12-30 17:43:26.286745,70.94501667813358,19.948020367752328
2024-12-30 17:43:26.286751,22.071073290716427,38.88835015729042
2024-12-30 17:43:26.286758,29.408717450657353,44.36118891893638
2024-12-30 17:43:26.286765,8.410505063435592,84.29372609033985
2024-12-30 17:43:26.286772,22.350706136424247,7.282910220364025
2024-12-30 17:43:26.286779,52.53956947756202,42.144804993380745
2024-12-30 17:43:26.286786,37.1710270418295,81.04790335233389
2024-12-30 17:43:26.286796,21.461089009959622,71.19571641693608
2024-12-30 17:43:26.286803,38.50905516602956,34.33539180667151
2024-12-30 17:43:26.286810,81.53673088309932,16.69479325353802
2024-12-30 17:43:26.286817,20.583295551618676,17.426346501971402
2024-12-30 17:43:26.286824,69.5453594966805,7.195998265784931
2024-12-30 17:43:26.286831,51.02823071110242,88.14057153281667
2024-12-30 17:43:26.286838,31.77594885360375,24.416301686929177
2024-12-30 17:43:26.286844,71.48855593900201,81.14856546813539
2024-12-30 17:43:26.286851,17.814742922973615,59.0322649728036
2024-12-30 17:43:26.286858,54.88803366213568,27.03044942169568
2024-12-30 17:43:26.286865,87.47541920562531,58.06128430010142
2024-12-30 17:43:26.286872,62.53165245207034,4.24828901400841
2024-12-30 17:43:26.286878,51.03670291356093,25.006050848204776
2024-12-30 17:43:26.286890,20.638708697691577,4.769156826831534
2024-12-30 17:43:26.286897,11.884402523155979,97.39569101463366
2024-12-30 17:43:26.286904,2.4617811655126998,88.5468899114181
2024-12-30 17:43:26.286911,10.551344868043454,78.60446630003193
2024-12-30 17:43:26.286918,46.385280520311525,89.74795663296304
2024-12-30 17:43:26.286926,77.53278252707105,18.343945183363143
2024-12-30 17:43:26.286933,97.56938718225199,2.008015675400787
2024-12-30 17:43:26.286940,98.31787694688514,17.48294711653584
2024-12-30 17:43:26.286948,91.22428207620244,85.72332821444877
2024-12-30 17:43:26.286955,88.57892010498537,16.980051832597663
2024-12-30 17:43:26.286965,77.6577787250811,90.14310956978156
2024-12-30 17:43:26.286973,14.388697451267296,95.62961467809235
2024-12-30 17:43:26.286981,49.30442516949611,35.30380637732934
2024-12-30 17:43:26.286988,84.80889037873735,10.37040190319125
2024-12-30 17:43:26.287000,34.94252422738688,61.19894344175481
2024-12-30 17:43:26.287007,55.482160964520965,20.703551533013076
2024-12-30 17:43:26.287015,73.51554369955485,32.233574664371055
2024-12-30 17:43:26.287024,58.99133792930209,23.438899831120008
2024-12-30 17:43:26.287033,91.80042329144449,94.47819689864562
2024-12-30 17:43:26.287040,98.49116610136115,55.922855572872756
2024-12-30 17:43:26.287048,8.073067936861289,76.24600773046643
2024-12-30 17:43:26.287055,10.256247602677682,8.344720084613822
2024-12-30 17:43:26.287062,80.20130387832685,91.67396064402953
2024-12-30 17:43:26.287069,12.655754501291582,99.48057428230196
2024-12-30 17:43:26.287076,64.28973975898317,48.648251902951934
2024-12-30 17:43:26.287083,55.232828633730904,23.312817589697097
2024-12-30 17:43:26.287090,79.68618253171286,38.36307199986183
2024-12-30 17:43:26.287098,63.79320228934312,40.851600761482075
2024-12-30 17:43:26.287104,33.27409102921215,53.194239270530296
2024-12-30 17:43:26.287111,67.91636786123586,82.57740518116611
2024-12-30 17:43:26.287118,31.803009830324967,41.179131977566755
2024-12-30 17:43:26.287126,4.171310103509329,27.034575580683963
2024-12-30 17:43:26.287133,74.91527973900548,0.00012384067153980993
2024-12-30 17:43:26.287143,66.34088074493579,97.23928778033113
2024-12-30 17:43:26.287151,84.65095485231372,8.485995739561659
2024-12-30 17:43:26.287159,64.26207089644386,47.950454259149375
2024-12-30 17:43:26.287166,81.55879398832401,71.53455358181388
2024-12-30 17:43:26.287173,74.5828858057743,26.40657258691348
2024-12-30 17:43:26.287180,8.628274529796498,92.42549199487424
2024-12-30 17:43:26.287188,80.54078737665522,88.92132522979207
2024-12-30 17:43:26.287195,41.90013491390614,33.078478918814746
2024-12-30 17:43:26.287203,95.86048524501557,52.701532185326485
2024-12-30 17:43:26.287210,39.89601277364786,98.62754243135969
2024-12-30 17:43:26.287217,32.34289832279376,21.94949712733877
2024-12-30 17:43:26.287224,29.009364038651242,66.83521096462128
2024-12-30 17:43:26.287232,43.04516667629944,87.79451262085529
2024-12-30 17:43:26.287239,96.66770001521661,95.2930478329148
2024-12-30 17:43:26.287246,69.06028257246362,86.10590614982533
2024-12-30 17:43:26.287253,12.415542795885449,99.75905982857832
2024-12-30 17:43:26.287260,71.28525180307778,10.755872026974679
2024-12-30 17:43:26.287267,76.311178511215,69.95224703368172
2024-12-30 17:43:26.287274,24.784323911291338,12.969493039531576
2024-12-30 17:43:26.287281,61.45064488512365,79.95048357900636
2024-12-30 17:43:26.287288,56.90173451344259,67.83076046286175
2024-12-30 17:43:26.287294,56.26328634799987,5.542590153616178
2024-12-30 17:43:26.287301,78.81336959450374,78.69129943773096
2024-12-30 17:43:26.287329,66.30185943103801,18.640835283929036
2024-12-30 17:43:26.287337,59.65852902276318,34.24342519170857
2024-12-30 17:43:26.287345,34.09700503214099,5.135631046543432
2024-12-30 17:43:26.287352,64.53043921353466,80.57545436159909
2024-12-30 17:43:26.287360,41.71343800968855,8.446616397614326
2024-12-30 17:43:26.287367,89.94563657587102,65.18196376809922
2024-12-30 17:43:26.287374,33.36680928401377,40.473642982212624
2024-12-30 17:43:26.287384,47.250190532938284,61.38654598089457
2024-12-30 17:43:26.287391,97.51417355822902,9.727671897112856
2024-12-30 17:43:26.287398,62.77075007634352,52.337511411077855
2024-12-30 17:43:26.287405,32.8013937939338,31.30295379073965
2024-12-30 17:43:26.287415,48.33127120707306,84.38790397674047
2024-12-30 17:43:26.287422,89.4443957906931,25.671965237623674
2024-12-30 17:43:26.287429,95.69916828100736,77.36957209033827
2024-12-30 17:43:26.287436,94.34999953266963,93.30615814294131
2024-12-30 17:43:26.287443,40.515418339614364,60.264070372179944
2024-12-30 17:43:26.287450,29.115400078236497,60.85596708455999
2024-12-30 17:43:26.287457,84.9286568452218,78.21468428273116
2024-12-30 17:43:26.287464,3.0492192451025635,9.308441369385223
2024-12-30 17:43:26.287471,6.295495587934729,88.95114517372714
2024-12-30 17:43:26.287478,50.073925360776286,47.403559378908646
2024-12-30 17:43:26.287490,70.33316361142774,14.558147474497584
2024-12-30 17:43:26.287497,87.67646026972349,21.99576487157382
2024-12-30 17:43:26.287519,14.332853781186895,71.1349120946543
2024-12-30 17:43:26.287528,1.5445829982581372,13.66560965304
2024-12-30 17:43:26.287535,50.32424292519339,39.39403859689443
2024-12-30 17:43:26.287543,89.39643201494837,35.777945046549895
2024-12-30 17:43:26.287550,97.68442903310002,17.006973837088967
2024-12-30 17:43:26.287557,0.5876212987695029,14.927215421403051
2024-12-30 17:43:26.287563,85.08889780445516,38.645674427258314
2024-12-30 17:43:26.287570,43.13393011448592,48.20345348203171
2024-12-30 17:43:26.287577,7.417979786199858,72.4739402174794
2024-12-30 17:43:26.287584,33.955774621936364,48.01746572467116
2024-12-30 17:43:26.287592,53.73189374220285,37.187733494862385
2024-12-30 17:43:26.287599,29.320145195871184,12.645136429388181
2024-12-30 17:43:26.287606,70.61405442240512,11.309528320420414
2024-12-30 17:43:26.287613,85.73942694293108,62.81565465542314
2024-12-30 17:43:26.287620,2.4219239158269734,92.45277148374188
2024-12-30 17:43:26.287627,8.236174386465912,16.271383427741114
2024-12-30 17:43:26.287634,52.42375829143997,96.22855120319574
2024-12-30 17:43:26.287642,57.52835700444193,64.20421975506201
2024-12-30 17:43:26.287663,2.387209346155539,27.927453966235205
2024-12-30 17:43:26.287671,18.392886787017794,54.62112577595484
2024-12-30 17:43:26.287678,57.990651834019914,37.00574250978359
2024-12-30 17:43:26.287685,2.7965273450951678,73.57371967437545
2024-12-30 17:43:26.287692,39.75487450284789,18.43119776393898
2024-12-30 17:43:26.287702,60.80300643520368,10.491048187282814
2024-12-30 17:43:26.287709,83.2592600749965,23.948364602452642
2024-12-30 17:43:26.287716,1.1442240536714277,38.694243900407635
2024-12-30 17:43:26.287723,30.87716301974126,73.38720200146565
2024-12-30 17:43:26.287730,45.7978755184704,0.5251992776374004
2024-12-30 17:43:26.287737,72.3835191406473,30.302944848591284
2024-12-30 17:43:26.287811,98.04119530126584,99.0542230199562
2024-12-30 17:43:26.287830,86.95924143737031,33.401048614038274
2024-12-30 17:43:26.287840,80.32009278222463,73.61170299345366
2024-12-30 17:43:26.287847,55.089698481835924,92.82086115555262
2024-12-30 17:43:26.287854,66.41264898612309,64.23362384843867
2024-12-30 17:43:26.287861,95.4425720621447,14.263075427518167
2024-12-30 17:43:26.287868,25.63904940762648,60.03421038952549
2024-12-30 17:43:26.287875,78.9886999000692,26.822757228576656
2024-12-30 17:43:26.287881,96.10156672200348,2.9734983732726206
2024-12-30 17:43:26.287893,73.85491690443679,8.56100002264718
2024-12-30 17:43:26.287901,65.72623400067587,86.56144835306996
2024-12-30 17:43:26.287909,96.39348818727566,86.59071741215757
2024-12-30 17:43:26.287916,26.047236207714253,82.45744063514138
2024-12-30 17:43:26.287922,61.475377734718485,8.062923426903412
2024-12-30 17:43:26.287929,83.53874591796905,16.79570280298286
2024-12-30 17:43:26.287936,37.31403349498022,29.317053520234037
2024-12-30 17:43:26.287943,10.033487438639199,77.72892325834059
2024-12-30 17:43:26.287952,98.59156504137724,98.41209398978445
2024-12-30 17:43:26.287963,5.28992144097632,7.119192918652484
2024-12-30 17:43:26.287971,51.53463936652143,79.53375763749101
2024-12-30 17:43:26.287978,29.9265446853471,15.48690918134067
2024-12-30 17:43:26.287985,64.06847524722032,62.51784921098415
2024-12-30 17:43:26.287992,67.38040924130428,36.72274508603063
2024-12-30 17:43:26.287998,89.87261417400615,43.4957426710625
2024-12-30 17:43:26.288005,96.88605150144596,31.080544298266023
2024-12-30 17:43:26.288012,19.721725585126983,81.6795552138475
2024-12-30 17:43:26.288019,33.995927482126035,88.01268976461458
2024-12-30 17:43:26.288025,8.977999739175303,51.30142890162775
2024-12-30 17:43:26.288032,64.89662363354316,1.701637945507073
2024-12-30 17:43:26.288039,43.78863775499207,62.998180666274095
2024-12-30 17:43:26.288046,18.144278521503786,51.46980234092637
2024-12-30 17:43:26.288052,93.69158460779772,68.13673453848862
2024-12-30 17:43:26.288063,1.4287685145004336,23.06328903937418
2024-12-30 17:43:26.288070,41.081405972470655,75.19519886836599
2024-12-30 17:43:26.288077,9.018478637095962,13.372477745849498
2024-12-30 17:43:26.288084,73.4193649080784,22.061277397899413
2024-12-30 17:43:26.288091,52.25478530476529,20.05263697756159
2024-12-30 17:43:26.288098,38.1166138154571,24.187407201554823
2024-12-30 17:43:26.288105,70.25409402684802,83.50757054335719
2024-12-30 17:43:26.288111,1.0843707581685624,17.665612860199754
2024-12-30 17:43:26.288121,95.04631440748888,33.56080551555846
2024-12-30 17:43:26.288128,65.985401799146,66.0688717193278
2024-12-30 17:43:26.288135,58.526442378143095,41.38803730642259
2024-12-30 17:43:26.288142,7.410149534478617,46.360580648159214
2024-12-30 17:43:26.288149,21.081531676072863,26.620632581688252
2024-12-30 17:43:26.288156,42.68278023029903,47.889718509325455
2024-12-30 17:43:26.288162,87.80117658317965,30.53268405643751
2024-12-30 17:43:26.288169,14.443886587638966,11.12309844061874
2024-12-30 17:43:26.288177,2.1237196143853776,60.85151662830304
2024-12-30 17:43:26.288184,83.17380991329317,98.55122892131702
2024-12-30 17:43:26.288190,23.371292917536035,37.051737065539726
2024-12-30 17:43:26.288197,3.196382385387797,97.93395434231643
2024-12-30 17:43:26.288204,86.48070942459599,70.84475653418477
2024-12-30 17:43:26.288211,33.24864124857195,75.38320571694425
2024-12-30 17:43:26.288218,75.39402260118689,48.6141601294116
2024-12-30 17:43:26.288225,91.75817583787807,13.110388150529928
2024-12-30 17:43:26.288231,16.5337582420332,33.47071844944768
2024-12-30 17:43:26.288238,8.825697487778129,14.883901225934249
2024-12-30 17:43:26.288245,73.45108836106162,19.907572380691086
2024-12-30 17:43:26.288255,98.92802254303234,11.256425485842847
2024-12-30 17:43:26.288262,77.98529643647495,25.314004721850203
2024-12-30 17:43:26.288269,67.79773963488377,60.83492431847527
2024-12-30 17:43:26.288276,34.77617125868589,5.113176390471041
2024-12-30 17:43:26.288286,10.198914969361994,42.42352025355124
2024-12-30 17:43:26.288294,40.35791321860973,30.56311211628312
2024-12-30 17:43:26.288301,46.18736783091586,98.90846768390733
2024-12-30 17:43:26.288308,22.65312629128364,54.40551899946319
2024-12-30 17:43:26.288315,11.34273214216276,77.9402723126015
2024-12-30 17:43:26.288321,4.010940160424692,24.432142509314215
2024-12-30 17:43:26.288328,98.19586893039602,12.577955037067357
2024-12-30 17:43:26.288335,35.92956078375119,60.08148585002003
2024-12-30 17:43:26.288342,48.45613106245501,1.2207965115496155
2024-12-30 17:43:26.288349,42.060175621753125,38.88850012435376
2024-12-30 17:43:26.288356,83.82489184789192,33.969577614453236
2024-12-30 17:43:26.288363,91.62305857593269,38.981826272862875
2024-12-30 17:43:26.288369,94.35978212425549,26.717777936785915
2024-12-30 17:43:26.288376,28.39919938522043,29.90551268923769
2024-12-30 17:43:26.288383,99.88900990469949,85.40199546346918
2024-12-30 17:43:26.288390,25.856537580962968,27.10178697172988
2024-12-30 17:43:26.288397,46.85062201979457,93.58440975368826
2024-12-30 17:43:26.288404,99.4775163408433,3.908739188290966
2024-12-30 17:43:26.288415,0.6618196503359819,65.70890122069535
2024-12-30 17:43:26.288423,75.98873370805876,26.205654977758975
2024-12-30 17:43:26.288430,3.307327152801798,47.15864012921137
2024-12-30 17:43:26.288436,82.85594368908107,63.39503091207758
2024-12-30 17:43:26.288447,79.04327576021079,78.50335459248207
2024-12-30 17:43:26.288457,41.09860477174367,75.03375449642488
2024-12-30 17:43:26.288465,72.88397542013787,33.6928003472005
2024-12-30 17:43:26.288472,11.850154558053772,21.697765336220275
2024-12-30 17:43:26.288479,4.460525362608125,79.21375539480698
2024-12-30 17:43:26.288486,51.359507827400904,26.104876555312906
2024-12-30 17:43:26.288493,83.11841822620161,63.59491297892509
2024-12-30 17:43:26.288500,25.686165923148042,30.15300644847282
2024-12-30 17:43:26.288507,63.94916197152221,5.9084900361738635
2024-12-30 17:43:26.288514,82.2340356990233,73.87364076090641
2024-12-30 17:43:26.288524,19.982338269648558,45.85591676644467
2024-12-30 17:43:26.288531,94.77489969244539,63.88102223722788
2024-12-30 17:43:26.288538,95.3952261060942,6.184738720789107
2024-12-30 17:43:26.288545,62.59232018274297,29.467420177533022
2024-12-30 17:43:26.288552,73.80592524753328,25.61048312138958
2024-12-30 17:43:26.288559,44.752970696437636,11.129782641652763
2024-12-30 17:43:26.288566,6.639715033830129,27.074149230285137
2024-12-30 17:43:26.288573,20.68151468551509,56.703061018887524
2024-12-30 17:43:26.288580,26.158155040456677,94.13422273961378
2024-12-30 17:43:26.288588,60.16645434883298,57.67048440904888
2024-12-30 17:43:26.288595,89.84156870216749,96.6426247790135
2024-12-30 17:43:26.288602,95.67304356253679,4.998607105948761
2024-12-30 17:43:26.288609,91.31665550201652,46.92153047248912
2024-12-30 17:43:26.288616,58.85005797206557,34.59559671666197
2024-12-30 17:43:26.288628,76.17242624501532,67.79030719057633
2024-12-30 17:43:26.288635,84.27313432260746,98.52516345031027
2024-12-30 17:43:26.288643,1.6157587413081598,63.66048101259033
2024-12-30 17:43:26.288650,1.9476364187237416,31.815683540649676
2024-12-30 17:43:26.288656,18.301796669112147,98.23796270586129
2024-12-30 17:43:26.288663,39.77904823740581,24.257047842178313
2024-12-30 17:43:26.288670,36.90118336896101,97.49408528488816
2024-12-30 17:43:26.288677,79.14003620481095,62.457397846703735
2024-12-30 17:43:26.288725,62.421923296655514,80.75374495783726
2024-12-30 17:43:26.288750,50.38897130438396,47.25696796944996
2024-12-30 17:43:26.288766,21.55180243204562,84.73490652707092
2024-12-30 17:43:26.288775,85.68277712671816,89.75769378407213
2024-12-30 17:43:26.288782,39.87291373761679,63.142809975998496
2024-12-30 17:43:26.288789,5.8635181288568266,50.714618334019235
2024-12-30 17:43:26.288796,83.05308907233791,51.52634576198361
2024-12-30 17:43:26.288803,36.08283905946925,38.44960994690753
2024-12-30 17:43:26.288810,57.41159135559904,15.417023171120302
2024-12-30 17:43:26.288817,28.915948812121716,36.20401761518901
2024-12-30 17:43:26.288824,92.86522016772659,85.62925225949178
2024-12-30 17:43:26.288831,74.0478035576843,17.967817228638573
2024-12-30 17:43:26.288838,73.07593519689345,20.74169367216999
2024-12-30 17:43:26.288845,35.931196889209836,17.070353517298187
2024-12-30 17:43:26.288852,37.074066540515936,80.71918174568923
2024-12-30 17:43:26.288865,86.63326711372957,67.72987571361722
2024-12-30 17:43:26.288873,6.806927066342173,19.115466863490127
2024-12-30 17:43:26.288880,35.453864472605,76.1420969965466
2024-12-30 17:43:26.288887,47.02602759749135,9.223609345751427
2024-12-30 17:43:26.288894,3.3708208039409215,37.53311878667904
2024-12-30 17:43:26.288901,7.852781563868594,73.89086565323124
2024-12-30 17:43:26.288907,48.335599463902824,38.56225207287629
2024-12-30 17:43:26.288914,28.55050345807255,96.0537070746312
2024-12-30 17:43:26.288921,8.578376744757154,16.95416717622197
2024-12-30 17:43:26.288928,68.70043832427233,83.73851048105806
2024-12-30 17:43:26.288935,51.99324354631831,49.91928139221006
2024-12-30 17:43:26.288942,79.26804683343221,51.16367523524895
2024-12-30 17:43:26.288953,13.94085476921435,62.7398625902866
2024-12-30 17:43:26.288960,82.78088060670149,73.14419165163241
2024-12-30 17:43:26.288967,42.75066757672986,16.35120419818026
2024-12-30 17:43:26.288974,4.60302007748118,73.34448550043643
2024-12-30 17:43:26.288981,0.32217321311034386,18.642426830324744
2024-12-30 17:43:26.288987,38.95421949119673,45.12451784550239
2024-12-30 17:43:26.288994,27.172944431594527,45.684643789237825
2024-12-30 17:43:26.289001,29.887460291320178,8.146991907329282
2024-12-30 17:43:26.289008,15.03754709341848,82.05572324151503
2024-12-30 17:43:26.289015,80.51582562293325,69.22228641245401
2024-12-30 17:43:26.289022,64.66971031050515,47.20176390765523
2024-12-30 17:43:26.289031,80.64152373296892,63.612010504552366
2024-12-30 17:43:26.289039,55.24781945926291,51.90056385445836
2024-12-30 17:43:26.289046,49.66875235060413,75.36452805534103
2024-12-30 17:43:26.289056,8.79024237913093,11.745548523151673
2024-12-30 17:43:26.289065,81.94189125133481,48.33400680333556
2024-12-30 17:43:26.289072,24.436394450935772,62.72943736835579
2024-12-30 17:43:26.289079,57.35394980447266,15.79922378407501
2024-12-30 17:43:26.289086,26.969026868666823,14.881068347010851
2024-12-30 17:43:26.289093,34.84142612582316,63.23904079293704
2024-12-30 17:43:26.289100,27.688096252265016,33.680897546973476
2024-12-30 17:43:26.289106,67.82232316051302,83.42034828141908
2024-12-30 17:43:26.289113,51.13362327292151,36.750979955398634
2024-12-30 17:43:26.289120,25.983485042642585,53.94132138914709
2024-12-30 17:43:26.289127,69.26451946487927,76.69125896827303
2024-12-30 17:43:26.289134,3.508402796400212,73.62285603444828
2024-12-30 17:43:26.289140,26.18576590530084,27.221671895739817
2024-12-30 17:43:26.289147,42.42514510455244,29.197335505032584
2024-12-30 17:43:26.289154,24.43317473390255,89.49956712671838
2024-12-30 17:43:26.289160,6.737210584381215,34.70031651454812
2024-12-30 17:43:26.289167,57.489803932286456,74.95406323117071
2024-12-30 17:43:26.289174,43.88538975846242,2.5365278832884086
2024-12-30 17:43:26.289181,65.93012626004275,8.718530612187525
2024-12-30 17:43:26.289188,31.865292867845884,49.394942410512265
2024-12-30 17:43:26.289197,9.210924385789099,10.785495521709231
2024-12-30 17:43:26.289205,75.78121601244744,30.981457660866063
2024-12-30 17:43:26.289211,38.51376103466782,73.81011807409976
2024-12-30 17:43:26.289218,55.49198676672064,96.1058965002824
2024-12-30 17:43:26.289225,62.310108553252384,96.23693601815984
2024-12-30 17:43:26.289232,85.36384734739721,82.30906118217268
2024-12-30 17:43:26.289238,60.399347885250585,98.2186530702212
2024-12-30 17:43:26.289245,14.487428644494171,76.54762039073968
2024-12-30 17:43:26.289252,77.66641079420323,16.7655782439068
2024-12-30 17:43:26.289259,0.7270245198571224,3.6400986055777462
2024-12-30 17:43:26.289265,44.68272263333275,71.83034206058632
2024-12-30 17:43:26.289272,26.539796470099287,9.13959089282418
2024-12-30 17:43:26.289279,14.793094959645492,81.11407955877108
2024-12-30 17:43:26.289286,26.220827508501753,95.62481865131748
2024-12-30 17:43:26.289292,88.28554020436701,31.584517570606952
2024-12-30 17:43:26.289299,26.546599022753803,71.79081838449063
2024-12-30 17:43:26.289305,81.14120274040025,6.140762135486777
2024-12-30 17:43:26.289312,88.43172393935916,31.37010418767541
2024-12-30 17:43:26.289319,36.85357298860949,89.7089384277995
2024-12-30 17:43:26.289325,38.325319583451325,85.68083195343975
2024-12-30 17:43:26.289332,6.988172020450778,52.19619906531053
2024-12-30 17:43:26.289339,0.44900569305568183,46.45799066772132
2024-12-30 17:43:26.289346,61.92777798487947,47.39704212979213
2024-12-30 17:43:26.289355,76.02556756699987,50.47878974980111
2024-12-30 17:43:26.289362,40.99621010820454,19.28247405883895
2024-12-30 17:43:26.289369,72.80690656215756,15.185756055238775
2024-12-30 17:43:26.289376,48.159987893383146,66.43449792163028
2024-12-30 17:43:26.289383,38.7050414437082,83.02057441045886
2024-12-30 17:43:26.289390,64.08711618331331,75.61546812823704
2024-12-30 17:43:26.289400,95.73531182464062,3.3306912542001244
2024-12-30 17:43:26.289407,1.902595410983432,60.57195906181828
2024-12-30 17:43:26.289417,2.4868516658556827,90.10609528123592
2024-12-30 17:43:26.289424,20.182473606449314,19.84082498163521
2024-12-30 17:43:26.289431,35.64547121790005,70.03578605252746
2024-12-30 17:43:26.289438,4.998396260271198,86.30276618936747
2024-12-30 17:43:26.289445,6.659862944739747,11.295155147438718
2024-12-30 17:43:26.289451,97.77788456660154,16.97999666192559
2024-12-30 17:43:26.289458,56.62578509950891,83.7950636902219
2024-12-30 17:43:26.289465,56.24444525218812,85.79290679617452
2024-12-30 17:43:26.289472,90.22640603711943,62.36312631794291
2024-12-30 17:43:26.289479,73.61356518738353,7.079008776770013
2024-12-30 17:43:26.289485,44.5596687215008,19.363372345894593
2024-12-30 17:43:26.289492,19.138801994648013,74.22941761190532
2024-12-30 17:43:26.289502,74.66195826745641,54.4649824908516
2024-12-30 17:43:26.289510,18.5563446570143,82.01846334532868
2024-12-30 17:43:26.289516,90.23310032559114,73.44186289376337
2024-12-30 17:43:26.289535,88.77620092904273,25.307856012357
2024-12-30 17:43:26.289542,68.6129383829546,60.32441446468385
2024-12-30 17:43:26.289549,84.03517768947464,87.11530933051186
2024-12-30 17:43:26.289557,18.977187438967093,82.29692900538211
2024-12-30 17:43:26.289564,87.13334236982446,92.62186480456401
2024-12-30 17:43:26.289570,82.69840956800775,65.15679902806313
2024-12-30 17:43:26.289577,71.19703699163458,92.66385467513277
2024-12-30 17:43:26.289584,52.48285618277946,69.4748107159756
2024-12-30 17:43:26.289591,12.561188216279362,50.04453726759516
2024-12-30 17:43:26.289598,26.986436164506966,87.49360678258675
2024-12-30 17:43:26.289604,8.487158580398935,7.842190750116329
2024-12-30 17:43:26.289611,28.26532510020322,10.883242252216663
2024-12-30 17:43:26.289618,9.259367448957212,57.34315664690762
2024-12-30 17:43:26.289624,97.80373309425265,56.14661171474219
2024-12-30 17:43:26.289631,36.66319990052993,4.186429991924301
2024-12-30 17:43:26.289638,34.28510778622894,94.75468911741409
2024-12-30 17:43:26.289645,17.03005608527305,33.528881344340924
2024-12-30 17:43:26.289652,1.1961467866598907,20.24102152247731
2024-12-30 17:43:26.289658,37.86827237108009,71.64515645296866
2024-12-30 17:43:26.289665,98.66012521370283,81.61627775716717
2024-12-30 17:43:26.289672,72.25841237342536,71.50531881217826
2024-12-30 17:43:26.289679,92.82654057447725,72.58596388317933
2024-12-30 17:43:26.289685,37.33394480906601,17.807581630185
2024-12-30 17:43:26.289695,60.79793335664746,98.21403585818477
2024-12-30 17:43:26.289702,50.28374522466873,6.317860048359347
2024-12-30 17:43:26.289709,0.9942563976045093,4.18628392517677
2024-12-30 17:43:26.289716,91.73971315215941,17.427754789108175
2024-12-30 17:43:26.289722,30.621292996590512,40.81895036010689
2024-12-30 17:43:26.289729,64.81824346038154,18.604961147098354
2024-12-30 17:43:26.289736,88.78995078712956,8.731324318414746
2024-12-30 17:43:26.289742,38.15682794611314,87.40416762897996
2024-12-30 17:43:26.289749,68.43590058945531,21.415188599942358
2024-12-30 17:43:26.289756,35.06022265263942,71.37495796262291
2024-12-30 17:43:26.289763,65.76403695058828,98.99764194092698
2024-12-30 17:43:26.289770,52.97078392699006,80.40125540133985
2024-12-30 17:43:26.289779,20.028639770003664,87.41968135197818
2024-12-30 17:43:26.289786,34.636963293744095,54.64309921249901
2024-12-30 17:43:26.289793,2.8214106212613443,54.39665583671306
2024-12-30 17:43:26.289800,4.040856012617233,22.155760425353176
2024-12-30 17:43:26.289807,14.663195768347803,41.14282097801999
2024-12-30 17:43:26.289813,19.707229639003977,82.4348892477347
2024-12-30 17:43:26.289820,26.32904211164395,30.13841329761463
2024-12-30 17:43:26.289827,48.72100503913865,71.42254030921556
2024-12-30 17:43:26.289833,33.776324730236375,63.996160089250154
2024-12-30 17:43:26.289840,83.27032119110085,70.74419068219852
2024-12-30 17:43:26.289847,78.27523987340942,46.47021386545928
2024-12-30 17:43:26.289857,37.32264757204414,88.91764346038246
2024-12-30 17:43:26.289867,24.647617937628752,54.103773099553024
2024-12-30 17:43:26.289874,32.62105242508417,27.92818428559337
2024-12-30 17:43:26.289880,24.890925481758064,9.88792873283093
2024-12-30 17:43:26.289887,89.74726391358158,45.86758845137206
2024-12-30 17:43:26.289894,54.19730711034484,21.448837929004995
2024-12-30 17:43:26.289901,45.40990196267649,29.7798504506687
2024-12-30 17:43:26.289908,5.262764518486485,34.7045378131395
2024-12-30 17:43:26.289914,77.33531544584666,44.654132513679286
2024-12-30 17:43:26.289921,30.882144556945313,54.76908885158639
2024-12-30 17:43:26.289928,7.614235676023617,46.89098198283368
2024-12-30 17:43:26.289935,82.69198022599132,9.889096457636892
2024-12-30 17:43:26.289941,31.64102110324567,85.66342266288797
2024-12-30 17:43:26.289962,72.0288918695024,44.48589389815923
2024-12-30 17:43:26.289972,72.23499822190905,12.450305575165688
2024-12-30 17:43:26.289978,20.344254089268745,40.49742932893567
2024-12-30 17:43:26.289985,35.019868513953455,48.577537998545196
2024-12-30 17:43:26.289991,30.14616563546113,90.14399998273444
2024-12-30 17:43:26.289998,92.36125500195142,58.87826136464869
2024-12-30 17:43:26.290004,12.94461835801397,68.85858065895673
2024-12-30 17:43:26.290011,26.565039469264807,10.109699776212421
2024-12-30 17:43:26.290018,64.191803383273,74.9551615095112
2024-12-30 17:43:26.290024,97.61758006465483,73.36007794707982
2024-12-30 17:43:26.290033,9.94307057137106,13.504653474667494
2024-12-30 17:43:26.290040,15.562883696943008,85.68700378923836
2024-12-30 17:43:26.290046,78.3494898469419,90.41259184867168
2024-12-30 17:43:26.290053,66.05026315899792,29.00567109281352
2024-12-30 17:43:26.290060,8.894866614031338,95.61331202830047
2024-12-30 17:43:26.290066,48.24220637071392,79.15693903167322
2024-12-30 17:43:26.290073,94.48305667337968,12.455720481177279
2024-12-30 17:43:26.290079,35.8171392578317,45.72775207828526
2024-12-30 17:43:26.290086,6.2369305991547,70.21033697953317
2024-12-30 17:43:26.290092,59.14499159248577,0.09107418461052896
2024-12-30 17:43:26.290099,73.18697230628904,72.07110836517747
2024-12-30 17:43:26.290105,13.742966454163795,65.68649010264534
2024-12-30 17:43:26.290112,85.3181916465666,31.811329550639933
2024-12-30 17:43:26.290118,22.33386638966509,83.00568969398454
2024-12-30 17:43:26.290125,38.60109163696741,28.09778413812385
2024-12-30 17:43:26.290131,88.96331144173377,1.4177295751069297
2024-12-30 17:43:26.290140,73.49361043416226,18.3708849028421
2024-12-30 17:43:26.290147,53.75617404384385,94.06070315404256
2024-12-30 17:43:26.290154,64.85842438109172,96.87227115971508
2024-12-30 17:43:26.290160,33.10583550109515,8.564654933952632
2024-12-30 17:43:26.290167,41.00469192857553,4.220461081223414
2024-12-30 17:43:26.290173,34.10781191464965,38.723879010507375
2024-12-30 17:43:26.290180,77.39839687285695,90.98918886950014
2024-12-30 17:43:26.290189,99.361840607482,89.02354371745288
2024-12-30 17:43:26.290196,34.64230224972616,2.58533501571655
2024-12-30 17:43:26.290203,55.939253846802686,41.32940884437273
2024-12-30 17:43:26.290209,96.10746252678712,30.85177847408993
2024-12-30 17:43:26.290215,74.27168800018896,44.349017390147104
2024-12-30 17:43:26.290222,10.766452770007074,23.71939242155183
2024-12-30 17:43:26.290229,55.792775556108786,9.501777705473879
2024-12-30 17:43:26.290235,28.360079074103183,42.166605336023665
2024-12-30 17:43:26.290241,77.00883903440965,98.74156350290795
2024-12-30 17:43:26.290248,92.67383741026524,10.617942436442874
2024-12-30 17:43:26.290254,31.94473606611291,32.38035047435923
2024-12-30 17:43:26.290261,16.216932071659972,85.85025948524424
2024-12-30 17:43:26.290267,17.23607440653151,2.053628635096072
2024-12-30 17:43:26.290274,39.20098698664457,38.14554199575504
2024-12-30 17:43:26.290280,51.831589922872,76.60291616702312
2024-12-30 17:43:26.290287,17.5517369806661,46.200422881555035
2024-12-30 17:43:26.290293,73.4715220450661,35.57265566534152
2024-12-30 17:43:26.290303,85.29953996446051,71.73416350844168
2024-12-30 17:43:26.290310,36.97424966315268,22.789709747150233
2024-12-30 17:43:26.290316,70.82402519170004,80.88628456541669
2024-12-30 17:43:26.290323,89.93453458792763,92.17953762651028
2024-12-30 17:43:26.290329,79.26284864350424,13.091813658126439
2024-12-30 17:43:26.290336,54.45525723641057,13.362073537996643
2024-12-30 17:43:26.290345,95.3466306989786,12.93260109254184
2024-12-30 17:43:26.290352,68.1720310661642,43.142930998000516
2024-12-30 17:43:26.290359,24.32276813390232,5.846168684563513
2024-12-30 17:43:26.290365,61.75346298541011,34.56830618892369
2024-12-30 17:43:26.290372,55.33899011576949,94.53424401659596
2024-12-30 17:43:26.290378,59.771851545628415,75.83875011408118
2024-12-30 17:43:26.290385,67.82707731226533,76.27743814487313
2024-12-30 17:43:26.290391,77.6020540356257,70.03393500014732
2024-12-30 17:43:26.290401,38.22391022902705,96.76126867390887
2024-12-30 17:43:26.290407,18.100050376674492,43.70954491684507
2024-12-30 17:43:26.290414,89.15143386210808,42.56759557841423
2024-12-30 17:43:26.290420,68.75397331544913,93.06766777357787
2024-12-30 17:43:26.290427,71.60986544841444,97.57199298087484
2024-12-30 17:43:26.290434,26.874334411179902,79.50956253326258
2024-12-30 17:43:26.290440,13.681267718367918,57.63640832952548
2024-12-30 17:43:26.290447,83.46728302577344,9.519010995072442
2024-12-30 17:43:26.290453,22.68193571535424,9.229095073251692
2024-12-30 17:43:26.290460,2.637339728288468,55.47525535497947
2024-12-30 17:43:26.290466,41.06121497348638,53.68083150598137
2024-12-30 17:43:26.290473,29.97686668359464,62.80510950067145
2024-12-30 17:43:26.290482,32.92043796358802,78.093311659422
2024-12-30 17:43:26.290489,91.87607846209374,95.5482013272962
2024-12-30 17:43:26.290496,73.26759333047366,4.828947832324559
2024-12-30 17:43:26.290505,59.412119213522374,71.78732760482389
2024-12-30 17:43:26.290512,83.5233043285219,39.50286647873704
2024-12-30 17:43:26.290518,29.884751182795476,26.408432889085663
2024-12-30 17:43:26.290525,21.405465400830803,55.747357161853216
2024-12-30 17:43:26.290531,42.23380474925261,16.262322548876227
2024-12-30 17:43:26.290538,28.541794811151167,9.684459549052104
2024-12-30 17:43:26.290544,88.76409060266396,36.99426158010556
2024-12-30 17:43:26.290551,39.700578812261696,70.57851400444238
2024-12-30 17:43:26.290557,64.02193328316224,70.5849098846433
2024-12-30 17:43:26.290564,36.527553040677404,77.80941069339117
2024-12-30 17:43:26.290571,25.02143230318864,24.183755055761136
2024-12-30 17:43:26.290577,36.967894982328616,41.713889500236824
2024-12-30 17:43:26.290584,36.49846918519658,11.377937982858445
2024-12-30 17:43:26.290590,2.071988381992518,79.12284904183927
2024-12-30 17:43:26.290597,58.3560733242084,34.88266856532215
2024-12-30 17:43:26.290603,50.46861209763072,43.5855823073773
2024-12-30 17:43:26.290609,51.664101245156125,53.36312774913158
2024-12-30 17:43:26.290616,22.18575757232507,68.73834185381804
2024-12-30 17:43:26.290622,56.40162358713439,44.92344822993065
2024-12-30 17:43:26.290629,26.719637310588706,75.54685470616768
2024-12-30 17:43:26.290635,11.630818196492,12.561136407196805
2024-12-30 17:43:26.290642,84.9267943387597,77.29763825706186
2024-12-30 17:43:26.290648,31.210858977793265,42.12227331915482
2024-12-30 17:43:26.290657,67.40183611678788,93.57204935540176
2024-12-30 17:43:26.290664,60.735525634563416,86.29196833844999
2024-12-30 17:43:26.290671,8.39926259782936,24.600294748474294
2024-12-30 17:43:26.290678,59.285871709443484,16.13519505050164
2024-12-30 17:43:26.290684,96.15749462096639,0.02797307069285493
2024-12-30 17:43:26.290691,30.94115002297584,78.48874731297002
2024-12-30 17:43:26.290697,26.702093893437006,76.9234142918974
2024-12-30 17:43:26.290704,46.079985236575325,74.37353960026198
2024-12-30 17:43:26.290710,6.109204620182684,41.017397570784276
2024-12-30 17:43:26.290717,82.50520417210483,19.039472275665936
2024-12-30 17:43:26.290723,71.7757409493172,1.6815770645879802
2024-12-30 17:43:26.290732,20.02628988131594,40.78493123819461
2024-12-30 17:43:26.290739,15.200311908415443,26.371931072410813
2024-12-30 17:43:26.290746,74.10210292814158,77.78644701973879
2024-12-30 17:43:26.290752,79.07973139750574,57.45275177145862
2024-12-30 17:43:26.290759,87.78356382066755,44.703035250617376
2024-12-30 17:43:26.290765,76.14315231706924,15.002828565693049
2024-12-30 17:43:26.290772,21.711076747322522,31.905269392197987
2024-12-30 17:43:26.290778,48.15328983461937,48.23053077366558
2024-12-30 17:43:26.290785,59.364808557177405,32.22921893650407
2024-12-30 17:43:26.290791,14.630776643346433,76.00534177590144
2024-12-30 17:43:26.290798,84.23345443431907,19.56441912447946
2024-12-30 17:43:26.290804,1.0871226874538342,82.05278007520957
2024-12-30 17:43:26.290813,73.10411231880134,96.13962894639467
2024-12-30 17:43:26.290823,56.835690740370794,61.7901767213607
2024-12-30 17:43:26.290832,35.752620295400106,36.689177988281784
2024-12-30 17:43:26.290839,82.58767474589405,33.25847245409679
2024-12-30 17:43:26.290845,43.891022727437644,61.85022919047751
2024-12-30 17:43:26.290852,32.71175772868625,92.64125515900076
2024-12-30 17:43:26.290858,95.38832919977315,83.84558484057659
2024-12-30 17:43:26.290865,13.300733152469634,67.46318044645989
2024-12-30 17:43:26.290872,82.84826316143356,23.68547643087855
2024-12-30 17:43:26.290878,15.332114437784462,27.773386554407164
2024-12-30 17:43:26.290885,98.7383831673215,20.87061485647217
2024-12-30 17:43:26.290891,87.37135899366805,20.92718375823157
2024-12-30 17:43:26.290898,65.4269254071817,89.49346574016637
2024-12-30 17:43:26.290904,58.82683219463583,39.39174279199723
2024-12-30 17:43:26.290911,25.04811890281793,53.38737029485393
2024-12-30 17:43:26.290917,10.236318387033204,80.27340561962
2024-12-30 17:43:26.290924,76.22678238646321,66.32157321809635
2024-12-30 17:43:26.290930,85.42556169303069,12.528695900073261
2024-12-30 17:43:26.290937,42.00117553640737,40.67107141111972
2024-12-30 17:43:26.290944,73.46407906204401,78.57636969948503
2024-12-30 17:43:26.290950,95.07243320354596,86.31081846850634
2024-12-30 17:43:26.290957,89.78201150918554,38.29287624087713
2024-12-30 17:43:26.290963,24.281114377878886,65.66141091355723
2024-12-30 17:43:26.290972,52.78109380651763,83.65152042225897
2024-12-30 17:43:26.290979,21.44593804646735,23.74580764313361
2024-12-30 17:43:26.290986,31.21913311193587,64.74014756589271
2024-12-30 17:43:26.290992,60.528457454105336,88.71184439635435
2024-12-30 17:43:26.290999,53.449691128605835,64.5718933248363
2024-12-30 17:43:26.291005,12.373782219662488,9.202592396785715
2024-12-30 17:43:26.291012,55.575643951509555,56.23527930865492
2024-12-30 17:43:26.291018,48.10573542836123,47.28698910685094
2024-12-30 17:43:26.291025,35.662368666565804,96.17620914686906
2024-12-30 17:43:26.291031,5.77754738068098,2.98864838073295
2024-12-30 17:43:26.291038,46.70293804994415,57.87859961865048
2024-12-30 17:43:26.291044,21.071268974230218,27.635407078310838
2024-12-30 17:43:26.291051,69.35868031864848,78.95796272455729
2024-12-30 17:43:26.291057,70.72026396809807,40.035326209736034
2024-12-30 17:43:26.291064,99.08866155918776,30.708562569219232
2024-12-30 17:43:26.291070,0.5431508963942067,78.0072738389184
2024-12-30 17:43:26.291077,10.879740038239138,91.76344734241879
2024-12-30 17:43:26.291083,56.882750169675646,10.052675731491856
2024-12-30 17:43:26.291090,57.854033824545766,36.89005135970134
2024-12-30 17:43:26.291096,82.64751129110579,80.43756157473433
2024-12-30 17:43:26.291103,38.70335354927009,65.22665991006106
2024-12-30 17:43:26.291109,9.960543787863907,99.6391038161127
2024-12-30 17:43:26.291116,22.669831736599477,30.5779733813759
2024-12-30 17:43:26.291125,78.572557882045,90.64910624923105
2024-12-30 17:43:26.291132,82.3921439100598,98.84982043365494
2024-12-30 17:43:26.291138,52.71243730657105,40.087154858978316
2024-12-30 17:43:26.291145,29.701179060583804,24.696978668611337
2024-12-30 17:43:26.291151,70.40995703031089,77.92251131728064
2024-12-30 17:43:26.291161,58.24310299122504,37.25005338494045
2024-12-30 17:43:26.291170,78.02170122009001,37.4906612006705
2024-12-30 17:43:26.291177,99.4626750245839,87.90760736605392
2024-12-30 17:43:26.291184,84.98948277239627,30.931688880719644
2024-12-30 17:43:26.291190,9.559286971962377,94.6702170241003
2024-12-30 17:43:26.291197,16.1296358428231,7.594994940083854
2024-12-30 17:43:26.291203,8.456882450501379,6.210600187676207
2024-12-30 17:43:26.291210,44.59548848519338,30.496977797586766
2024-12-30 17:43:26.291216,97.12635524540258,18.859379512090012
2024-12-30 17:43:26.291223,0.6028724304243505,45.49046526806715
2024-12-30 17:43:26.291229,3.308134881112279,75.83414958752861
2024-12-30 17:43:26.291236,85.12000300222839,98.33046047051582
2024-12-30 17:43:26.291242,97.84600591967457,70.00116813966784
2024-12-30 17:43:26.291249,93.56456099232395,65.34512717319866
2024-12-30 17:43:26.291258,85.69401239530801,54.78360126421856
2024-12-30 17:43:26.291265,68.3916584540239,18.196772065718502
2024-12-30 17:43:26.291272,22.321914491561824,49.74413847601243
2024-12-30 17:43:26.291278,93.96682826316511,77.44751873879858
2024-12-30 17:43:26.291287,56.14308519592501,21.46986173260498
2024-12-30 17:43:26.291294,0.4875365492556627,50.20956719432552
2024-12-30 17:43:26.291301,71.49498809812893,8.152470154961645
2024-12-30 17:43:26.291307,88.46026804462059,44.203382063852104
2024-12-30 17:43:26.291314,55.8020652398371,21.461506136374787
2024-12-30 17:43:26.291320,82.73138754084187,67.65047544716538
2024-12-30 17:43:26.291327,91.05752317332173,65.41995440995316
2024-12-30 17:43:26.291334,24.21782804554118,76.60794661494138
2024-12-30 17:43:26.291340,61.823569869141004,44.10013117428947
2024-12-30 17:43:26.291347,58.904363878240915,29.23187411172141
2024-12-30 17:43:26.291353,54.171227677063186,88.48033390867568
2024-12-30 17:43:26.291360,53.581854767183124,82.08136748461406
2024-12-30 17:43:26.291366,72.40239442443463,94.60332317435554
2024-12-30 17:43:26.291373,10.12480612045813,50.37647278276756
2024-12-30 17:43:26.291379,94.39551825048099,41.852493396350255
2024-12-30 17:43:26.291386,75.09346343641239,88.37740072564088
2024-12-30 17:43:26.291392,59.870468746005415,78.50983729854343
2024-12-30 17:43:26.291399,60.275376829822626,63.2405908791278
2024-12-30 17:43:26.291405,77.74493389726771,83.47311996488465
2024-12-30 17:43:26.291412,17.105001596231595,19.729429618274786
2024-12-30 17:43:26.291419,14.408751579840718,41.28038012046028
2024-12-30 17:43:26.291425,74.22394636151459,17.400023486518045
2024-12-30 17:43:26.291432,51.14939328986118,79.6554190526069
2024-12-30 17:43:26.291440,63.39474700729188,37.14806615032155
2024-12-30 17:43:26.291447,66.00237498015568,54.05572507105132
2024-12-30 17:43:26.291454,1.0531919955107827,60.13342249404165
2024-12-30 17:43:26.291460,63.00941486416068,57.35072570003813
2024-12-30 17:43:26.291467,81.37609675561616,67.30226014243587
2024-12-30 17:43:26.291474,56.52264992849605,53.91908032645898
2024-12-30 17:43:26.291480,50.229905452226106,46.096512027420914
2024-12-30 17:43:26.291487,99.32280930407883,55.81259841029288
2024-12-30 17:43:26.291493,86.12472707699311,46.745979301853936
2024-12-30 17:43:26.291502,63.23374337702046,66.35655258149833
2024-12-30 17:43:26.291509,48.193454686883484,41.64881407171327
2024-12-30 17:43:26.291516,39.789145152110784,8.906654573261797
2024-12-30 17:43:26.291522,17.63916891927575,36.90432444777498
2024-12-30 17:43:26.291529,76.51026808055114,53.69429845411706
2024-12-30 17:43:26.291535,50.146620303718436,74.2906268564513
2024-12-30 17:43:26.291542,77.13126055316454,97.4604508507711
2024-12-30 17:43:26.291549,4.507102192425371,2.652767339647233
2024-12-30 17:43:26.291555,13.141049808989235,83.46635430099765
2024-12-30 17:43:26.291562,81.31923304748071,18.858989855271112
2024-12-30 17:43:26.291569,68.17341406957891,87.03658401689869
2024-12-30 17:43:26.291575,24.52074584457288,24.261663943005917
2024-12-30 17:43:26.291582,21.76866849551411,6.850556851907951
2024-12-30 17:43:26.291591,76.81571449202409,6.5864708137882255
2024-12-30 17:43:26.291600,8.790681081596674,89.04357468564044
2024-12-30 17:43:26.291607,7.652684076414151,87.81407351627792
2024-12-30 17:43:26.291614,8.950118994133327,34.10507868143519
2024-12-30 17:43:26.291621,60.45518951471478,54.70250909785563
2024-12-30 17:43:26.291627,67.24453607964539,33.47629135469295
2024-12-30 17:43:26.291634,79.91304140496402,88.35771320314163
2024-12-30 17:43:26.291640,59.80673751246178,28.555703833030144
2024-12-30 17:43:26.291647,1.6945589559634766,76.26801379734891
2024-12-30 17:43:26.291653,72.99235250619421,12.508230492921923
2024-12-30 17:43:26.291660,83.00646389304718,17.56823059624476
2024-12-30 17:43:26.291666,82.02434044991543,74.69329476825092
2024-12-30 17:43:26.291673,21.755546220472176,92.31415525036184
2024-12-30 17:43:26.291679,96.39529183286736,70.32649912343415
2024-12-30 17:43:26.291689,54.9854696240933,68.89348422328236
2024-12-30 17:43:26.291695,25.751214670789956,25.54518172876633
2024-12-30 17:43:26.291702,80.63114545328912,40.87548542648123
2024-12-30 17:43:26.291708,16.408275891030076,49.57477705276653
2024-12-30 17:43:26.291715,5.639422441331609,36.8988562908463
2024-12-30 17:43:26.291721,15.997591635450803,41.222983920847646
2024-12-30 17:43:26.291728,89.15958576739433,66.36861169373265
2024-12-30 17:43:26.291734,85.51205518739596,81.03101758093719
2024-12-30 17:43:26.291741,95.90912678628888,84.66945695940001
2024-12-30 17:43:26.291747,98.96147314711091,34.59896625768909
2024-12-30 17:43:26.291756,14.780585460445883,18.981872624746842
2024-12-30 17:43:26.291763,50.469295459218145,45.90837061364306
2024-12-30 17:43:26.291770,35.07704983028624,51.880478297832425
2024-12-30 17:43:26.291777,4.96160275355283,69.67621786042399
2024-12-30 17:43:26.291783,36.90135643079927,3.390472237723763
2024-12-30 17:43:26.291790,10.473232662222486,30.951176734840136
2024-12-30 17:43:26.291796,20.653950700094327,40.281471262036916
2024-12-30 17:43:26.291803,5.511735905238025,54.565768790032664
2024-12-30 17:43:26.291809,90.98406735318154,11.729479239513285
2024-12-30 17:43:26.291816,91.68854228537967,13.347375147879625
2024-12-30 17:43:26.291822,11.847417754980217,79.6060518262659
2024-12-30 17:43:26.291829,17.8602515734273,76.62911883215135
2024-12-30 17:43:26.291835,81.49479120423791,0.7681303993137489
2024-12-30 17:43:26.291845,55.33136573039976,56.74920689228611
2024-12-30 17:43:26.291852,42.773779530941866,2.163800985125741
2024-12-30 17:43:26.291858,86.98561101206683,19.24501093302087
2024-12-30 17:43:26.291865,79.1151075163238,26.35183296071587
2024-12-30 17:43:26.291871,35.35896577224995,64.4616374161835
2024-12-30 17:43:26.291877,7.525810530449862,74.20395222434843
2024-12-30 17:43:26.291884,47.82006667443076,12.645644348137141
2024-12-30 17:43:26.291890,57.93210132522256,52.94963962133294
2024-12-30 17:43:26.291911,92.02538058885662,82.7130333683208
2024-12-30 17:43:26.291917,36.69732441757846,74.86885937974921
2024-12-30 17:43:26.291926,99.73371329386683,54.25677755769487
2024-12-30 17:43:26.291933,8.338028748347115,30.64936419547629
2024-12-30 17:43:26.291939,12.951176792381203,11.14705866541077
2024-12-30 17:43:26.291946,3.724757555582736,31.576281756749136
2024-12-30 17:43:26.291952,40.29232879558655,84.35648051881245
2024-12-30 17:43:26.291959,94.41945190816374,88.41695484608803
2024-12-30 17:43:26.291965,90.93351498022828,5.039221211980694
2024-12-30 17:43:26.291971,19.70565977346832,28.834655729507297
2024-12-30 17:43:26.291978,70.1117238631562,48.21816549527953
2024-12-30 17:43:26.291984,50.06334982729969,16.58314755943202
2024-12-30 17:43:26.291990,14.182369179614918,6.907820163162038
2024-12-30 17:43:26.291997,22.515177599616543,0.9175133895931498
2024-12-30 17:43:26.292003,0.7142997076058477,35.91328848275626
2024-12-30 17:43:26.292009,77.29699827387662,9.913291105696953
2024-12-30 17:43:26.292016,33.51784472395944,0.4202833058715272
2024-12-30 17:43:26.292022,49.499421565062306,56.28154952296829
2024-12-30 17:43:26.292031,32.94229996632537,19.014343069542107
2024-12-30 17:43:26.292038,41.38163016624006,51.457004649335566
2024-12-30 17:43:26.292044,58.882690803585824,0.09032337228577214
2024-12-30 17:43:26.292050,36.31034690388848,67.10062390284143
2024-12-30 17:43:26.292057,96.79271639728174,39.91539835497603
2024-12-30 17:43:26.292063,71.66704231760333,55.90481257062472
2024-12-30 17:43:26.292069,13.317800223107323,18.51776088210213
2024-12-30 17:43:26.292078,43.17500635602198,61.464995250214635
2024-12-30 17:43:26.292085,96.8850447159569,82.21709558901723
2024-12-30 17:43:26.292091,17.46548378427685,43.03927740763096
2024-12-30 17:43:26.292098,1.920060540070756,20.248526101912944
2024-12-30 17:43:26.292104,10.417272668146182,95.29357952465116
2024-12-30 17:43:26.292110,90.05365530125934,97.65241115269315
2024-12-30 17:43:26.292117,83.3041828418724,22.02932002314455
2024-12-30 17:43:26.292126,62.83339482773689,15.983680832568348
2024-12-30 17:43:26.292132,18.849896089037653,56.885839052428146
2024-12-30 17:43:26.292139,55.57705407075624,26.073734808292535
2024-12-30 17:43:26.292145,53.40930168729129,48.54794817087951
2024-12-30 17:43:26.292151,89.92059755518372,4.43652029261642
2024-12-30 17:43:26.292158,42.41841522316542,51.144137938158785
2024-12-30 17:43:26.292164,41.773061895021314,35.13905708373615
2024-12-30 17:43:26.292170,52.337194827859435,34.27519996008955
2024-12-30 17:43:26.292177,18.828774900263532,34.190547084872314
2024-12-30 17:43:26.292183,90.99698520051832,43.34882494219613
2024-12-30 17:43:26.292192,98.62554859800792,26.381153987731953
2024-12-30 17:43:26.292199,54.242883315659384,78.2398517852512
2024-12-30 17:43:26.292205,18.083074170792244,13.263782979799753
2024-12-30 17:43:26.292211,50.60457702520775,16.176424102089825
2024-12-30 17:43:26.292218,89.62003000609778,22.876527804276016
2024-12-30 17:43:26.292224,18.000761738614912,6.71746221322217
2024-12-30 17:43:26.292232,52.94162542198389,51.094428736051526
2024-12-30 17:43:26.292239,9.368039431728059,61.269167981529506
2024-12-30 17:43:26.292246,81.02817747451168,76.91782795240908
2024-12-30 17:43:26.292252,54.172595949449985,76.07614025639148
2024-12-30 17:43:26.292258,76.55671178326274,49.5859426247535
2024-12-30 17:43:26.292264,92.31473510298869,96.1984433680312
2024-12-30 17:43:26.292271,73.85933875502121,29.926631220166875
2024-12-30 17:43:26.292277,21.868233706750196,72.3330334635067
2024-12-30 17:43:26.292283,33.71822247481971,35.26466899424069
2024-12-30 17:43:26.292290,87.34188664899978,96.40459729764818
2024-12-30 17:43:26.292296,83.76397206207014,70.44310334248937
2024-12-30 17:43:26.292302,11.683437993681745,85.17948850827477
2024-12-30 17:43:26.292309,80.23777788746175,18.01960688997022
2024-12-30 17:43:26.292315,42.86223441783834,64.67894096616023
2024-12-30 17:43:26.292321,36.37011350417119,26.317649142697196
2024-12-30 17:43:26.292327,5.630336466624575,14.930167242374893
2024-12-30 17:43:26.292334,22.50618287630396,81.57686876624663
2024-12-30 17:43:26.292340,67.18816808593816,91.7554673091438
2024-12-30 17:43:26.292346,87.59345918669085,12.375478360764935
2024-12-30 17:43:26.292353,82.87494263797353,16.750828476570423
2024-12-30 17:43:26.292359,77.52553351095489,14.805070268641273
2024-12-30 17:43:26.292365,42.33258119799651,15.882009763796178
2024-12-30 17:43:26.292372,67.35604803911724,58.5357250219649
2024-12-30 17:43:26.292380,98.26804435564061,98.19412807524319
2024-12-30 17:43:26.292387,31.405596654851962,90.0062691221593
2024-12-30 17:43:26.292393,63.964460455723014,60.878915478470205
2024-12-30 17:43:26.292400,87.51171888651328,66.14611355596915
2024-12-30 17:43:26.292406,71.31737146415217,27.865861739160824
2024-12-30 17:43:26.292412,72.43137199803986,39.703860505932965
2024-12-30 17:43:26.292418,85.26988581913214,99.90177981162115
2024-12-30 17:43:26.292425,57.31258595867254,78.37880446782549
2024-12-30 17:43:26.292431,66.21780191666126,86.02508823683462
2024-12-30 17:43:26.292438,80.5469899311971,35.39758562978614
2024-12-30 17:43:26.292447,83.18474099726497,79.38522751204312
2024-12-30 17:43:26.292454,27.238318668602535,99.22100251746396
2024-12-30 17:43:26.292460,62.501906551662046,6.005867241017926
2024-12-30 17:43:26.292466,99.91725902692221,87.94094705313181
2024-12-30 17:43:26.292473,57.48875345838489,10.438307413952941
2024-12-30 17:43:26.292479,37.97502394434418,12.109569560006882
2024-12-30 17:43:26.292485,88.92185196855085,23.573359684390716
2024-12-30 17:43:26.292492,57.62542265766706,96.08039806817222
2024-12-30 17:43:26.292498,5.132687653675427,24.303838018061562
2024-12-30 17:43:26.292504,15.660988344326654,78.36156327582322
2024-12-30 17:43:26.292511,40.109755942225654,52.82478140527391
2024-12-30 17:43:26.292530,37.46574450451049,79.61758592213589
2024-12-30 17:43:26.292538,27.99864400173242,63.429665203105536
2024-12-30 17:43:26.292547,56.01493692779697,7.423699546477646
2024-12-30 17:43:26.292556,51.32905146934339,69.08611922108192
2024-12-30 17:43:26.292562,39.46391461139047,46.778417381515546
2024-12-30 17:43:26.292569,4.902618216491927,34.60719117292847
2024-12-30 17:43:26.292575,32.912966464406864,62.12221027193932
2024-12-30 17:43:26.292582,0.4868106386287985,71.09282935003806
2024-12-30 17:43:26.292588,30.262183258302823,42.746607949242765
2024-12-30 17:43:26.292594,29.066917988600537,16.94386477990041
2024-12-30 17:43:26.292601,52.65493675640553,1.2897106640999856
2024-12-30 17:43:26.292607,40.24240059374784,90.5375150716823
2024-12-30 17:43:26.292613,53.31112313570814,66.45857431898575
2024-12-30 17:43:26.292620,50.20348061396774,7.338166408255098
2024-12-30 17:43:26.292627,21.45023531777015,80.87692292094411
2024-12-30 17:43:26.292633,96.12317867810076,12.867203199779276
2024-12-30 17:43:26.292640,72.09383521030055,90.69161130054852
2024-12-30 17:43:26.292646,31.28155407539065,50.80208073860781
2024-12-30 17:43:26.292652,45.36374742617061,58.87592892759036
2024-12-30 17:43:26.292659,12.5363179636812,24.17646365838946
2024-12-30 17:43:26.292665,75.90999775603584,71.31560669410642
2024-12-30 17:43:26.292672,10.573254158920598,4.201781444966246
2024-12-30 17:43:26.292678,61.20615109582898,60.37499027947969
2024-12-30 17:43:26.292684,82.2322036799497,2.4585711738871474
2024-12-30 17:43:26.292691,65.83813415119647,76.5526718261472
2024-12-30 17:43:26.292699,72.94990852779391,61.15889609402706
2024-12-30 17:43:26.292706,46.206596571709326,26.45103471794491
2024-12-30 17:43:26.292713,64.8750471741136,9.15340176674273
2024-12-30 17:43:26.292719,25.809666860927706,67.39870600434857
2024-12-30 17:43:26.292725,36.88338617914847,91.96622923996209
2024-12-30 17:43:26.292732,78.2584855031762,73.75114572156748
2024-12-30 17:43:26.292738,7.723794908201931,83.15596584905582
2024-12-30 17:43:26.292744,92.19621082888783,71.25031255728021
2024-12-30 17:43:26.292751,10.11802103444862,21.10390002503625
2024-12-30 17:43:26.292757,73.03917275142123,2.473181534531088
2024-12-30 17:43:26.292763,40.153999531333625,15.822850795975373
2024-12-30 17:43:26.292770,66.8718545672874,77.40645380194552
2024-12-30 17:43:26.292776,65.13777210234525,27.676457899276407
2024-12-30 17:43:26.292782,27.29643760394358,80.93780463366544
2024-12-30 17:43:26.292789,20.01015774205085,99.71664929774776
2024-12-30 17:43:26.292795,81.3461761781891,6.436861910210679
2024-12-30 17:43:26.292801,91.11034142501244,28.952110889683304
2024-12-30 17:43:26.292807,9.355138938640051,11.132357573744557
2024-12-30 17:43:26.292814,46.43399997699053,64.21258710690189
2024-12-30 17:43:26.292820,72.78354277818345,9.746393402345955
2024-12-30 17:43:26.292826,39.10018614284074,97.02749223994955
2024-12-30 17:43:26.292833,37.64811580146168,64.1539410113577
2024-12-30 17:43:26.292839,77.61540764501744,87.30112519776948
2024-12-30 17:43:26.292848,32.61667461309694,65.56510964582986
2024-12-30 17:43:26.292855,8.902124449211213,32.07459232430476
2024-12-30 17:43:26.292864,63.74733570765066,10.527770534801084
2024-12-30 17:43:26.292870,10.326375146521515,94.69173116135255
2024-12-30 17:43:26.292880,95.0254836470001,19.366725744941782
2024-12-30 17:43:26.292887,10.432101603099275,31.66598476662109
2024-12-30 17:43:26.292893,77.83344547421497,27.866822251973844
2024-12-30 17:43:26.292899,94.58921321204784,16.97495770173226
2024-12-30 17:43:26.292906,74.6872129342724,79.57117569000648
2024-12-30 17:43:26.292912,51.356320338426244,27.806284247508472
2024-12-30 17:43:26.292919,7.983370969325487,23.95645949650903
2024-12-30 17:43:26.292925,15.077985729302723,78.39831100333944
2024-12-30 17:43:26.292931,1.9285553881015383,37.242375268550774
2024-12-30 17:43:26.292938,49.29817496375425,90.36395128992115
2024-12-30 17:43:26.292944,90.99550759544819,55.21349886549891
2024-12-30 17:43:26.292950,96.44627550266061,20.961249756133725
2024-12-30 17:43:26.292957,22.79536923815525,37.98252145405441
2024-12-30 17:43:26.292963,45.8411231188265,7.848884639762788
2024-12-30 17:43:26.292972,22.835223346154386,62.11862803014648
2024-12-30 17:43:26.292979,64.05603462709799,47.51237672923405
2024-12-30 17:43:26.292985,85.51258136820084,82.39227694868528
2024-12-30 17:43:26.292991,66.35132700403788,22.510831945823774
2024-12-30 17:43:26.292997,78.26819313795238,47.166346146953295
2024-12-30 17:43:26.293006,34.477023979510356,38.56238692161832
2024-12-30 17:43:26.293013,83.76798272723583,1.5341161287118377
2024-12-30 17:43:26.293020,8.673014767818776,16.658227129798565
2024-12-30 17:43:26.293026,13.275935967671925,87.04572503661821
2024-12-30 17:43:26.293032,6.1307446530007415,47.93823095435551
2024-12-30 17:43:26.293039,15.107445603090596,9.725944645537233
2024-12-30 17:43:26.293045,75.93285662589349,43.92245073859179
2024-12-30 17:43:26.293051,63.13567170625266,79.05701218792193
2024-12-30 17:43:26.293058,65.83237288174108,12.403755679081508
2024-12-30 17:43:26.293064,35.11179121898008,50.58875258747471
2024-12-30 17:43:26.293070,96.36543324534617,19.441066697167653
2024-12-30 17:43:26.293077,23.873748178618094,64.13709864088717
2024-12-30 17:43:26.293083,69.20092152508263,69.93414312509846
2024-12-30 17:43:26.293089,50.04400717687139,47.31119620694923
2024-12-30 17:43:26.293096,8.30448908128647,56.75229550008889
2024-12-30 17:43:26.293102,97.97622666114634,58.73466596362695
2024-12-30 17:43:26.293108,76.87122823213866,29.756874257283705
2024-12-30 17:43:26.293115,35.78005849409919,52.10785318249077
2024-12-30 17:43:26.293121,58.046601446987964,57.65600965123886
2024-12-30 17:43:26.293127,75.3585847438328,60.26126555821938
2024-12-30 17:43:26.293134,82.33041699583617,1.1546043150457708
2024-12-30 17:43:26.293164,7.48305013160484,60.347992945053576
2024-12-30 17:43:26.293172,10.15711554181692,57.174440018868175
2024-12-30 17:43:26.293182,70.37470431099709,73.26811365020801
2024-12-30 17:43:26.293189,75.88819012283798,18.895965392048954
2024-12-30 17:43:26.293195,97.89909707062895,50.753888134648385
2024-12-30 17:43:26.293201,32.05265501608435,25.052010756937282
2024-12-30 17:43:26.293208,74.63821159100515,50.28056945693232
2024-12-30 17:43:26.293214,51.234164804316826,44.62671630630706
2024-12-30 17:43:26.293236,49.84193461772921,9.308161110991787
2024-12-30 17:43:26.293243,73.5765541257561,73.53267395067856
2024-12-30 17:43:26.293250,77.59285938176257,98.15712376410325
2024-12-30 17:43:26.293256,94.01402415886528,45.28749367483172
2024-12-30 17:43:26.293262,27.74303682126704,49.55551572872557
2024-12-30 17:43:26.293269,34.24738473891732,26.879606734777372
2024-12-30 17:43:26.293275,49.55314061433369,61.507467644575996
2024-12-30 17:43:26.293281,18.921223778259133,66.38002434047661
2024-12-30 17:43:26.293288,69.89711203287884,98.23749576031233
2024-12-30 17:43:26.293294,96.3341199512201,9.200968956643706
2024-12-30 17:43:26.293300,41.94197392402387,54.66516272994073
2024-12-30 17:43:26.293307,25.792775830639524,6.039048947643533
2024-12-30 17:43:26.293313,69.21199971070429,7.246787080352535
2024-12-30 17:43:26.293319,78.27875965937378,27.4611136034294
2024-12-30 17:43:26.293326,86.03550553131292,48.53216159661944
2024-12-30 17:43:26.293335,55.35901651477835,40.87054976698414
2024-12-30 17:43:26.293342,62.77517952670371,71.18976322954315
2024-12-30 17:43:26.293350,49.4345671512268,8.351695716131003
2024-12-30 17:43:26.293357,65.81158794613815,84.23668163713475
2024-12-30 17:43:26.293363,46.73304170146449,29.613753299280667
2024-12-30 17:43:26.293370,9.511468430163594,99.91744636944661
2024-12-30 17:43:26.293376,62.509175790805706,58.803784920758176
2024-12-30 17:43:26.293382,95.64118497144284,96.33133380295857
2024-12-30 17:43:26.293389,88.58736438874382,47.173082950717735
2024-12-30 17:43:26.293395,60.64984945720351,56.39256536832896
2024-12-30 17:43:26.293401,75.09003321376268,27.64033807355244
2024-12-30 17:43:26.293408,99.27394199880378,82.9987779406591
2024-12-30 17:43:26.293414,81.83098074354281,44.181118994563604
2024-12-30 17:43:26.293420,60.78188850817223,88.84066694363896
2024-12-30 17:43:26.293430,73.98002821271153,71.16706959650317
2024-12-30 17:43:26.293436,90.86025865371393,5.241906626994275
2024-12-30 17:43:26.293443,16.975899568470876,97.17675890408334
2024-12-30 17:43:26.293449,18.081132663237486,25.600053415518296
2024-12-30 17:43:26.293455,67.421155452467,40.78908673656827
2024-12-30 17:43:26.293461,66.25576116530321,55.16066742182837
2024-12-30 17:43:26.293468,68.7737469306113,6.487995819475845
2024-12-30 17:43:26.293474,75.75436217360664,73.79682630802915
2024-12-30 17:43:26.293480,2.945450629832558,28.53110060415225
2024-12-30 17:43:26.293487,2.848794666455734,67.98210290323348
2024-12-30 17:43:26.293493,20.678662612296705,14.31618596195312
2024-12-30 17:43:26.293502,67.16767478309954,97.56092679500834
2024-12-30 17:43:26.293509,24.587957442600995,91.09153798105515
2024-12-30 17:43:26.293515,10.786158947411895,33.63219777425199
2024-12-30 17:43:26.293522,34.72855867584506,90.03015271129483
2024-12-30 17:43:26.293528,48.41369172460236,45.042547286480215
2024-12-30 17:43:26.293534,15.869883981749178,4.49439664184702
2024-12-30 17:43:26.293541,71.2125505809691,88.12683572626555
2024-12-30 17:43:26.293547,80.62113273571244,46.73456685986533
2024-12-30 17:43:26.293553,63.31217603939042,25.808232405496135
2024-12-30 17:43:26.293559,88.78583760197647,7.848932067820636
2024-12-30 17:43:26.293568,44.04085521912703,83.96669507263186
2024-12-30 17:43:26.293575,30.59509564155164,91.38694512822443
2024-12-30 17:43:26.293581,12.338525846610427,9.595236746731617
2024-12-30 17:43:26.293588,86.28388723664008,56.509503896400574
2024-12-30 17:43:26.293594,27.13242675406026,41.144429062645095
2024-12-30 17:43:26.293601,57.673511309820015,61.905519956651304
2024-12-30 17:43:26.293607,49.657384365770426,72.90496133794659
2024-12-30 17:43:26.293613,79.61121230036682,57.24993785489367
2024-12-30 17:43:26.293619,14.650666978799453,64.58238550415345
2024-12-30 17:43:26.293626,28.041272409458962,82.9481642073102
2024-12-30 17:43:26.293632,36.38802368957024,30.811367834422676
2024-12-30 17:43:26.293638,59.30209496073088,79.4329363609512
2024-12-30 17:43:26.293645,40.71414641045805,54.16554559296872
2024-12-30 17:43:26.293653,65.71912065693601,52.90203499318492
2024-12-30 17:43:26.293660,91.39032313027393,44.4883768956535
2024-12-30 17:43:26.293667,22.24222967657965,32.383706562494275
2024-12-30 17:43:26.293673,63.51361714588403,48.07400235649651
2024-12-30 17:43:26.293679,83.51385917852953,72.15509708274406
2024-12-30 17:43:26.293685,64.8953590322219,52.69053531850973
2024-12-30 17:43:26.293692,95.127068715566,36.38336411775429
2024-12-30 17:43:26.293699,97.39558689992377,76.3999152228931
2024-12-30 17:43:26.293705,92.39137338415014,36.93457192983476
2024-12-30 17:43:26.293711,58.355980684146566,99.21424706157885
2024-12-30 17:43:26.293718,2.3314220812179043,18.83608093420033
2024-12-30 17:43:26.293724,83.89995619251958,24.949532150665267
2024-12-30 17:43:26.293730,29.901473277271172,97.35883533031429
2024-12-30 17:43:26.293737,62.5477065205025,61.416763572544774
2024-12-30 17:43:26.293743,79.88770450553582,39.85254688543286
2024-12-30 17:43:26.293752,94.62172983194081,66.86242465833145
2024-12-30 17:43:26.293759,46.76955426033314,96.02114486697465
2024-12-30 17:43:26.293765,19.530326672940223,49.82347888211302
2024-12-30 17:43:26.293771,79.47246838889036,7.450120212678291
2024-12-30 17:43:26.293778,2.788887360810355,35.58938667955314
2024-12-30 17:43:26.293784,46.18138867271786,38.80334547138834
2024-12-30 17:43:26.293790,23.55254172584924,16.812633620943117
2024-12-30 17:43:26.293796,81.65433772653765,91.40891376548842
2024-12-30 17:43:26.293805,40.684314220968844,28.88881359838994
2024-12-30 17:43:26.293812,51.82614429170804,42.89663160239683
2024-12-30 17:43:26.293818,68.12944351631994,79.43534135150678
2024-12-30 17:43:26.293825,79.54330258935055,2.69709351953088
2024-12-30 17:43:26.293831,39.34277871160198,30.95623771805708
2024-12-30 17:43:26.293837,49.41112181110472,85.69498522087639
2024-12-30 17:43:26.293847,23.239849478003492,6.915974128500313
2024-12-30 17:43:26.293853,34.30426110331134,24.441311549997035
2024-12-30 17:43:26.293859,41.72329124748991,32.19464404757678
2024-12-30 17:43:26.293866,94.80367179247624,72.73537731771371
2024-12-30 17:43:26.293872,21.46775377787832,84.43499469603067
2024-12-30 17:43:26.293878,6.5468913249523535,39.12374525014805
2024-12-30 17:43:26.293884,36.37333394675682,31.16244846096128
2024-12-30 17:43:26.293891,60.062599109157276,74.73683045585754
2024-12-30 17:43:26.293902,89.71241922048291,54.2428842087875
2024-12-30 17:43:26.293909,50.48767015169199,51.18649656282723
2024-12-30 17:43:26.293915,9.164868863236975,99.91461560136314
2024-12-30 17:43:26.293921,74.03414820194408,80.50225069231705
2024-12-30 17:43:26.293928,92.048416594823,90.42012755810538
2024-12-30 17:43:26.293934,11.849354458568929,9.047122651067008
2024-12-30 17:43:26.293940,43.259497835103325,52.213949100304646
2024-12-30 17:43:26.293947,55.0472783942608,27.965509535067625
2024-12-30 17:43:26.293953,48.50361728818133,35.39388818184418
2024-12-30 17:43:26.293962,82.11615016563036,44.21875153231489
2024-12-30 17:43:26.293969,49.20812876805469,11.657845652617215
2024-12-30 17:43:26.293975,4.907345081078429,24.39482631530948
2024-12-30 17:43:26.293982,34.685821265153,5.192156884013965
2024-12-30 17:43:26.293988,56.87251828732326,7.779027542742689
2024-12-30 17:43:26.293994,47.29421143674571,40.30246828791418
2024-12-30 17:43:26.294001,75.8357929341924,26.048082922977343
2024-12-30 17:43:26.294007,3.8049573768574763,10.345021095721108
2024-12-30 17:43:26.294013,38.70775228514258,75.04672170249152
2024-12-30 17:43:26.294020,19.56164429976026,82.6377292950852
2024-12-30 17:43:26.294026,90.59711362054766,13.418274718165124
2024-12-30 17:43:26.294032,61.019130803771695,3.337638407717347
2024-12-30 17:43:26.294039,81.10024372371362,28.148488052990317
2024-12-30 17:43:26.294045,93.90837856929336,27.525703835212813
2024-12-30 17:43:26.294051,91.28462036953643,60.756080788059975
2024-12-30 17:43:26.294058,45.02392610026145,38.83405536109416
2024-12-30 17:43:26.294064,63.840193854170735,31.776077577321082
2024-12-30 17:43:26.294070,48.82719385619785,61.701818885609896
2024-12-30 17:43:26.294077,84.62290815297622,99.98199936113103
2024-12-30 17:43:26.294083,69.9418717659196,55.17932100011156
2024-12-30 17:43:26.294089,98.20727361572634,26.764171207145715
2024-12-30 17:43:26.294096,57.17913094598187,4.056961235233736
2024-12-30 17:43:26.294102,44.61393642034995,35.79727272146106
2024-12-30 17:43:26.294111,26.827184167883942,39.676014123968486
2024-12-30 17:43:26.294118,2.5366125483351043,51.683205643966325
2024-12-30 17:43:26.294124,98.65493612669721,13.938031261479445
2024-12-30 17:43:26.294130,32.10284446611254,46.883040140507234
2024-12-30 17:43:26.294137,65.83594990515336,83.43148106256162
2024-12-30 17:43:26.294143,51.60224351990641,88.4531886662301
2024-12-30 17:43:26.294149,38.35150543543726,15.205487710155063
2024-12-30 17:43:26.294156,62.61825847894852,79.2666879970695
2024-12-30 17:43:26.294162,44.33121089248818,86.242017466428
2024-12-30 17:43:26.294172,97.55349727326616,67.78915061784653
2024-12-30 17:43:26.294178,97.67629347185877,92.86981549604972
2024-12-30 17:43:26.294185,28.959370812491215,51.736626454123716
2024-12-30 17:43:26.294193,58.41759249855355,64.9839908663703
2024-12-30 17:43:26.294199,2.3274947945341684,71.00973418389192
2024-12-30 17:43:26.294205,14.318706662435831,13.375648859346946
2024-12-30 17:43:26.294212,23.52577692658112,83.65272358877615
2024-12-30 17:43:26.294218,12.172911273518928,54.4834228114782
2024-12-30 17:43:26.294224,42.705157893429146,89.78882168489352
2024-12-30 17:43:26.294233,12.282251682859934,84.40272953144553
2024-12-30 17:43:26.294240,98.99953712690636,66.4746573403957
2024-12-30 17:43:26.294246,78.98417823996255,32.176948020395734
2024-12-30 17:43:26.294253,49.94300547438982,5.360060291185775
2024-12-30 17:43:26.294259,70.77898071066319,44.78946558620874
2024-12-30 17:43:26.294270,5.736913572401314,54.644365147299965
2024-12-30 17:43:26.294277,58.48306055138608,79.48622265482462
2024-12-30 17:43:26.294284,22.133197724173424,89.78086059057556
2024-12-30 17:43:26.294290,84.2908268945999,78.76918360802308
2024-12-30 17:43:26.294297,76.79578707179535,32.20232181071273
2024-12-30 17:43:26.294303,74.61365674561488,67.32361437527535
2024-12-30 17:43:26.294309,7.056737455668804,82.08633780334127
2024-12-30 17:43:26.294315,77.08747667015055,13.202124480123423
2024-12-30 17:43:26.294322,22.522555361225404,62.3016754885802
2024-12-30 17:43:26.294328,94.84412764885258,44.04994496274773
2024-12-30 17:43:26.294334,7.69728070231348,61.88852367079492
2024-12-30 17:43:26.294341,29.991989444423737,91.93253424530727
2024-12-30 17:43:26.294347,61.66355287244556,31.86489480291822
2024-12-30 17:43:26.294353,95.96071759154154,83.1630581231928
2024-12-30 17:43:26.294360,12.254859769740388,82.4820405923031
2024-12-30 17:43:26.294366,17.23704336932461,55.48123000744063
2024-12-30 17:43:26.294373,92.94450469245952,20.85671024527651
2024-12-30 17:43:26.294379,76.82395667122775,68.37434609365629
2024-12-30 17:43:26.294385,0.30163673760016385,55.26652629681224
2024-12-30 17:43:26.294392,44.85424585619424,14.365648087713401
2024-12-30 17:43:26.294398,92.99152708956764,95.5180920150921
2024-12-30 17:43:26.294404,14.501717210830522,3.08688084236145
2024-12-30 17:43:26.294411,80.23877103636079,31.09821188188314
2024-12-30 17:43:26.294420,6.290845187932104,75.65182550564256
2024-12-30 17:43:26.294426,73.41506218252482,91.06696991630072
2024-12-30 17:43:26.294433,57.604433704483306,41.4784703304832
2024-12-30 17:43:26.294439,61.980336463450534,37.246428888332275
2024-12-30 17:43:26.294445,7.5790883638353845,5.262362141865006
2024-12-30 17:43:26.294452,99.59397470798642,15.455074539585256
2024-12-30 17:43:26.294458,24.177291352516338,53.79032866769835
2024-12-30 17:43:26.294464,8.800648487773898,32.74882047929518
2024-12-30 17:43:26.294471,60.83535465755327,8.432172773394075
2024-12-30 17:43:26.294477,71.40450248950884,54.47303569439419
2024-12-30 17:43:26.294483,23.983055602665125,64.81148351616326
2024-12-30 17:43:26.294489,32.3650329186581,56.51373262654988
2024-12-30 17:43:26.294496,71.49649461870726,38.83816083748922
2024-12-30 17:43:26.294502,39.448483237427354,92.48677559500955
2024-12-30 17:43:26.294508,82.64126506644023,82.09213050524265
2024-12-30 17:43:26.294515,0.29027424345282604,90.35625682636153
2024-12-30 17:43:26.294521,69.00080879340452,4.997696665756813
2024-12-30 17:43:26.294527,5.230433247017285,28.226495377592688
2024-12-30 17:43:26.294533,22.332535089314852,92.29394533165762
2024-12-30 17:43:26.294540,58.709257666483474,96.89335998022818
2024-12-30 17:43:26.294546,38.75096778029362,57.11881435872274
2024-12-30 17:43:26.294552,84.73611187352851,38.01780107242624
2024-12-30 17:43:26.294560,79.08999855276348,96.50572367576493
2024-12-30 17:43:26.294569,54.18929201265142,68.83114692417092
2024-12-30 17:43:26.294576,70.99372736081226,27.30301411265732
2024-12-30 17:43:26.294583,99.7400426223759,93.9542943873122
2024-12-30 17:43:26.294592,93.1261066749657,84.54787514985526
2024-12-30 17:43:26.294599,47.28242869390529,47.02749662440762
2024-12-30 17:43:26.294605,85.02697141443555,28.19829388694378
2024-12-30 17:43:26.294611,60.412508835485234,93.4275955676497
2024-12-30 17:43:26.294618,9.830132666982871,58.385660757173675
2024-12-30 17:43:26.294624,43.672353325043076,30.36415606328259
2024-12-30 17:43:26.294630,18.324608501194216,50.532370975389284
2024-12-30 17:43:26.294637,63.79139616425752,82.32572155155202
2024-12-30 17:43:26.294643,95.60261830494117,59.252950054146034
2024-12-30 17:43:26.294649,29.504969923814805,8.074493071535638
2024-12-30 17:43:26.294655,65.14131762983034,22.476428338984523
2024-12-30 17:43:26.294662,76.64416946968177,99.79087802587931
2024-12-30 17:43:26.294668,7.039044899776192,75.95327873320561
2024-12-30 17:43:26.294674,50.058585473210925,48.45138587219805
2024-12-30 17:43:26.294684,21.771322209268373,16.19417485580702
2024-12-30 17:43:26.294690,83.97050168239929,91.45214267924933
2024-12-30 17:43:26.294696,81.33989871777779,86.39314570877667
2024-12-30 17:43:26.294703,48.33897293987177,34.06509469900464
2024-12-30 17:43:26.294709,86.0611361950096,59.3500404086866
2024-12-30 17:43:26.294715,34.547596211599604,97.73113396421137
2024-12-30 17:43:26.294723,4.74246800561029,26.480155423572803
2024-12-30 17:43:26.294731,16.69298249649167,87.65404446834808
2024-12-30 17:43:26.294737,15.68194879789553,24.195625799665876
2024-12-30 17:43:26.294744,80.87211654816458,59.97047704409364
2024-12-30 17:43:26.294750,44.33175796335341,60.13811000536019
2024-12-30 17:43:26.294756,28.54181559495592,15.93966247896288
2024-12-30 17:43:26.294763,2.9007881747979747,55.367762518732164
2024-12-30 17:43:26.294769,63.235485633072145,60.17913901795355
2024-12-30 17:43:26.294775,60.763365790142956,29.88065558662216
2024-12-30 17:43:26.294782,35.062611156219845,48.77405371709796
2024-12-30 17:43:26.294788,12.58508134504378,3.4494168366188904
2024-12-30 17:43:26.294794,51.89897916544093,97.57766408676774
2024-12-30 17:43:26.294800,39.19349019531915,92.11239198512767
2024-12-30 17:43:26.294807,37.356794352014575,23.741702638069672
2024-12-30 17:43:26.294813,55.06215371459787,58.96704899804186
2024-12-30 17:43:26.294819,8.984240626569328,96.05701497100884
2024-12-30 17:43:26.294825,94.86535304998553,39.642943526707185
2024-12-30 17:43:26.294832,48.46111203985601,24.937311472370148
2024-12-30 17:43:26.294838,19.339377224799183,36.141345548912774
2024-12-30 17:43:26.294844,15.535287565344202,52.95692544807533
2024-12-30 17:43:26.294850,43.799930051877446,59.589713330134344
2024-12-30 17:43:26.294857,45.174240603955795,79.3192716811653
2024-12-30 17:43:26.294863,69.5759998356933,69.16250699283954
2024-12-30 17:43:26.294872,8.626643250470956,92.9540834173705
2024-12-30 17:43:26.294879,84.08905996815673,2.9563990540185214
2024-12-30 17:43:26.294885,77.1323708026318,10.550677263793196
2024-12-30 17:43:26.294893,24.036094861884994,15.494615620505115
2024-12-30 17:43:26.294900,31.302819627456092,83.9454553319984
2024-12-30 17:43:26.294907,44.635894945684974,91.40785084588741
2024-12-30 17:43:26.294913,71.27446788013155,50.729292277539564
2024-12-30 17:43:26.294919,7.416304650273087,16.168134669235634
2024-12-30 17:43:26.294926,10.040654251083737,46.748849663890034
2024-12-30 17:43:26.294932,60.775332028725494,15.589792948194747
2024-12-30 17:43:26.294938,38.091076148743,72.3846783885312
2024-12-30 17:43:26.294944,97.45758980579633,79.80142454330661
2024-12-30 17:43:26.294951,0.5916191576354035,62.49834819462322
2024-12-30 17:43:26.294957,9.798347141410456,4.37511036062439
2024-12-30 17:43:26.294963,81.9507187146887,27.552727546112187
2024-12-30 17:43:26.294969,96.40671118778155,5.5610972013964695
2024-12-30 17:43:26.294976,76.34063584037787,49.485008986325575
2024-12-30 17:43:26.294982,84.22377464369166,68.77435362279249
2024-12-30 17:43:26.294988,97.96170478798068,68.74425584576407
2024-12-30 17:43:26.294995,83.73778351277035,9.31791797996654
2024-12-30 17:43:26.295004,73.35407718258006,81.39951734357336
2024-12-30 17:43:26.295011,5.944213969636758,43.18672905164521
2024-12-30 17:43:26.295017,36.68149494243409,40.828261741021535
2024-12-30 17:43:26.295026,42.4418884014645,70.62855285670443
2024-12-30 17:43:26.295033,61.62684411852828,79.71341949376894
2024-12-30 17:43:26.295039,19.030410660320218,32.978966716673284
2024-12-30 17:43:26.295045,65.09324833075165,21.907582900724687
2024-12-30 17:43:26.295052,98.5744897857735,19.59481444526807
2024-12-30 17:43:26.295058,62.57668096647869,66.19166639832757
2024-12-30 17:43:26.295064,48.99625041943302,12.995791408947987
2024-12-30 17:43:26.295071,36.508198671343216,20.3085802357444
2024-12-30 17:43:26.295077,43.76382885026283,67.52040050112821
2024-12-30 17:43:26.295083,25.01263128568575,36.889252146047525
2024-12-30 17:43:26.295089,61.85881997858236,9.391377918481458
2024-12-30 17:43:26.295099,19.940694784019154,87.71662228463572
2024-12-30 17:43:26.295105,16.911988649311517,76.41764518990244
2024-12-30 17:43:26.295112,90.26336551403628,14.590833594501563
2024-12-30 17:43:26.295118,63.65890242384887,99.19692725508075
2024-12-30 17:43:26.295124,6.8224979215588455,21.982671802659183
2024-12-30 17:43:26.295130,43.79641702964791,59.46462743609234
2024-12-30 17:43:26.295137,43.66436061452167,66.84177903740442
2024-12-30 17:43:26.295143,63.33225176479923,4.401098767099276
2024-12-30 17:43:26.295150,15.314944881880589,44.604444233774764
2024-12-30 17:43:26.295156,2.414634898228596,9.048246430030416
2024-12-30 17:43:26.295162,33.56724231777217,38.257435061551945
2024-12-30 17:43:26.295168,25.05142370796841,51.59846522622939
2024-12-30 17:43:26.295177,17.084846484142957,64.41463593217695
2024-12-30 17:43:26.295184,60.97450515652325,15.196532163765896
2024-12-30 17:43:26.295191,62.219866095212886,92.16885234117058
2024-12-30 17:43:26.295197,39.891197035799934,98.52521856962203
2024-12-30 17:43:26.295204,2.178557196507702,30.593094600967408
2024-12-30 17:43:26.295210,27.601876413775795,56.24914870365719
2024-12-30 17:43:26.295216,39.20331267899802,2.108079010561259
2024-12-30 17:43:26.295225,86.00917472596669,20.073091215994577
2024-12-30 17:43:26.295232,12.347167252486834,40.61931849807063
2024-12-30 17:43:26.295238,49.70560737824648,33.28971739240212
2024-12-30 17:43:26.295245,95.13496601895523,20.5772590667997
2024-12-30 17:43:26.295251,0.9517826424384923,5.622598986001814
2024-12-30 17:43:26.295258,95.64636735766778,87.98698202031241
2024-12-30 17:43:26.295264,79.31221906860941,46.417965461694244
2024-12-30 17:43:26.295270,47.275489868102596,51.15853151021644
2024-12-30 17:43:26.295277,10.171263572508204,23.01688013043236
2024-12-30 17:43:26.295283,74.33846783765394,76.5766893042468
2024-12-30 17:43:26.295289,21.46994356993428,8.111539939217671
2024-12-30 17:43:26.295296,3.2010791701819863,77.36263442052895
2024-12-30 17:43:26.295302,91.60842002572487,28.087242337268105
2024-12-30 17:43:26.295308,10.58051740701601,31.176848725962504
2024-12-30 17:43:26.295315,37.45120477620848,61.829688000744596
2024-12-30 17:43:26.295321,23.14336037254847,77.53379738456302
2024-12-30 17:43:26.295330,43.717781640043775,99.39337412671463
2024-12-30 17:43:26.295337,14.71365896246356,59.896849126032116
2024-12-30 17:43:26.295343,11.363273581152612,16.005082966019447
2024-12-30 17:43:26.295349,87.81584075433157,75.0597076059887
2024-12-30 17:43:26.295356,28.526154833946272,28.49145013004203
2024-12-30 17:43:26.295362,34.172037379406994,65.30074517326435
2024-12-30 17:43:26.295369,97.75683095621314,98.10413444464078
2024-12-30 17:43:26.295375,57.375564848894314,76.921291898515
2024-12-30 17:43:26.295382,79.70312687283378,49.456845364823835
2024-12-30 17:43:26.295388,35.045942337393164,69.71536804294955
2024-12-30 17:43:26.295394,90.09567901324549,67.25007098795236
2024-12-30 17:43:26.295401,71.07187140964788,44.56555850518392
2024-12-30 17:43:26.295407,39.8137506355853,71.39168145729239
2024-12-30 17:43:26.295413,77.8917901531386,19.852890353626464
2024-12-30 17:43:26.295422,14.352515215125194,41.455338884512514
2024-12-30 17:43:26.295429,0.2279594697636611,14.886529553792471
2024-12-30 17:43:26.295436,89.64091197665776,19.204079908291614
2024-12-30 17:43:26.295442,67.36939920378717,86.60650284846936
2024-12-30 17:43:26.295449,2.7935660240465343,67.73589498186328
2024-12-30 17:43:26.295455,56.79630122173156,77.29530393306166
2024-12-30 17:43:26.295461,84.46082938882907,0.5520851803020865
2024-12-30 17:43:26.295468,75.457016960783,7.685881141767769
2024-12-30 17:43:26.295474,28.442547596064337,10.489398556023255
2024-12-30 17:43:26.295483,57.46850875578339,85.01890479557245
2024-12-30 17:43:26.295490,97.57437712361752,24.05027979870574
2024-12-30 17:43:26.295497,59.84591433283043,0.2086739417835437
2024-12-30 17:43:26.295503,10.585657020344064,80.48445487170929
2024-12-30 17:43:26.295509,66.1464673322735,35.1673119942008
2024-12-30 17:43:26.295519,21.779096268150422,74.41875575113153
2024-12-30 17:43:26.295530,67.9610488945295,85.03674567608623
2024-12-30 17:43:26.295537,34.987811316731246,1.6811400874070181
2024-12-30 17:43:26.295543,16.926384403004047,87.54028358401665
2024-12-30 17:43:26.295549,23.585621037594816,10.515973376574228
2024-12-30 17:43:26.295556,93.3829687444911,63.02346159096051
2024-12-30 17:43:26.295564,8.651108457296807,21.84524846824448
2024-12-30 17:43:26.295571,36.99798776505598,55.17883816807826
2024-12-30 17:43:26.295587,56.79979517896728,38.78256294268033
2024-12-30 17:43:26.295595,61.379341222975036,18.083905205809835
2024-12-30 17:43:26.295602,4.405491683666174,96.36412958519273
2024-12-30 17:43:26.295608,88.2686848773445,73.15660244623876
2024-12-30 17:43:26.295614,55.644493840582335,43.787994390000776
2024-12-30 17:43:26.295621,28.97334831066435,42.30385709708305
2024-12-30 17:43:26.295627,0.21511289449137605,27.59948811106703
2024-12-30 17:43:26.295634,99.26469000041189,11.226240448929337
2024-12-30 17:43:26.295640,71.30300245970894,76.33455500675687
2024-12-30 17:43:26.295646,91.64391799137073,1.0597265512908516
2024-12-30 17:43:26.295656,55.38052446085992,36.886193701656964
2024-12-30 17:43:26.295663,79.67386378865234,52.29371785866761
2024-12-30 17:43:26.295669,30.69548884142115,41.446854476310634
2024-12-30 17:43:26.295675,61.81316519983452,43.96464127154227
2024-12-30 17:43:26.295682,72.19815434804603,2.474837743460623
2024-12-30 17:43:26.295689,61.089551138085284,85.54030700278456
2024-12-30 17:43:26.295695,52.89758251019136,41.59724926382003
2024-12-30 17:43:26.295702,55.25854304311514,16.218211370012735
2024-12-30 17:43:26.295708,23.16834035352906,77.65306955828865
2024-12-30 17:43:26.295714,4.108468826259881,80.69395507015082
2024-12-30 17:43:26.295721,21.564007130306962,83.21931969443752
2024-12-30 17:43:26.295727,37.71685255373873,99.56681244873873
2024-12-30 17:43:26.295733,28.898466466659457,27.041221828336425
2024-12-30 17:43:26.295740,80.79627700688594,63.229638686861854
2024-12-30 17:43:26.295746,16.813950503730734,20.68330705006073
2024-12-30 17:43:26.295753,94.32130302180738,42.709803454399406
2024-12-30 17:43:26.295759,23.113918091327946,24.7741390895885
2024-12-30 17:43:26.295765,13.375398932129269,60.43674216402681
2024-12-30 17:43:26.295772,87.53813614172307,73.85382235414286
2024-12-30 17:43:26.295779,43.68478620486095,13.601001285644365
2024-12-30 17:43:26.295786,3.225445346224509,42.22358086532131
2024-12-30 17:43:26.295792,37.42633686558662,23.54070052956304
2024-12-30 17:43:26.295798,8.832616548267024,60.80610769850065
2024-12-30 17:43:26.295807,22.85385538641368,11.378337237616575
2024-12-30 17:43:26.295814,24.370082192593134,65.57863158531002
2024-12-30 17:43:26.295821,62.88790440242672,33.44517227020795
2024-12-30 17:43:26.295827,82.03625385392417,35.70350531641214
2024-12-30 17:43:26.295833,87.57459487223207,69.88870434879829
2024-12-30 17:43:26.295840,21.933061412594945,81.07507134226893
2024-12-30 17:43:26.295846,30.028901273351195,71.67850467321026
2024-12-30 17:43:26.295853,17.74609945047203,5.15407824950187
2024-12-30 17:43:26.295862,79.83776044824336,18.353341672607794
2024-12-30 17:43:26.295869,55.8215649070986,2.141615506743655
2024-12-30 17:43:26.295875,31.16728260249596,94.35405571905129
2024-12-30 17:43:26.295882,2.6636187081815588,7.942434708390156
2024-12-30 17:43:26.295888,92.11457297019874,1.5238346581101236
2024-12-30 17:43:26.295894,40.94613603231308,85.66545467466004
2024-12-30 17:43:26.295901,69.06600364717843,82.3926503013554
2024-12-30 17:43:26.295910,66.97390356506136,9.376462322926082
2024-12-30 17:43:26.295917,56.27070669566976,99.52240586852766
2024-12-30 17:43:26.295923,8.288375691325367,1.4386941131302788
2024-12-30 17:43:26.295929,3.355603816839081,95.0669556883512
2024-12-30 17:43:26.295936,90.10570772479369,69.40519382195683
2024-12-30 17:43:26.295942,96.8013442519557,67.77525284615709
2024-12-30 17:43:26.295948,22.27919275042701,29.41718645938248
2024-12-30 17:43:26.295958,35.657189681367264,65.02810460003163
2024-12-30 17:43:26.295967,87.18454786441447,83.7189043463976
2024-12-30 17:43:26.295974,5.087274170791689,1.5964227376816575
2024-12-30 17:43:26.295980,93.10927474484167,67.49906201514413
2024-12-30 17:43:26.295987,30.335254567926217,44.023690464438744
2024-12-30 17:43:26.295993,67.27447696090756,52.58083146156112
2024-12-30 17:43:26.296000,53.54095957257267,91.37641881093077
2024-12-30 17:43:26.296006,73.26617848890432,96.98332073662044
2024-12-30 17:43:26.296013,75.48718986408474,4.366121354940688
2024-12-30 17:43:26.296019,19.485580106140755,68.74860833026858
2024-12-30 17:43:26.296026,38.54045019064309,46.86719180321005
2024-12-30 17:43:26.296032,33.13733218138587,77.38667149953963
2024-12-30 17:43:26.296038,77.72706610308252,42.61087876526523
2024-12-30 17:43:26.296045,37.53562330927378,41.95336452654123
2024-12-30 17:43:26.296051,83.9989739473144,6.649570986651199
2024-12-30 17:43:26.296058,96.0299762205882,63.6977183055483
2024-12-30 17:43:26.296065,58.179626763729495,39.941376943950566
2024-12-30 17:43:26.296071,16.685108905241286,26.577638164642703
2024-12-30 17:43:26.296078,57.47367879973779,88.6292325263468
2024-12-30 17:43:26.296084,42.502502798154204,73.08673351337748
2024-12-30 17:43:26.296090,27.90283729414775,84.72945811287362
2024-12-30 17:43:26.296097,48.84327754013583,3.284183906584792
2024-12-30 17:43:26.296103,57.111586840484044,21.104064901261243
2024-12-30 17:43:26.296110,71.55218604295877,84.93635233031591
2024-12-30 17:43:26.296119,56.6365889912049,60.04713167659298
2024-12-30 17:43:26.296126,41.04518664533791,11.669118197187533
2024-12-30 17:43:26.296133,24.593899560302603,41.43871047966946
2024-12-30 17:43:26.296139,15.296507141835347,77.45685453683546
2024-12-30 17:43:26.296146,30.498152381742884,88.34163478211026
2024-12-30 17:43:26.296153,7.4343317033159995,28.96242374186523
2024-12-30 17:43:26.296160,87.55275347716257,39.45927939821586
2024-12-30 17:43:26.296166,5.0627896449938365,74.99393583555558
2024-12-30 17:43:26.296173,67.47457308596991,57.84931103258187
2024-12-30 17:43:26.296179,43.704491551715805,83.31287620077023
2024-12-30 17:43:26.296185,69.03007524281603,43.389000588117185
2024-12-30 17:43:26.296192,4.341230140976915,70.98654770194709
2024-12-30 17:43:26.296198,87.72237409999245,90.46009303770445
2024-12-30 17:43:26.296205,21.901930095599642,37.93131018551069
2024-12-30 17:43:26.296211,30.527303804025387,48.86542044987038
2024-12-30 17:43:26.296218,76.54745771899842,48.729941593060225
2024-12-30 17:43:26.296224,33.52099037445432,61.78054663436262
2024-12-30 17:43:26.296231,96.13961567878376,12.747512123540927
2024-12-30 17:43:26.296238,40.426713299007666,75.2249040138488
2024-12-30 17:43:26.296247,31.72036181896002,71.08524651904453
2024-12-30 17:43:26.296254,99.45020840636707,63.25727385814432
2024-12-30 17:43:26.296261,96.80149343878408,1.2375728994890145
2024-12-30 17:43:26.296267,57.34815373264932,86.46027762501961
2024-12-30 17:43:26.296277,65.61047386477583,40.946752720494715
2024-12-30 17:43:26.296284,47.49339035175881,82.44310314977096
2024-12-30 17:43:26.296294,92.4231529236745,6.186452939546583
2024-12-30 17:43:26.296301,17.180323948224306,4.021131775166142
2024-12-30 17:43:26.296308,79.5344125721093,26.75436614454435
2024-12-30 17:43:26.296314,74.73224205249562,66.69621730772839
2024-12-30 17:43:26.296321,77.9834676877579,48.833400361901724
2024-12-30 17:43:26.296328,23.223919945691897,79.4451762368865
2024-12-30 17:43:26.296334,8.573035248290928,43.99928261119268
2024-12-30 17:43:26.296341,48.37536366926505,80.69406222710325
2024-12-30 17:43:26.296347,10.59039803389268,56.76999977202405
2024-12-30 17:43:26.296354,19.075962412773272,52.23486883851134
2024-12-30 17:43:26.296361,46.53224215050506,52.71168293403774
2024-12-30 17:43:26.296367,65.08635405333865,26.07367173911236
2024-12-30 17:43:26.296374,91.16622954073888,47.841884048862106
2024-12-30 17:43:26.296381,31.31860651363403,56.35088088004604
2024-12-30 17:43:26.296391,4.991832346646974,90.22355117364746
2024-12-30 17:43:26.296398,57.945165866398575,38.517784950640575
2024-12-30 17:43:26.296406,30.337959411969095,10.780097699420732
2024-12-30 17:43:26.296413,60.867490678522074,13.43974796432379
2024-12-30 17:43:26.296422,77.02957475566807,53.759926022985226
2024-12-30 17:43:26.296429,74.85732701473958,37.6119344520741
2024-12-30 17:43:26.296436,91.59190176922417,87.91101662823644
2024-12-30 17:43:26.296445,1.261612067911111,5.402319012542167
2024-12-30 17:43:26.296452,23.311600021782397,4.860208964192281
2024-12-30 17:43:26.296459,15.539356986059005,10.031906939700242
2024-12-30 17:43:26.296465,58.86566745970304,46.55779390528001
2024-12-30 17:43:26.296471,9.99147436233432,75.65951493444105
2024-12-30 17:43:26.296478,21.839408703994312,84.88003136458664
2024-12-30 17:43:26.296484,24.106121585326324,99.46466145827505
2024-12-30 17:43:26.296491,97.14013760988885,23.509478723264575
2024-12-30 17:43:26.296497,69.87689235102263,20.363274169230305
2024-12-30 17:43:26.296504,86.23685265080755,88.56860416922565
2024-12-30 17:43:26.296510,61.85947425704037,11.340772339552252
2024-12-30 17:43:26.296516,91.08741640148104,26.183076017435315
2024-12-30 17:43:26.296523,58.72965998091888,31.718490094612594
2024-12-30 17:43:26.296529,68.41996365821909,29.13328071666146
2024-12-30 17:43:26.296536,90.1245905201717,54.98790882914971
2024-12-30 17:43:26.296543,12.49263772067084,75.43273111690708
2024-12-30 17:43:26.296550,30.36896102624249,99.33389545660958
2024-12-30 17:43:26.296556,57.327881171755294,65.21189431589387
2024-12-30 17:43:26.296563,60.722147211410395,89.60239817633952
2024-12-30 17:43:26.296569,72.68761270297264,35.712474834152545
2024-12-30 17:43:26.296575,87.87969049326144,27.614294685748895
2024-12-30 17:43:26.296582,0.46749005009488753,61.7474142881002
2024-12-30 17:43:26.296588,16.818075060717284,5.204392505693578
2024-12-30 17:43:26.296599,62.40418895012757,40.016441803131876
2024-12-30 17:43:26.296606,2.5373452615298,10.070513192321219
2024-12-30 17:43:26.296613,58.901155965565856,91.3964690764532
2024-12-30 17:43:26.296619,74.86622123094905,63.468717358177486
2024-12-30 17:43:26.296626,64.88103256621153,22.361568805947062
2024-12-30 17:43:26.296632,95.41980964452657,24.006772794054175
2024-12-30 17:43:26.296639,98.63074618992191,94.71221828357145
2024-12-30 17:43:26.296646,62.09234081005891,5.056273001295408
2024-12-30 17:43:26.296653,49.937041717944595,86.15206576172888
2024-12-30 17:43:26.296659,20.935770749390127,13.831833709694052
2024-12-30 17:43:26.296665,8.677622552118914,52.548262913754144
2024-12-30 17:43:26.296672,26.1150309537996,74.41331185526278
2024-12-30 17:43:26.296678,17.370502672979704,64.71529127319407
2024-12-30 17:43:26.296685,97.53004010976063,21.712841062805076
2024-12-30 17:43:26.296691,77.92372708245642,42.59039787205513
2024-12-30 17:43:26.296698,58.165941717200894,49.353184757721515
2024-12-30 17:43:26.296704,86.40805142860262,9.429068513168826
2024-12-30 17:43:26.296711,53.03954277249859,3.657246379891421
2024-12-30 17:43:26.296718,7.045767276130488,15.698592320233718
2024-12-30 17:43:26.296727,40.24908297785451,96.51226874639815
2024-12-30 17:43:26.296734,98.15332769097532,81.6565249394669
2024-12-30 17:43:26.296741,42.194250806840415,24.867073013095485
2024-12-30 17:43:26.296747,90.3227693566477,87.70041834421279
2024-12-30 17:43:26.296756,33.04942095812561,5.191410196906254
2024-12-30 17:43:26.296764,70.2605840268325,18.97558965084105
2024-12-30 17:43:26.296770,55.68771473355019,63.941368138185176
2024-12-30 17:43:26.296777,41.789214721081095,84.66218881636823
2024-12-30 17:43:26.296783,49.25637458564108,29.542316490443675
2024-12-30 17:43:26.296790,27.965416234353878,31.012676646955796
2024-12-30 17:43:26.296796,72.39922634280171,41.466325506363546
2024-12-30 17:43:26.296803,42.6912837821924,14.411135039513823
2024-12-30 17:43:26.296809,63.14059187163252,85.70966283360664
2024-12-30 17:43:26.296817,2.824687831082817,39.08170403130381
2024-12-30 17:43:26.296827,87.44581045259994,73.16469242889856
2024-12-30 17:43:26.296834,1.7440423355061907,97.35457935755583
2024-12-30 17:43:26.296840,69.03212158755639,90.2331419149215
2024-12-30 17:43:26.296847,95.88075310096211,96.40071820405342
2024-12-30 17:43:26.296854,50.854403486385436,74.57427075989538
2024-12-30 17:43:26.296860,82.01124402777371,49.84873025103467
2024-12-30 17:43:26.296867,6.130412229852644,21.504468175198156
2024-12-30 17:43:26.296873,95.61737104196293,21.347712636897278
2024-12-30 17:43:26.296879,83.90861284816647,22.182685821908432
2024-12-30 17:43:26.296886,79.84255037056177,15.014410514703048
2024-12-30 17:43:26.296892,47.358106107191645,83.95361270097233
2024-12-30 17:43:26.296899,73.11833578171287,31.81806218625063
2024-12-30 17:43:26.296905,97.07698011811316,83.72436282881638
2024-12-30 17:43:26.296914,19.14451909894248,26.038954390338954
2024-12-30 17:43:26.296921,61.575237873267355,48.55541818909336
2024-12-30 17:43:26.296927,82.9889610948906,79.19219744281943
2024-12-30 17:43:26.296934,16.029291254934787,93.73168405887274
2024-12-30 17:43:26.296943,32.41840557606952,72.39982652242922
2024-12-30 17:43:26.296950,83.6868548669004,60.987383809717635
2024-12-30 17:43:26.296956,38.42084035450962,71.37931651810044
2024-12-30 17:43:26.296962,89.12487254964873,10.96333259533403
2024-12-30 17:43:26.296969,7.913834721770375,45.90179795238755
2024-12-30 17:43:26.296975,30.165899880598403,32.839924620484965
2024-12-30 17:43:26.296982,25.761287889054486,72.35331360248061
2024-12-30 17:43:26.296988,8.232782346013911,14.984890335252599
2024-12-30 17:43:26.296994,88.97568599269846,4.895342498278232
2024-12-30 17:43:26.297001,90.62170292999056,85.03054428932063
2024-12-30 17:43:26.297007,54.76673825950296,99.87251693473758
2024-12-30 17:43:26.297013,17.697614007362738,12.913060046173207
2024-12-30 17:43:26.297020,1.6460791962394916,47.95901180558641
2024-12-30 17:43:26.297026,54.56376192959208,30.908063729981137
2024-12-30 17:43:26.297032,94.38970842427909,68.57815955551054
2024-12-30 17:43:26.297039,61.42920506637882,45.375823161182794
2024-12-30 17:43:26.297045,23.98437266998721,36.55871132950217
2024-12-30 17:43:26.297051,36.27959239506847,24.126000921736
2024-12-30 17:43:26.297058,62.7251435842468,82.01813072753656
2024-12-30 17:43:26.297075,71.23330476536614,7.751062253842489
2024-12-30 17:43:26.297083,85.924950296809,72.98357623379245
2024-12-30 17:43:26.297089,58.6244503874228,83.84731648836559
2024-12-30 17:43:26.297096,41.55418135161144,22.156431325363325
2024-12-30 17:43:26.297102,79.17658189045791,98.41253088711038
2024-12-30 17:43:26.297108,39.106868395870706,58.20553091736199
2024-12-30 17:43:26.297115,45.709024959666436,7.694020810559266
2024-12-30 17:43:26.297121,81.07877085162693,13.654341700917483
2024-12-30 17:43:26.297128,63.65917426532577,93.80632841508738
2024-12-30 17:43:26.297134,20.26118458982078,55.06588511137457
2024-12-30 17:43:26.297140,50.619267000792966,23.84093077383983
2024-12-30 17:43:26.297147,78.31154497472352,18.415740004563077
2024-12-30 17:43:26.297153,68.9568714812332,33.70508999235922
2024-12-30 17:43:26.297162,65.93671165352251,73.82695140820266
2024-12-30 17:43:26.297169,15.80392663702087,8.840218416832556
2024-12-30 17:43:26.297176,8.329935285962865,32.087311471772765
2024-12-30 17:43:26.297182,59.85374049068586,30.170321784680887
2024-12-30 17:43:26.297189,42.14389484101005,47.17330060308844
2024-12-30 17:43:26.297195,94.22832702142988,6.562366702872657
2024-12-30 17:43:26.297201,48.21902649440545,2.6150946401318653
2024-12-30 17:43:26.297208,77.27735633167619,54.94039729386145
2024-12-30 17:43:26.297214,91.40864819545597,11.30039610186212
2024-12-30 17:43:26.297221,10.008762057607278,99.09664082263735
2024-12-30 17:43:26.297229,61.32187903199636,42.63772899206667
2024-12-30 17:43:26.297236,8.15759785743484,55.54981861495083
2024-12-30 17:43:26.297243,80.47442821219178,41.2740716917744
2024-12-30 17:43:26.297249,69.09330829631948,66.80265814245404
2024-12-30 17:43:26.297258,56.26498987651106,97.20995259008289
2024-12-30 17:43:26.297265,53.447787883036376,82.67907163609233
2024-12-30 17:43:26.297271,0.22180862715462935,96.93709963835619
2024-12-30 17:43:26.297278,19.560400884767503,16.541756188332425
2024-12-30 17:43:26.297286,22.28234495305542,82.49601930714064
2024-12-30 17:43:26.297293,37.51706759429083,38.41155926072277
2024-12-30 17:43:26.297300,3.6559855887799753,80.19789507605907
2024-12-30 17:43:26.297306,62.3472823410665,72.92268126225686
2024-12-30 17:43:26.297313,6.46309989064191,26.763951463357184
2024-12-30 17:43:26.297319,44.40077221678188,29.080537768885005
2024-12-30 17:43:26.297326,48.854033113504805,70.66976210673003
2024-12-30 17:43:26.297332,67.22384355417039,30.568738966871088
2024-12-30 17:43:26.297338,96.95484903065878,86.06182888347608
2024-12-30 17:43:26.297345,59.80084173092213,2.9509875446421474
2024-12-30 17:43:26.297351,95.48786408361369,24.159443827751936
2024-12-30 17:43:26.297357,1.3462001654748534,27.676232391875033
2024-12-30 17:43:26.297364,18.21971891517189,99.476849333978
2024-12-30 17:43:26.297370,64.72197926131716,95.56995419631701
2024-12-30 17:43:26.297377,92.4520963741917,35.539903806164176
2024-12-30 17:43:26.297385,4.3411228543601466,29.08965153397847
2024-12-30 17:43:26.297392,96.30620606457116,62.64906357299331
2024-12-30 17:43:26.297399,34.555406454478785,78.0730246100696
2024-12-30 17:43:26.297405,65.21205127623055,50.27733814177866
2024-12-30 17:43:26.297411,37.74769750555546,7.973336331667957
2024-12-30 17:43:26.297418,8.41091281413573,94.16543585754873
2024-12-30 17:43:26.297424,73.43451502852777,32.35818526042049
2024-12-30 17:43:26.297430,59.15969791975024,27.73028821676966
2024-12-30 17:43:26.297437,79.33689215509675,51.32530709013545
2024-12-30 17:43:26.297443,84.95107781385431,70.48462417294832
2024-12-30 17:43:26.297449,39.40885169393952,1.237448365970617
2024-12-30 17:43:26.297456,88.64477766300747,25.150157526123827
2024-12-30 17:43:26.297462,8.924589762495073,50.14757247592586
2024-12-30 17:43:26.297468,4.092870951441241,41.12574935766054
2024-12-30 17:43:26.297475,87.04150353055542,10.641511017302019
2024-12-30 17:43:26.297481,88.43743456393736,51.213550013821504
2024-12-30 17:43:26.297487,3.2559752730369707,13.294832507817922
2024-12-30 17:43:26.297494,49.5368291912475,88.7267084117977
2024-12-30 17:43:26.297500,7.327955635933847,51.46964354093514
2024-12-30 17:43:26.297506,74.57597409080151,67.23807414223893
2024-12-30 17:43:26.297513,32.65518481329608,88.41648922502023
2024-12-30 17:43:26.297519,70.14697401482697,83.18183658684761
2024-12-30 17:43:26.297525,68.05718355430959,95.33489544933612
2024-12-30 17:43:26.297534,42.370399316376925,16.39338197361657
2024-12-30 17:43:26.297541,94.44013342736604,58.87844628577288
2024-12-30 17:43:26.297547,65.27389727769354,75.80430220377835
2024-12-30 17:43:26.297554,62.90713049739425,80.12093016983002
2024-12-30 17:43:26.297560,50.46053339103187,52.07265183493567
2024-12-30 17:43:26.297566,96.5899774466882,75.46367433611985
2024-12-30 17:43:26.297573,77.17513283780045,57.10767813369095
2024-12-30 17:43:26.297582,55.81728765906876,35.0644882479555
2024-12-30 17:43:26.297589,50.96586925979752,96.69112097457639
2024-12-30 17:43:26.297595,11.343132128011735,17.825957526298765
2024-12-30 17:43:26.297602,28.493205383346087,28.0196845009551
2024-12-30 17:43:26.297608,32.30798866195643,0.7264058888477143
2024-12-30 17:43:26.297617,67.52469310076592,10.281614451506893
2024-12-30 17:43:26.297624,61.24575195798002,82.62783675527513
2024-12-30 17:43:26.297630,3.716569157824623,62.24814821707415
2024-12-30 17:43:26.297637,18.206967249001327,6.318180943854356
2024-12-30 17:43:26.297643,4.1972174001199125,39.333518384845966
2024-12-30 17:43:26.297649,39.598740684250146,87.39031895649353
2024-12-30 17:43:26.297656,5.768314439637234,8.191957663877513
2024-12-30 17:43:26.297662,68.21131123884926,84.49001769922697
2024-12-30 17:43:26.297668,31.62570047588661,0.5097881090700751
2024-12-30 17:43:26.297678,5.157682494935123,54.205548735757944
2024-12-30 17:43:26.297684,22.244713196276113,35.689614685130124
2024-12-30 17:43:26.297693,51.58499062305106,92.43176063607989
2024-12-30 17:43:26.297700,0.37021978020135293,69.33338712160769
2024-12-30 17:43:26.297706,13.982884180869215,10.500281208450001
2024-12-30 17:43:26.297712,7.95364215587796,27.53579543843361
2024-12-30 17:43:26.297719,74.36278834750247,92.4057607293942
2024-12-30 17:43:26.297725,99.44439347976619,91.95064696138827
2024-12-30 17:43:26.297731,3.480653062244299,46.69059712765107
2024-12-30 17:43:26.297738,14.251849504588154,66.15529855524356
2024-12-30 17:43:26.297744,88.78671112143458,65.07970588333436
2024-12-30 17:43:26.297750,90.95130081232955,27.302034865835058
2024-12-30 17:43:26.297757,95.78867260983112,55.524846946595666
2024-12-30 17:43:26.297763,25.877920358257523,15.653351579653108
2024-12-30 17:43:26.297770,60.30343311473434,73.57662434694105
2024-12-30 17:43:26.297776,32.79021610193011,96.70699066118992
2024-12-30 17:43:26.297783,29.824029370322325,79.78675610133993
2024-12-30 17:43:26.297789,10.772048252747911,98.55581246883128
2024-12-30 17:43:26.297795,24.71924284445167,69.31851961618814
2024-12-30 17:43:26.297802,85.64920922258071,57.90753878251152
2024-12-30 17:43:26.297808,62.189790191974545,87.92647666813744
2024-12-30 17:43:26.297814,37.422730197240305,33.24497148772932
2024-12-30 17:43:26.297821,96.6319521056236,15.699193564619074
2024-12-30 17:43:26.297827,75.1786886510119,58.00684647669051
2024-12-30 17:43:26.297834,31.573968620703006,40.64620181661839
2024-12-30 17:43:26.297843,87.34430868524548,88.53775295285993
2024-12-30 17:43:26.297850,2.6703298288628385,17.28903165858534
2024-12-30 17:43:26.297856,45.76738492991104,42.36208035827964
2024-12-30 17:43:26.297862,89.95920703505719,58.370533414817686
2024-12-30 17:43:26.297869,77.42708471148904,32.008441157598
2024-12-30 17:43:26.297875,8.451995457673023,49.5514621628203
2024-12-30 17:43:26.297881,74.7963678733637,5.263770894366326
2024-12-30 17:43:26.297888,68.39646146323328,1.5208166847086035
2024-12-30 17:43:26.297894,79.10820462326784,93.94839411935443
2024-12-30 17:43:26.297901,98.7586676623675,31.13684357316786
2024-12-30 17:43:26.297908,13.482080021890852,64.01465390738721
2024-12-30 17:43:26.297914,6.42942663862387,63.503572178572185
2024-12-30 17:43:26.297921,45.26516992758904,52.51662605597759
2024-12-30 17:43:26.297927,41.739202573133625,60.818017912505205
2024-12-30 17:43:26.297933,28.068289844344996,17.926793573860245
2024-12-30 17:43:26.297954,48.76175948699226,95.39337881309183
2024-12-30 17:43:26.297962,76.75237712254133,34.2922102301418
2024-12-30 17:43:26.297969,10.461639646577215,63.070283241555124
2024-12-30 17:43:26.297975,63.21563256105714,33.097332084349006
2024-12-30 17:43:26.297981,33.519524352493036,28.311005854754235
2024-12-30 17:43:26.297987,91.99687730888262,95.50882676615029
2024-12-30 17:43:26.297994,91.15637776715434,32.7862130758361
2024-12-30 17:43:26.298000,20.24609409206446,9.034769006157607
2024-12-30 17:43:26.298008,16.424088493312816,70.30564836315023
2024-12-30 17:43:26.298017,72.22300378680188,30.52528014945093
2024-12-30 17:43:26.298024,63.17739027536705,42.4945295400661
2024-12-30 17:43:26.298030,51.71952809487561,93.97636578072628
2024-12-30 17:43:26.298036,19.066780124084325,80.31753666276448
2024-12-30 17:43:26.298042,75.27053903260271,15.178935768665557
2024-12-30 17:43:26.298049,60.31057344949048,32.224660006703424
2024-12-30 17:43:26.298055,45.11042047819367,97.05634226548335
2024-12-30 17:43:26.298061,66.54063952861571,48.993863515864476
2024-12-30 17:43:26.298067,87.47785120891781,1.8458862729878067
2024-12-30 17:43:26.298073,1.521674204633372,43.12375710626791
2024-12-30 17:43:26.298080,41.64732669712886,47.92929984014226
2024-12-30 17:43:26.298086,65.06873396233563,96.44518533405927
2024-12-30 17:43:26.298092,86.1621502005857,77.90516043806826
2024-12-30 17:43:26.298098,92.2018257975954,45.34643033182483
2024-12-30 17:43:26.298107,68.56079076675668,8.268768433812246
2024-12-30 17:43:26.298114,80.86907551774716,28.846075787828298
2024-12-30 17:43:26.298120,43.7304731205967,53.815453945304505
2024-12-30 17:43:26.298126,70.80693816017553,59.74488907339022
2024-12-30 17:43:26.298132,17.659730675816554,37.26698183388084
2024-12-30 17:43:26.298138,40.491143757543945,47.84517509608038
2024-12-30 17:43:26.298144,39.30164536782345,15.838722847114095
2024-12-30 17:43:26.298150,37.77012118165947,12.50828788577274
2024-12-30 17:43:26.298159,25.020994169960765,44.69177476035776
2024-12-30 17:43:26.298166,52.02400183229883,95.7576784412824
2024-12-30 17:43:26.298172,64.84711679873219,33.6433382186584
2024-12-30 17:43:26.298178,58.70841227706243,68.16788637554465
2024-12-30 17:43:26.298184,49.70370430226997,61.178481422602296
2024-12-30 17:43:26.298190,54.485845610131044,48.17189542160263
2024-12-30 17:43:26.298197,70.64899329284964,77.64290244012082
2024-12-30 17:43:26.298203,17.537673726817673,61.182541945603816
2024-12-30 17:43:26.298209,61.76356177699993,67.17037617192577
2024-12-30 17:43:26.298215,95.28326580125544,97.47332652031858
2024-12-30 17:43:26.298221,90.23865753081236,94.62855809687487
2024-12-30 17:43:26.298227,96.76945845712616,57.61091832978005
2024-12-30 17:43:26.298233,40.92412892657787,44.60294948821616
2024-12-30 17:43:26.298240,1.1895533196824126,88.35798615366227
2024-12-30 17:43:26.298246,98.06793018633415,42.208058633501345
2024-12-30 17:43:26.298252,91.71144389793983,35.76207772126673
2024-12-30 17:43:26.298258,39.52190192119372,91.10157667546105
2024-12-30 17:43:26.298264,91.56393751856739,79.29845078125484
2024-12-30 17:43:26.298270,40.038537716805145,40.945177518934514
2024-12-30 17:43:26.298277,97.10415069775395,0.388480339108388
2024-12-30 17:43:26.298285,43.19404443055785,4.602476364350672
2024-12-30 17:43:26.298292,14.602054651837326,47.91845801205069
2024-12-30 17:43:26.298298,24.852686034010286,67.54757144752843
2024-12-30 17:43:26.298307,30.018903918117246,59.12770884491548
2024-12-30 17:43:26.298313,63.99638450299181,48.35705526222177
2024-12-30 17:43:26.298320,64.33171923215464,85.99695028956017
2024-12-30 17:43:26.298326,21.413512238166057,62.99505545233013
2024-12-30 17:43:26.298332,11.481768054694076,84.98449396702209
2024-12-30 17:43:26.298338,13.690645685871871,59.43525564383027
2024-12-30 17:43:26.298345,10.848768316807966,5.357808557749322
2024-12-30 17:43:26.298351,82.07280149025523,97.05069749254949
2024-12-30 17:43:26.298357,98.79815836894068,15.595792934767317
2024-12-30 17:43:26.298363,43.04492580469687,3.355402642645733
2024-12-30 17:43:26.298370,98.62274659847373,76.40580293185083
2024-12-30 17:43:26.298376,83.8399422272063,64.28823488499395
2024-12-30 17:43:26.298382,71.40889752948614,19.49027021591644
2024-12-30 17:43:26.298388,88.08032086503832,68.02931103904952
2024-12-30 17:43:26.298394,44.842985637607036,92.83647127462532
2024-12-30 17:43:26.298401,30.184320753616266,13.488723685373117
2024-12-30 17:43:26.298407,73.14377553995223,58.81968859490275
2024-12-30 17:43:26.298413,28.1915471488395,35.45934913448391
2024-12-30 17:43:26.298422,4.714617783854069,89.8205661046411
2024-12-30 17:43:26.298429,50.07585851078106,20.539746761687294
2024-12-30 17:43:26.298435,69.1809683111435,62.094082106545265
2024-12-30 17:43:26.298441,1.6019504703998932,40.56718618489597
2024-12-30 17:43:26.298448,30.48986038678907,89.23855242473607
2024-12-30 17:43:26.298456,24.953962514123905,70.50753022436315
2024-12-30 17:43:26.298463,62.02579203030714,10.58681986307153
2024-12-30 17:43:26.298469,90.88618724361098,66.21640701877443
2024-12-30 17:43:26.298475,28.192923878512122,34.357445712395716
2024-12-30 17:43:26.298482,36.179833077575,78.13685439294974
2024-12-30 17:43:26.298488,31.74923201174289,18.171371532317636
2024-12-30 17:43:26.298494,86.62332445555411,80.59830917105899
2024-12-30 17:43:26.298500,63.7873341491051,53.69202014711685
2024-12-30 17:43:26.298506,69.70165137650432,64.49973358156306
2024-12-30 17:43:26.298516,81.85299648459505,62.32825674788535
2024-12-30 17:43:26.298522,42.80513145072806,3.6981415099855752
2024-12-30 17:43:26.298528,71.88718825860478,19.384841736823066
2024-12-30 17:43:26.298534,24.60148560213289,47.6384224992438
2024-12-30 17:43:26.298540,44.572310740469156,72.38614787422154
2024-12-30 17:43:26.298547,34.86434259586364,90.8593462402938
2024-12-30 17:43:26.298553,87.5967927087468,69.51154421230568
2024-12-30 17:43:26.298559,6.80501916832883,27.110772835740526
2024-12-30 17:43:26.298565,98.50224147340575,42.18580680517627
2024-12-30 17:43:26.298572,63.1674652649514,75.18711798977718
2024-12-30 17:43:26.298578,80.78341754634413,95.23041219511386
2024-12-30 17:43:26.298584,69.38939712875025,19.542255048579293
2024-12-30 17:43:26.298590,43.05797813367575,54.66605495439797
2024-12-30 17:43:26.298596,37.63523147241572,45.43844693113823
2024-12-30 17:43:26.298605,53.06426550074236,73.97756013723064
2024-12-30 17:43:26.298613,64.56080033574906,96.78258126848917
2024-12-30 17:43:26.298620,26.616004916189862,5.738110489644043
2024-12-30 17:43:26.298626,72.51358445132367,53.57625572348669
2024-12-30 17:43:26.298632,99.35081184141016,7.341274912814133
2024-12-30 17:43:26.298639,32.87368888112756,8.365711067842485
2024-12-30 17:43:26.298645,20.149221374195058,38.20981216402507
2024-12-30 17:43:26.298651,37.37252107420499,54.14250595035627
2024-12-30 17:43:26.298657,27.960473497466452,30.681935903426748
2024-12-30 17:43:26.298663,16.942923310172265,21.45941995394184
2024-12-30 17:43:26.298670,37.130829168476296,92.51256877252794
2024-12-30 17:43:26.298676,88.07333099506211,94.06996818275584
2024-12-30 17:43:26.298682,82.23162036087945,73.49046525950138
2024-12-30 17:43:26.298688,70.32875054568646,51.2795080303257
2024-12-30 17:43:26.298694,77.78013753138768,60.2069733048269
2024-12-30 17:43:26.298703,4.937875056720841,26.828243368065728
2024-12-30 17:43:26.298710,88.63493493728447,23.22164964747644
2024-12-30 17:43:26.298716,64.31034367038978,83.71690017997237
2024-12-30 17:43:26.298722,27.830838315852212,54.13081715896777
2024-12-30 17:43:26.298728,29.638955540597344,75.94683360632487
2024-12-30 17:43:26.298734,16.002111514335017,58.360944071732824
2024-12-30 17:43:26.298740,80.65346957475431,58.20670403948689
2024-12-30 17:43:26.298747,63.28875294369622,52.810491437900666
2024-12-30 17:43:26.298763,99.52532967260336,64.04574782849387
2024-12-30 17:43:26.298771,10.920029995388592,15.986595935403313
2024-12-30 17:43:26.298777,94.54980901639578,30.928968156841062
2024-12-30 17:43:26.298783,85.35512842705441,61.523846717165256
2024-12-30 17:43:26.298790,10.975095394682032,86.79018690107971
2024-12-30 17:43:26.298796,49.3557550096938,34.47953704394763
2024-12-30 17:43:26.298802,16.838725000439247,69.6004867776439
2024-12-30 17:43:26.298808,60.564225370474965,0.01700938461609569
2024-12-30 17:43:26.298814,75.15299573371607,4.662376607373742
2024-12-30 17:43:26.298820,18.30266102172119,76.54747060492458
2024-12-30 17:43:26.298827,44.799030504537185,25.346113788005052
2024-12-30 17:43:26.298833,59.3573056271325,56.12566364647446
2024-12-30 17:43:26.298842,63.56534599812446,71.70444171346738
2024-12-30 17:43:26.298848,33.4784443562511,84.99002320531315
2024-12-30 17:43:26.298855,39.010140026510584,31.91388854729048
2024-12-30 17:43:26.298861,62.97003335736275,64.44544528521489
2024-12-30 17:43:26.298867,46.32119316241399,89.14442348473786
2024-12-30 17:43:26.298873,84.94723308461664,69.62892436380899
2024-12-30 17:43:26.298880,2.0313660701929193,23.199662539873213
2024-12-30 17:43:26.298886,12.020946839133073,80.49472245287636
2024-12-30 17:43:26.298892,11.161964355772724,9.895550239619554
2024-12-30 17:43:26.298898,33.857474077253215,97.1507185874125
2024-12-30 17:43:26.298904,17.699497508452524,61.21659012443914
2024-12-30 17:43:26.298913,51.93036451981434,21.05097160223204
2024-12-30 17:43:26.298919,95.63564791924847,64.05914551489683
2024-12-30 17:43:26.298926,10.885212189998207,45.256479441351395
2024-12-30 17:43:26.298934,9.173007020986102,9.75665407363544
2024-12-30 17:43:26.298942,74.81383028368447,29.74701768984903
2024-12-30 17:43:26.298950,4.699330157390314,11.037609065809894
2024-12-30 17:43:26.298957,84.75469028163648,21.71793521540515
2024-12-30 17:43:26.298977,40.676325397037225,33.99109502182518
2024-12-30 17:43:26.298983,93.34099001822652,3.7019517396299717
2024-12-30 17:43:26.298989,50.75221808745175,84.71246855102471
2024-12-30 17:43:26.298995,74.87037257850656,6.354360830761518
2024-12-30 17:43:26.299001,84.60847042591038,14.436763823973731
2024-12-30 17:43:26.299007,50.57011374135784,54.763267354111
2024-12-30 17:43:26.299013,28.12813469645046,69.42501432228994
2024-12-30 17:43:26.299019,78.88446781470704,80.8571144996681
2024-12-30 17:43:26.299025,39.811148534205856,97.4562581988375
2024-12-30 17:43:26.299031,40.748244239383446,83.7314006748014
2024-12-30 17:43:26.299037,28.441116771309716,34.084384107248574
2024-12-30 17:43:26.299043,53.52108042620631,63.25735958360779
2024-12-30 17:43:26.299049,34.19244299418261,89.05498682854335
2024-12-30 17:43:26.299055,84.8195086226513,46.44873356207756
2024-12-30 17:43:26.299060,90.89770648837752,76.27622917651388
2024-12-30 17:43:26.299066,93.60597858697676,56.37208823526537
2024-12-30 17:43:26.299075,20.473173521738055,95.60460011648043
2024-12-30 17:43:26.299081,67.61204834499489,79.22878276238092
2024-12-30 17:43:26.299087,34.89469015982686,0.2471932850981351
2024-12-30 17:43:26.299093,43.227649813786016,1.6624144843739863
2024-12-30 17:43:26.299099,33.812902763214325,39.719519993708985
2024-12-30 17:43:26.299106,44.813857424784864,81.27490093688061
2024-12-30 17:43:26.299111,39.044742094864226,78.22947333123497
2024-12-30 17:43:26.299117,16.04638703988114,79.75698385382569
2024-12-30 17:43:26.299123,8.879379991552462,11.02995232066285
2024-12-30 17:43:26.299130,7.13955561697297,13.013068133127604
2024-12-30 17:43:26.299136,30.24110832608905,43.871559145725634
2024-12-30 17:43:26.299142,27.382562064844617,27.90270524644628
2024-12-30 17:43:26.299148,7.741195896906228,9.868012018970497
2024-12-30 17:43:26.299154,91.851239724975,79.2675669138342
2024-12-30 17:43:26.299159,19.382241954743673,46.11230963058595
2024-12-30 17:43:26.299165,2.142933756248122,57.931311898849955
2024-12-30 17:43:26.299171,47.39452758572872,98.28858448803565
2024-12-30 17:43:26.299177,46.24948208139658,92.84689246259516
2024-12-30 17:43:26.299183,29.741079192862774,93.63289224753083
2024-12-30 17:43:26.299189,14.606242305866823,84.5823108619633
2024-12-30 17:43:26.299195,8.855378231602362,54.1779620529255
2024-12-30 17:43:26.299201,58.75681592978403,58.74122027018467
2024-12-30 17:43:26.299207,45.0978913851662,51.6931213789816
2024-12-30 17:43:26.299216,97.65779116448672,37.1319630764947
2024-12-30 17:43:26.299222,53.93597150139027,78.98903690696767
2024-12-30 17:43:26.299228,51.84502476703633,97.12746960753091
2024-12-30 17:43:26.299234,74.20847639387202,15.029458541447504
2024-12-30 17:43:26.299240,2.0945424470547924,69.71117949121964
2024-12-30 17:43:26.299247,60.72361640456546,73.87103662675807
2024-12-30 17:43:26.299255,65.80097836074373,40.42789473270847
2024-12-30 17:43:26.299261,28.940835144315802,21.518754782987017
2024-12-30 17:43:26.299268,5.323685051494998,25.73087372795473
2024-12-30 17:43:26.299276,19.694128130994805,33.526621732766095
2024-12-30 17:43:26.299282,78.49121935804679,65.47021454555563
2024-12-30 17:43:26.299288,99.55346725459016,87.54514171585029
2024-12-30 17:43:26.299294,11.421462438030472,2.1885644747574595
2024-12-30 17:43:26.299300,35.69600704399194,80.62191030692017
2024-12-30 17:43:26.299306,76.25469176681918,72.05067374034732
2024-12-30 17:43:26.299312,43.77868492572027,64.4654526258897
2024-12-30 17:43:26.299318,89.01050518418015,40.50588310695687
2024-12-30 17:43:26.299325,46.35762776348338,33.436792512900084
2024-12-30 17:43:26.299331,46.00248526181443,17.750870244050667
2024-12-30 17:43:26.299337,68.02177421793809,50.18863208073528
2024-12-30 17:43:26.299345,90.69488998924315,45.667353751411085
2024-12-30 17:43:26.299351,70.43703935436912,6.989811006752356
2024-12-30 17:43:26.299357,13.380171868415925,82.82723986786965
2024-12-30 17:43:26.299365,52.84490209211834,35.08322627747808
2024-12-30 17:43:26.299372,70.35158288749534,59.773226892257256
2024-12-30 17:43:26.299378,62.4109970472703,53.0747024155725
2024-12-30 17:43:26.299384,20.678151073403438,64.6970629315696
2024-12-30 17:43:26.299390,73.70055778508302,57.88495778653634
2024-12-30 17:43:26.299396,90.08018142633486,88.83628847902827
2024-12-30 17:43:26.299402,66.77716784053109,88.56741690937332
2024-12-30 17:43:26.299408,93.35958844570416,32.74237876873666
2024-12-30 17:43:26.299414,42.733311919131665,57.996230824444325
2024-12-30 17:43:26.299420,10.825832323472662,10.7200875063998
2024-12-30 17:43:26.299426,62.391975324875325,9.97755907994733
2024-12-30 17:43:26.299433,15.917831642897895,57.16587776206491
2024-12-30 17:43:26.299438,61.611735352931476,9.622021876652942
2024-12-30 17:43:26.299444,34.17795009503505,51.43696643860156
2024-12-30 17:43:26.299450,88.45240748442869,43.905884132282814
2024-12-30 17:43:26.299456,24.985758636593193,1.0182986588884169
2024-12-30 17:43:26.299463,3.7723155758735305,21.90960285952691
2024-12-30 17:43:26.299468,5.65008256323043,85.40854544691454
2024-12-30 17:43:26.299474,4.061875817627336,1.7404944642670173
2024-12-30 17:43:26.299480,60.53180790819515,67.62108794789489
2024-12-30 17:43:26.299486,23.863101173053426,86.06030447984023
2024-12-30 17:43:26.299492,20.74728418850621,93.56042160662406
2024-12-30 17:43:26.299499,34.80315888579798,88.26921381980345
2024-12-30 17:43:26.299507,73.20545100045398,59.54322118718074
2024-12-30 17:43:26.299513,15.935627692148657,54.16202672862027
2024-12-30 17:43:26.299519,45.20353741054102,49.80277553257453
2024-12-30 17:43:26.299525,95.36484616782602,33.3528718824696
2024-12-30 17:43:26.299531,35.464189149689595,14.002885427959821
2024-12-30 17:43:26.299537,87.32976322535863,90.30793224806949
2024-12-30 17:43:26.299544,13.469088744151247,20.45360451310755
2024-12-30 17:43:26.299550,41.35537839956132,53.17181030793794
2024-12-30 17:43:26.299556,27.536950311940256,46.8859408725769
2024-12-30 17:43:26.299562,7.704183043761848,89.63107202708564
2024-12-30 17:43:26.299568,66.79212008180662,54.669963007369645
2024-12-30 17:43:26.299574,17.25164350823273,2.885984824939891
2024-12-30 17:43:26.299580,83.08440006569859,9.813779190759874
2024-12-30 17:43:26.299588,47.78850910698088,57.88245594803658
2024-12-30 17:43:26.299595,26.79737371317904,1.470883585065097
2024-12-30 17:43:26.299601,37.91580870024895,93.62790360099655
2024-12-30 17:43:26.299607,33.56815434933749,63.60743084061398
2024-12-30 17:43:26.299613,19.72311763356491,3.0907236600470234
2024-12-30 17:43:26.299619,95.27918836619607,13.295914933561958
2024-12-30 17:43:26.299625,39.17675794943839,34.900461997613604
2024-12-30 17:43:26.299631,80.83771991009986,25.97602269798619
2024-12-30 17:43:26.299637,83.72108755062875,36.937078722695915
2024-12-30 17:43:26.299643,91.7226382145536,31.01682874205236
2024-12-30 17:43:26.299652,64.14636512860412,89.25827104681308
2024-12-30 17:43:26.299661,77.13150047406062,62.30289199429642
2024-12-30 17:43:26.299667,78.93588722910015,55.87185881281715
2024-12-30 17:43:26.299673,23.993613434668237,40.42042059463711
2024-12-30 17:43:26.299679,23.94484537944923,36.14261109063621
2024-12-30 17:43:26.299685,80.6165635284132,89.74451327853893
2024-12-30 17:43:26.299691,55.440772151966875,82.27261889835628
2024-12-30 17:43:26.299697,51.391191598251254,44.392051806321966
2024-12-30 17:43:26.299703,9.859084553063246,99.59861994049508
2024-12-30 17:43:26.299709,61.66627756508707,54.958412056898794
2024-12-30 17:43:26.299715,9.02177928367136,83.76870573403396
2024-12-30 17:43:26.299721,24.109056214260004,39.7141290708149
2024-12-30 17:43:26.299727,40.92928937750846,53.07786131768106
2024-12-30 17:43:26.299733,33.44640849724827,23.561164283704983
2024-12-30 17:43:26.299742,0.5838074014332229,95.00748036588298
2024-12-30 17:43:26.299748,53.433981363648776,6.6687954884714795
2024-12-30 17:43:26.299754,51.331105387763174,70.06951486185396
2024-12-30 17:43:26.299760,39.714271430264304,2.0014811947987377
2024-12-30 17:43:26.299766,77.20664099332274,83.33908936929954
2024-12-30 17:43:26.299772,9.78720803916181,52.95828002925227
2024-12-30 17:43:26.299778,34.5251209992665,15.908413520187548
2024-12-30 17:43:26.299784,68.01594193456968,64.48790810559738
2024-12-30 17:43:26.299790,82.37247239333476,31.583427744637838
2024-12-30 17:43:26.299798,84.40036023966579,6.8920211313773905
2024-12-30 17:43:26.299805,54.11916084954239,61.59457473828833
2024-12-30 17:43:26.299811,37.012686365099135,85.57385924221418
2024-12-30 17:43:26.299817,71.082075069039,52.88059324663868
2024-12-30 17:43:26.299823,23.1098019593269,67.89417098284815
2024-12-30 17:43:26.299829,50.79319083070136,85.71217830743683
2024-12-30 17:43:26.299835,38.492283556264404,4.850995959128712
2024-12-30 17:43:26.299841,48.772829162738596,68.44887843738707
2024-12-30 17:43:26.299847,42.611608125840604,50.567241702577626
2024-12-30 17:43:26.299853,39.6163732071089,67.07258012443673
2024-12-30 17:43:26.299859,90.41141074722674,88.07135828437809
2024-12-30 17:43:26.299865,26.902176457993242,28.283708390518704
2024-12-30 17:43:26.299871,82.92490485074349,95.06653779487182
2024-12-30 17:43:26.299877,71.57489083664274,28.235835306053502
2024-12-30 17:43:26.299883,21.424575636815646,37.11379475413275
2024-12-30 17:43:26.299889,98.45829029006849,4.657674113523447
2024-12-30 17:43:26.299895,85.72214629225773,72.56321168681241
2024-12-30 17:43:26.299903,81.94890768896725,88.4330416228974
2024-12-30 17:43:26.299910,48.667777077799876,64.20845981598747
2024-12-30 17:43:26.299916,35.146495613236006,25.920406981406074
2024-12-30 17:43:26.299922,87.60951875804828,49.1777119562723
2024-12-30 17:43:26.299928,23.80620348828123,47.05389076588173
2024-12-30 17:43:26.299934,43.07357004799122,58.78387224777789
2024-12-30 17:43:26.299942,42.11316252971683,59.369829253541404
2024-12-30 17:43:26.299949,54.229058278578556,66.70908305625505
2024-12-30 17:43:26.299955,91.26589324730676,28.161906686311568
2024-12-30 17:43:26.299961,51.5931080956062,35.488136525019264
2024-12-30 17:43:26.299967,90.31210531278462,94.08897748000152
2024-12-30 17:43:26.299973,26.175709518914648,1.7684185375726025
2024-12-30 17:43:26.299979,20.2139742334681,98.93888786035264
2024-12-30 17:43:26.299986,54.28037739481611,75.77240696995837
2024-12-30 17:43:26.299992,37.54610097834578,2.0598969207859197
2024-12-30 17:43:26.299998,98.6849957808302,44.18711653144416
2024-12-30 17:43:26.300004,82.15319241966793,9.313419133213252
2024-12-30 17:43:26.300010,92.88332064738341,53.304001838068835
2024-12-30 17:43:26.300016,85.37024387181566,9.860650914800772
2024-12-30 17:43:26.300022,17.889596984715272,67.27939696663525
2024-12-30 17:43:26.300028,31.69193418549202,84.79430098097744
2024-12-30 17:43:26.300034,37.28903513902291,55.46406662105403
2024-12-30 17:43:26.300040,48.46481415243606,90.11420396036863
2024-12-30 17:43:26.300049,10.923924774206773,26.98289020575335
2024-12-30 17:43:26.300056,21.40784546684138,85.46462956136598
2024-12-30 17:43:26.300062,23.318740501276437,59.336041401926884
2024-12-30 17:43:26.300068,68.89131474784183,51.261000984336356
2024-12-30 17:43:26.300074,2.485512641381238,8.756404305475352
2024-12-30 17:43:26.300114,6.148703986802206,5.339283864402722
2024-12-30 17:43:26.300136,85.29558720219627,30.403388039625955
2024-12-30 17:43:26.300144,5.4588648755988896,17.49137419531256
2024-12-30 17:43:26.300151,3.654802099820731,3.1376394650068473
2024-12-30 17:43:26.300157,83.05931437068116,85.14010550124983
2024-12-30 17:43:26.300163,49.435009898914004,97.8227783583517
2024-12-30 17:43:26.300169,51.310084280096824,45.9911616371019
2024-12-30 17:43:26.300175,58.033498800078874,7.134898429059755
2024-12-30 17:43:26.300181,98.98401640118051,46.8915319646648
2024-12-30 17:43:26.300191,57.425190294395776,55.27416914244224
2024-12-30 17:43:26.300198,35.46430014414601,68.92182312598256
2024-12-30 17:43:26.300204,39.27799102171443,79.45782313681225
2024-12-30 17:43:26.300210,30.900115629890223,93.68968951285602
2024-12-30 17:43:26.300216,41.457770996241706,26.151174843133052
2024-12-30 17:43:26.300223,83.08989973536994,62.347113964438606
2024-12-30 17:43:26.300230,3.455648317538984,79.66614357698789
2024-12-30 17:43:26.300236,53.36586236549733,30.60573187038208
2024-12-30 17:43:26.300242,20.65708552628578,99.14841498099354
2024-12-30 17:43:26.300248,4.902725182243117,29.565716950403996
2024-12-30 17:43:26.300254,53.37305451348776,68.36338218846109
2024-12-30 17:43:26.300260,73.57973400755655,63.674608445043454
2024-12-30 17:43:26.300266,42.64343783985696,0.16370923725570474
2024-12-30 17:43:26.300274,90.25370959911001,33.792059726543755
2024-12-30 17:43:26.300281,97.79499963498549,40.58328848978432
2024-12-30 17:43:26.300289,33.212199364265615,89.12554431759632
2024-12-30 17:43:26.300296,83.7031488275682,71.09078114533193
2024-12-30 17:43:26.300302,36.87567338047661,76.75400325096619
2024-12-30 17:43:26.300308,6.3146946135035575,76.1979652548839
2024-12-30 17:43:26.300314,27.645977677696788,61.31627542975361
2024-12-30 17:43:26.300320,6.202235748595919,30.247832467568504
2024-12-30 17:43:26.300326,18.52007241995074,10.637706427814885
2024-12-30 17:43:26.300332,86.6401903254121,95.47088597229511
2024-12-30 17:43:26.300338,1.2712064606414053,9.368585483283765
2024-12-30 17:43:26.300344,62.15815389670225,21.456046096430892
2024-12-30 17:43:26.300350,74.4536125206971,70.3332383716847
2024-12-30 17:43:26.300356,97.87425829734498,67.38325148714644
2024-12-30 17:43:26.300362,77.34173087050885,85.03076365389646
2024-12-30 17:43:26.300368,92.07483860451815,57.28039005450092
2024-12-30 17:43:26.300374,53.099795147157025,94.41384559459502
2024-12-30 17:43:26.300380,41.573054582816596,72.53644680565543
2024-12-30 17:43:26.300386,54.00413737353217,53.6966036990751
2024-12-30 17:43:26.300392,85.73682315137525,68.97523935736885
2024-12-30 17:43:26.300398,56.355184445955494,34.795944793462795
2024-12-30 17:43:26.300404,57.60080291558742,36.343107100207526
2024-12-30 17:43:26.300410,0.3117587332312266,59.79287757091372
2024-12-30 17:43:26.300416,91.77391693827568,21.04825749916135
2024-12-30 17:43:26.300422,5.889691226587635,93.87167216745128
2024-12-30 17:43:26.300430,88.43501469625281,53.30076795430333
2024-12-30 17:43:26.300437,80.78959520296605,53.793251792336335
2024-12-30 17:43:26.300443,85.7380411012013,69.92205650573216
2024-12-30 17:43:26.300449,51.8603103147907,55.81032584341061
2024-12-30 17:43:26.300455,70.66409504719516,98.0966000600469
2024-12-30 17:43:26.300461,40.816413082392074,27.48701377730822
2024-12-30 17:43:26.300467,35.77401586714056,3.749926013925764
2024-12-30 17:43:26.300473,5.547657841817277,12.703106399922703
2024-12-30 17:43:26.300479,56.108419049618405,4.746450221344867
2024-12-30 17:43:26.300485,79.37294498627867,41.021841126981876
2024-12-30 17:43:26.300491,45.821740134960635,52.87079432656855
2024-12-30 17:43:26.300500,10.126868300641323,65.84159427773893
2024-12-30 17:43:26.300506,96.57091047916379,87.28333256761664
2024-12-30 17:43:26.300512,85.03597239736608,75.18599249502932
2024-12-30 17:43:26.300518,47.86859592132111,55.517690866685896
2024-12-30 17:43:26.300524,0.1908848647319661,22.946627456488677
2024-12-30 17:43:26.300530,10.756204548599102,30.419426836714702
2024-12-30 17:43:26.300536,13.161175768757793,43.66743372298561
2024-12-30 17:43:26.300542,54.6703385184954,86.54750773531393
2024-12-30 17:43:26.300548,9.465967405736365,51.74456883629617
2024-12-30 17:43:26.300554,26.44162944437518,1.5373763614493718
2024-12-30 17:43:26.300560,13.285379675093257,26.17783880714247
2024-12-30 17:43:26.300566,97.8450249071218,84.28908404466613
2024-12-30 17:43:26.300574,79.45133385058952,42.86665952735944
2024-12-30 17:43:26.300581,96.07611766248253,82.68490604176051
2024-12-30 17:43:26.300591,46.69912841425252,44.503133720872455
2024-12-30 17:43:26.300598,85.87793412427864,90.70354231174375
2024-12-30 17:43:26.300604,54.08845389455076,53.81145791728329
2024-12-30 17:43:26.300610,77.49711886712124,94.68666328672626
2024-12-30 17:43:26.300616,56.83742421220119,99.76707910405145
2024-12-30 17:43:26.300622,25.640780840513845,26.607387299337383
2024-12-30 17:43:26.300628,42.12178893417512,43.28103375633721
2024-12-30 17:43:26.300634,4.577059624368973,42.220735479859506
2024-12-30 17:43:26.300640,3.360917201741598,30.287674094399343
2024-12-30 17:43:26.300646,95.20094232165478,30.76108244902921
2024-12-30 17:43:26.300652,75.46187021668854,33.19555461530713
2024-12-30 17:43:26.300658,19.783947474904394,33.0660308877676
2024-12-30 17:43:26.300664,0.15935626800386293,78.29903045803171
2024-12-30 17:43:26.300670,56.63173505845095,67.78211881701253
2024-12-30 17:43:26.300676,16.97292347756,24.530940779736866
2024-12-30 17:43:26.300682,91.35854751868088,12.81566471950848
2024-12-30 17:43:26.300688,98.16092785149036,40.37324003316982
2024-12-30 17:43:26.300694,65.95982075498425,31.705033002043038
2024-12-30 17:43:26.300700,62.14670183724094,87.5362850289032
2024-12-30 17:43:26.300707,83.57997694325131,35.91715193508246
2024-12-30 17:43:26.300713,60.83597204386169,93.74178552669065
2024-12-30 17:43:26.300721,6.847005197605349,61.71525518711416
2024-12-30 17:43:26.300728,40.46648457732912,1.7917044277835803
2024-12-30 17:43:26.300734,17.096655895175772,45.812802491200074
2024-12-30 17:43:26.300740,52.71189456896277,38.240020459223544
2024-12-30 17:43:26.300746,69.74311484291033,17.748587600965738
2024-12-30 17:43:26.300752,53.761860475124166,96.14073312432834
2024-12-30 17:43:26.300758,22.108756119432183,72.24666045822646
2024-12-30 17:43:26.300764,86.10899250368556,18.11993149994613
2024-12-30 17:43:26.300770,91.23088392269227,33.60758729699469
2024-12-30 17:43:26.300776,4.906611632963598,83.46995767680978
2024-12-30 17:43:26.300782,95.13028984169478,42.257424087086925
2024-12-30 17:43:26.300788,57.18034842939167,93.43746863986557
2024-12-30 17:43:26.300794,40.295378902973724,13.52468483829542
2024-12-30 17:43:26.300800,33.973131859663816,45.678350760995414
2024-12-30 17:43:26.300806,28.335454638754253,44.36146865212206
2024-12-30 17:43:26.300813,99.90930277036122,4.636497565368492
2024-12-30 17:43:26.300819,8.445515613964227,27.414652915800563
2024-12-30 17:43:26.300825,5.575200759284504,22.767440399704387
2024-12-30 17:43:26.300831,77.49415496189441,51.58048568880701
2024-12-30 17:43:26.300837,36.07957044777946,72.96998072358963
2024-12-30 17:43:26.300843,54.63550202862759,57.61870527492481
2024-12-30 17:43:26.300849,13.717411537659373,4.557481583803879
2024-12-30 17:43:26.300855,81.10251388238144,44.899115097824094
2024-12-30 17:43:26.300863,43.41480282359594,73.23232412579014
2024-12-30 17:43:26.300869,43.169610959374,57.64852967394385
2024-12-30 17:43:26.300876,81.5772619876495,87.03476709484764
2024-12-30 17:43:26.300882,86.43829372128951,7.7843558937849
2024-12-30 17:43:26.300888,46.58092059729928,34.332221379831694
2024-12-30 17:43:26.300897,9.488699519420285,75.93456494061894
2024-12-30 17:43:26.300906,50.882407425692136,24.112501019272482
2024-12-30 17:43:26.300912,43.353455621731676,72.77620137980308
2024-12-30 17:43:26.300918,45.332650737583535,90.18937282359128
2024-12-30 17:43:26.300924,71.13748380494681,40.527562535976834
2024-12-30 17:43:26.300930,0.20998083734453665,26.831769198624357
2024-12-30 17:43:26.300936,51.514045521520366,26.72286582848059
2024-12-30 17:43:26.300942,69.54029949468145,20.181916061115114
2024-12-30 17:43:26.300948,17.203632612695184,75.71507357151181
2024-12-30 17:43:26.300954,95.45752120035336,78.8037839895836
2024-12-30 17:43:26.300960,34.785976573787046,2.033212703817211
2024-12-30 17:43:26.300966,48.03448706203083,0.7982091702228855
2024-12-30 17:43:26.300973,47.461770085853594,5.456392901938589
2024-12-30 17:43:26.300979,58.21072913871107,38.277384356455904
2024-12-30 17:43:26.300988,81.87398056892738,37.4557411282647
2024-12-30 17:43:26.300994,81.50294590271531,43.37191637753865
2024-12-30 17:43:26.301000,16.880395226942547,21.1541379111873
2024-12-30 17:43:26.301006,66.58483036644947,4.367213463198382
2024-12-30 17:43:26.301014,93.4083357264482,98.9382035405813
2024-12-30 17:43:26.301020,33.748948569744655,87.44266444453943
2024-12-30 17:43:26.301026,49.95205423289223,92.36181500654148
2024-12-30 17:43:26.301032,69.0367599107196,58.42496410723499
2024-12-30 17:43:26.301039,62.0157997528262,56.31488469207806
2024-12-30 17:43:26.301045,17.697446618653167,41.44410421615229
2024-12-30 17:43:26.301051,45.5198482496476,30.90406576635204
2024-12-30 17:43:26.301057,93.36630074555201,90.19820154202074
2024-12-30 17:43:26.301063,47.16908181774061,23.523844259772687
2024-12-30 17:43:26.301069,91.41132144600903,66.06951845649682
2024-12-30 17:43:26.301075,62.14255911178574,91.48221465222677
2024-12-30 17:43:26.301081,20.44477106299698,26.266857853662618
2024-12-30 17:43:26.301087,40.751555910116,47.706349612960274
2024-12-30 17:43:26.301093,79.08599459664548,74.11492813204299
2024-12-30 17:43:26.301099,3.0369515132978253,75.61165272110878
2024-12-30 17:43:26.301105,2.993322150649913,97.2894327435003
2024-12-30 17:43:26.301111,87.79114465071663,38.25516763483957
2024-12-30 17:43:26.301117,82.59473574695447,41.25208738439326
2024-12-30 17:43:26.301123,57.05814844918413,23.782891493897363
2024-12-30 17:43:26.301129,37.86604649727134,57.51185499241519
2024-12-30 17:43:26.301135,4.728854381461723,16.39266532657917
2024-12-30 17:43:26.301141,88.92751235922627,13.098940369365087
2024-12-30 17:43:26.301147,65.45741852548038,58.50979753587394
2024-12-30 17:43:26.301156,21.66440788948176,67.22647643983697
2024-12-30 17:43:26.301162,97.54192509748955,77.36085222032263
2024-12-30 17:43:26.301168,65.54947613873841,25.67557529979788
2024-12-30 17:43:26.301174,60.22528811141492,14.584552239820825
2024-12-30 17:43:26.301180,99.801017082501,15.94471687356438
2024-12-30 17:43:26.301186,45.516524713996645,49.855714059046576
2024-12-30 17:43:26.301192,85.90073342751175,24.390974393160025
2024-12-30 17:43:26.301198,29.77781173976983,73.65954601573277
2024-12-30 17:43:26.301204,94.39644944408467,46.77047584375404
2024-12-30 17:43:26.301210,61.25197433581305,53.27839204496778
2024-12-30 17:43:26.301219,65.98876969209331,5.963784144164686
2024-12-30 17:43:26.301225,83.45979443999555,7.890329381137507
2024-12-30 17:43:26.301231,48.73721144433119,10.533784548977376
2024-12-30 17:43:26.301237,3.4246340186224744,78.58834000078093
2024-12-30 17:43:26.301243,59.18346525243712,37.16536484191948
2024-12-30 17:43:26.301249,30.333961867666346,72.98378130703026
2024-12-30 17:43:26.301255,46.14986786069611,34.46940288320287
2024-12-30 17:43:26.301261,70.07516541328741,17.224391719442934
2024-12-30 17:43:26.301267,92.95276100118497,34.51313601455573
2024-12-30 17:43:26.301273,42.20576476707667,81.1830731055145
2024-12-30 17:43:26.301279,90.23350989197478,42.655429742908964
2024-12-30 17:43:26.301285,59.033297313105535,92.23376525103653
2024-12-30 17:43:26.301294,81.93800710490906,21.86409223541872
2024-12-30 17:43:26.301302,56.57554277950505,45.343638331219225
2024-12-30 17:43:26.301308,50.9594339422927,62.34583495879322
2024-12-30 17:43:26.301314,20.663131577074868,80.10759915934267
2024-12-30 17:43:26.301320,28.97684944320388,27.89712897430431
2024-12-30 17:43:26.301326,9.87880564023712,53.228165640299494
2024-12-30 17:43:26.301332,88.28784463487347,66.07767573140029
2024-12-30 17:43:26.301339,12.298734650645748,61.87085206490506
2024-12-30 17:43:26.301345,82.01338388870184,23.15484588745068
2024-12-30 17:43:26.301351,36.740943259967764,67.6769521232561
2024-12-30 17:43:26.301357,34.447769494933986,22.948041420727982
2024-12-30 17:43:26.301363,48.73916359991571,48.94254557748582
2024-12-30 17:43:26.301369,62.166742634329175,45.9829932868995
2024-12-30 17:43:26.301375,17.424046109438805,97.78792908022591
2024-12-30 17:43:26.301384,7.538421617792157,29.194532748501256
2024-12-30 17:43:26.301390,30.83456646357249,2.005073476647923
2024-12-30 17:43:26.301396,41.325796911436555,9.462664642827312
2024-12-30 17:43:26.301402,36.29104070007677,79.86889827373838
2024-12-30 17:43:26.301408,54.83951901920929,84.58149532870536
2024-12-30 17:43:26.301414,23.641697451623532,64.242745354305
2024-12-30 17:43:26.301420,49.89599723800967,58.32157590064997
2024-12-30 17:43:26.301426,49.70312439920184,94.90291859832826
2024-12-30 17:43:26.301432,24.166441666313542,21.3923190233167
2024-12-30 17:43:26.301438,55.017580572126434,41.7072466933313
2024-12-30 17:43:26.301454,70.70154403971993,93.86434419159313
2024-12-30 17:43:26.301461,99.65708707460894,78.96029340901201
2024-12-30 17:43:26.301467,67.3725036197314,46.1133358474882
2024-12-30 17:43:26.301473,41.08658035542463,13.54129050940589
2024-12-30 17:43:26.301479,40.95294570750868,53.81692597196505
2024-12-30 17:43:26.301485,86.50824929463,44.984463319654985
2024-12-30 17:43:26.301491,36.42034290839199,73.41216083339228
2024-12-30 17:43:26.301497,73.81234931381141,15.177038530866316
2024-12-30 17:43:26.301503,7.138478931031067,35.97595631838888
2024-12-30 17:43:26.301509,28.590543028552318,39.68414632739589
2024-12-30 17:43:26.301515,21.75147450520405,62.691770205528826
2024-12-30 17:43:26.301521,12.697110811724189,51.315618744710804
2024-12-30 17:43:26.301527,89.44036479040543,36.89361500027199
2024-12-30 17:43:26.301533,19.561663513014295,32.920077392596134
2024-12-30 17:43:26.301541,10.544547100765179,66.40030799358543
2024-12-30 17:43:26.301547,19.1281572196058,51.1801076339786
2024-12-30 17:43:26.301554,47.04368172828667,42.47029402930057
2024-12-30 17:43:26.301560,79.55532766407264,94.00961669102612
2024-12-30 17:43:26.301566,56.84477210395067,50.52177860031088
2024-12-30 17:43:26.301572,53.92485091606625,76.27069494093661
2024-12-30 17:43:26.301578,67.01470292347581,73.08349327255345
2024-12-30 17:43:26.301584,82.88564945548434,89.33856408051953
2024-12-30 17:43:26.301590,60.65215193325236,23.762183951906803
2024-12-30 17:43:26.301598,33.42403454678895,99.68859426700992
2024-12-30 17:43:26.301605,3.1779273994236523,49.486707164578235
2024-12-30 17:43:26.301611,43.10674899611975,68.9675267048567
2024-12-30 17:43:26.301617,1.572906742666924,58.18529796865365
2024-12-30 17:43:26.301623,96.28950181787789,9.819470739944114
2024-12-30 17:43:26.301629,88.61390044446696,5.790079893058008
2024-12-30 17:43:26.301635,20.873442898386983,58.533382330124425
2024-12-30 17:43:26.301640,97.06717761599253,4.086085709584908
2024-12-30 17:43:26.301646,46.2681280250111,47.67634315332485
2024-12-30 17:43:26.301652,73.05916266236785,30.760064434036615
2024-12-30 17:43:26.301658,42.46242044473203,65.96242494074257
2024-12-30 17:43:26.301664,40.14655904548636,5.410084353461919
2024-12-30 17:43:26.301670,59.39204510358495,89.57169494964778
2024-12-30 17:43:26.301676,48.50449702131313,36.334878331076546
2024-12-30 17:43:26.301682,34.25499299586332,2.657556867635835
2024-12-30 17:43:26.301688,59.71128562601885,91.54306274290094
2024-12-30 17:43:26.301697,11.637166902435137,9.426598187115864
2024-12-30 17:43:26.301703,31.81559371482765,33.051252448090494
2024-12-30 17:43:26.301709,52.49928421299232,32.825574176982286
2024-12-30 17:43:26.301715,67.82845316788043,54.91774679926057
2024-12-30 17:43:26.301721,28.926437154719054,28.836350289470538
2024-12-30 17:43:26.301727,62.8007257908471,60.8538083083853
2024-12-30 17:43:26.301733,43.213118845039425,15.805106852357909
2024-12-30 17:43:26.301741,35.736063412438014,40.7028224303712
2024-12-30 17:43:26.301748,98.40264655337977,86.50460147386548
2024-12-30 17:43:26.301754,48.247147943027514,57.203111661088414
2024-12-30 17:43:26.301760,95.50517876554069,49.37531548346483
2024-12-30 17:43:26.301766,22.518970788981274,6.8885522704819735
2024-12-30 17:43:26.301772,42.33302804926405,69.22080748784964
2024-12-30 17:43:26.301778,86.39212367528067,68.53149492194893
2024-12-30 17:43:26.301786,21.09853744674266,33.67101722175231
2024-12-30 17:43:26.301792,44.80278741793167,78.26076519397373
2024-12-30 17:43:26.301798,72.75079161228616,18.676708355016892
2024-12-30 17:43:26.301804,98.72423616165314,77.37883240501905
2024-12-30 17:43:26.301810,53.26773247659213,87.13486725163567
2024-12-30 17:43:26.301816,62.74872677429302,5.600552152375959
2024-12-30 17:43:26.301823,29.310398650409695,52.248232917986215
2024-12-30 17:43:26.301829,59.9807456997584,86.24821376414758
2024-12-30 17:43:26.301835,59.98979053307224,99.79715701293173
2024-12-30 17:43:26.301841,49.80094941226418,74.65009756019695
2024-12-30 17:43:26.301847,40.495687011064554,46.194556743338666
2024-12-30 17:43:26.301855,68.21575285430194,58.046588290587145
2024-12-30 17:43:26.301861,28.459957216666577,4.166960933939878
2024-12-30 17:43:26.301867,48.263533806134284,52.60447579367745
2024-12-30 17:43:26.301873,48.33983545552867,45.326623157160626
2024-12-30 17:43:26.301879,56.01985529650053,55.53856794517431
2024-12-30 17:43:26.301888,5.925524912438728,29.734954783081445
2024-12-30 17:43:26.301894,57.204135673407144,98.97473411800645
2024-12-30 17:43:26.301900,31.44811589785814,29.889982527711467
2024-12-30 17:43:26.301906,30.361395606063702,50.53056476797315
2024-12-30 17:43:26.301912,40.380513418110475,88.15467885492208
2024-12-30 17:43:26.301918,92.60971615524277,80.80273833033786
2024-12-30 17:43:26.301924,75.9209728139379,71.58733782510967
2024-12-30 17:43:26.301930,30.741095118737118,4.340111872726283
2024-12-30 17:43:26.301936,66.20235821176304,86.83174720128113
2024-12-30 17:43:26.301942,69.26471643747557,20.92963744749682
2024-12-30 17:43:26.301948,56.991464467917375,44.99220142126092
2024-12-30 17:43:26.301954,38.569478306575924,8.129721843221017
2024-12-30 17:43:26.301961,23.00026679251038,2.919797900849941
2024-12-30 17:43:26.301967,94.57392704260154,84.31079007138717
2024-12-30 17:43:26.301973,78.51938317895275,15.184461186118803
2024-12-30 17:43:26.301979,31.547656384757637,79.2754491165886
2024-12-30 17:43:26.301985,32.137081372872444,84.07689590030905
2024-12-30 17:43:26.301991,8.836427944622082,70.54664735433424
2024-12-30 17:43:26.301997,6.465752840706873,66.67776110186547
2024-12-30 17:43:26.302003,40.8703697734768,14.911104059055946
2024-12-30 17:43:26.302009,72.20388998792913,42.01355794305014
2024-12-30 17:43:26.302015,6.676441551952427,59.81300629866183
2024-12-30 17:43:26.302021,34.337575521256404,94.26494996298925
2024-12-30 17:43:26.302029,71.24787082132201,4.984834670301764
2024-12-30 17:43:26.302036,86.26220715530228,97.82585030292475
2024-12-30 17:43:26.302042,6.996115347627496,35.62648953056791
2024-12-30 17:43:26.302048,7.7166282199720655,88.9852872097905
2024-12-30 17:43:26.302054,39.98899824021236,33.75202030195372
2024-12-30 17:43:26.302060,59.87826228299057,74.98164918562713
2024-12-30 17:43:26.302066,11.757699356249018,80.53160121955591
2024-12-30 17:43:26.302072,84.81776258644368,14.36782445791821
2024-12-30 17:43:26.302078,50.21252621024534,63.88565964212065
2024-12-30 17:43:26.302084,72.76700391201133,0.3621124807325349
2024-12-30 17:43:26.302092,96.67373068466658,94.69423364852277
2024-12-30 17:43:26.302099,96.59796272508643,52.298240838397824
2024-12-30 17:43:26.302105,2.943003540706013,94.76019369082536
2024-12-30 17:43:26.302111,77.63920056314096,30.238273562277172
2024-12-30 17:43:26.302117,59.729094805358464,82.95648292243867
2024-12-30 17:43:26.302123,40.337766139897745,39.49455922521089
2024-12-30 17:43:26.302129,87.06640423888228,87.2407607618441
2024-12-30 17:43:26.302135,53.3048673938047,79.47899963066355
2024-12-30 17:43:26.302141,92.83145705811991,77.54626077584119
2024-12-30 17:43:26.302147,55.18527996232927,12.024571984141996
2024-12-30 17:43:26.302153,61.91863388678187,51.90817493491425
2024-12-30 17:43:26.302159,2.18858413527504,98.88086174903502
2024-12-30 17:43:26.302168,28.4873561328597,7.566772980361791
2024-12-30 17:43:26.302177,56.28957446110072,75.55015202981949
2024-12-30 17:43:26.302185,94.80957027405283,91.25878556698866
2024-12-30 17:43:26.302191,54.62351195587583,41.1916698727059
2024-12-30 17:43:26.302197,55.189207098586,41.19306930546253
2024-12-30 17:43:26.302203,74.4958910980235,0.3598978794534635
2024-12-30 17:43:26.302209,42.552043208699075,95.82798753930416
2024-12-30 17:43:26.302215,39.3272733676551,98.82429429630251
2024-12-30 17:43:26.302221,19.39030933502974,84.9075674973615
2024-12-30 17:43:26.302227,23.720211066261633,29.07192677733069
2024-12-30 17:43:26.302233,40.382256461383626,2.9599303439304725
2024-12-30 17:43:26.302239,79.98182044952232,58.70755088179952
2024-12-30 17:43:26.302245,13.193381429027983,24.450073332493826
2024-12-30 17:43:26.302251,12.131036021004359,41.987024975573526
2024-12-30 17:43:26.302258,92.15067746298816,1.6859255454946043
2024-12-30 17:43:26.302264,9.488404524434113,39.39736225919267
2024-12-30 17:43:26.302269,39.55301306112426,92.48222683258498
2024-12-30 17:43:26.302276,85.37748026089353,4.579900830471628
2024-12-30 17:43:26.302282,44.31578473256677,35.94652593828308
2024-12-30 17:43:26.302288,3.7901021263783363,76.43815950586927
2024-12-30 17:43:26.302294,29.423113590285798,90.20316094330386
2024-12-30 17:43:26.302300,1.3876199538313094,82.88901810270922
2024-12-30 17:43:26.302306,78.69231460568298,1.9514514751021506
2024-12-30 17:43:26.302312,2.6738511210490756,46.799545147297984
2024-12-30 17:43:26.302320,77.79962891879507,77.09065675016923
2024-12-30 17:43:26.302327,11.184949845989733,89.69971987026575
2024-12-30 17:43:26.302333,91.41299424088677,99.9242138949359
2024-12-30 17:43:26.302339,17.295114739420637,71.37923343578375
2024-12-30 17:43:26.302345,42.88940699776447,86.92196276010291
2024-12-30 17:43:26.302351,66.24214912066627,32.19733649350556
2024-12-30 17:43:26.302357,52.3644815249455,52.764057296261925
2024-12-30 17:43:26.302363,88.29034137054128,57.74220045447941
2024-12-30 17:43:26.302369,86.02400066440703,13.252198986579856
2024-12-30 17:43:26.302375,39.95472489614049,12.18373621193134
2024-12-30 17:43:26.302381,73.86746270275702,50.40133421028551
2024-12-30 17:43:26.302387,71.89933432229802,91.61790274955075
2024-12-30 17:43:26.302393,67.28388606918905,17.17664382640023
2024-12-30 17:43:26.302399,71.95257171053186,85.68836496948708
2024-12-30 17:43:26.302405,33.356839462658016,7.7903860707453365
2024-12-30 17:43:26.302410,86.07324356120166,2.864709351258299
2024-12-30 17:43:26.302416,80.3802059735762,87.0631404022899
2024-12-30 17:43:26.302422,19.675658786101724,35.332098420041234
2024-12-30 17:43:26.302428,15.401001558030513,70.97393178928971
2024-12-30 17:43:26.302434,25.8434687511399,22.940541186638963
2024-12-30 17:43:26.302440,39.417717342588865,8.62147435943027
2024-12-30 17:43:26.302446,18.35057630864543,7.491758129631398
2024-12-30 17:43:26.302452,47.8043005152152,81.03875397316327
2024-12-30 17:43:26.302460,25.107600894607184,52.52765466704772
2024-12-30 17:43:26.302467,38.297499224533546,63.43486056989555
2024-12-30 17:43:26.302473,94.13854491648681,29.216943494270186
2024-12-30 17:43:26.302481,75.53934315792827,54.736704317290595
2024-12-30 17:43:26.302490,59.49649327726368,22.128828118438204
2024-12-30 17:43:26.302496,81.32451009257721,55.85720091263659
2024-12-30 17:43:26.302502,96.72721590780597,99.64680740034633
2024-12-30 17:43:26.302508,88.08403796922639,42.2759345601107
2024-12-30 17:43:26.302514,71.75328513026894,7.8853107911427305
2024-12-30 17:43:26.302520,98.73416785995789,34.563853670733934
2024-12-30 17:43:26.302527,67.85397381007651,86.2879771894478
2024-12-30 17:43:26.302533,56.511959173368666,21.446955773187515
2024-12-30 17:43:26.302539,90.23519297576779,16.328434711510198
2024-12-30 17:43:26.302545,63.10257474355281,17.490169361657905
2024-12-30 17:43:26.302551,59.75348018794784,84.68109014055902
2024-12-30 17:43:26.302557,15.27474869164166,51.92684233706747
2024-12-30 17:43:26.302563,14.287195683078192,48.78050527033634
2024-12-30 17:43:26.302569,8.93474417785608,28.798582282164077
2024-12-30 17:43:26.302578,84.56056466961034,31.34087527852969
2024-12-30 17:43:26.302584,59.12064367689095,25.207318450673178
2024-12-30 17:43:26.302590,74.44218531123434,30.692260897391964
2024-12-30 17:43:26.302596,54.86668937650631,65.673984222252
2024-12-30 17:43:26.302602,57.32201528991753,55.33315946021915
2024-12-30 17:43:26.302610,63.56397899801628,50.32959551473917
2024-12-30 17:43:26.302616,56.014526520538524,51.76151682322207
2024-12-30 17:43:26.302622,15.36346327551209,99.84493131535464
2024-12-30 17:43:26.302628,1.8224772593508853,0.8905147291631055
2024-12-30 17:43:26.302634,61.3116199541355,66.55901591237881
2024-12-30 17:43:26.302640,53.83115872040835,26.307869234762716
2024-12-30 17:43:26.302646,23.695971035518216,20.00197354615646
2024-12-30 17:43:26.302652,84.46571955371397,71.73068130772504
2024-12-30 17:43:26.302658,13.354024530303665,15.26262831484818
2024-12-30 17:43:26.302664,14.35792570071418,24.237285826460752
2024-12-30 17:43:26.302670,97.31587755796825,12.6779261039475
2024-12-30 17:43:26.302676,15.734811473022337,95.50343229375665
2024-12-30 17:43:26.302682,59.70247782646659,56.39564872816496
2024-12-30 17:43:26.302688,13.895298273313383,23.34376247633966
2024-12-30 17:43:26.302694,28.602751816748206,39.723654991658776
2024-12-30 17:43:26.302700,93.74628100368037,69.17593383476856
2024-12-30 17:43:26.302706,19.699091687896818,99.23396109640088
2024-12-30 17:43:26.302712,12.770460812549512,7.837839087028964
2024-12-30 17:43:26.302718,6.7731215862211425,15.50400816812375
2024-12-30 17:43:26.302724,17.168662171843664,12.3088407757316
2024-12-30 17:43:26.302730,74.17609814867448,50.96445778688654
2024-12-30 17:43:26.302736,87.42637332449499,83.80494554469439
2024-12-30 17:43:26.302742,65.30929476891723,70.15106189423287
2024-12-30 17:43:26.302750,67.03847164687195,29.964162552925956
2024-12-30 17:43:26.302757,53.055368290423324,67.09555821106662
2024-12-30 17:43:26.302763,48.442039890905605,51.15348577471772
2024-12-30 17:43:26.302769,56.01497007857811,56.02523402946339
2024-12-30 17:43:26.302775,91.99986715751164,66.02344304250288
2024-12-30 17:43:26.302781,22.998678427647125,20.59509133192425
2024-12-30 17:43:26.302787,68.38564743483998,80.32174150987288
2024-12-30 17:43:26.302795,44.21731413412899,42.796116758969916
2024-12-30 17:43:26.302801,31.359085156466836,66.8683491139856
2024-12-30 17:43:26.302808,58.928585747174445,21.215343843258694
2024-12-30 17:43:26.302814,62.478735679216676,59.15854196731449
2024-12-30 17:43:26.302820,18.2750931937375,27.853924108325334
2024-12-30 17:43:26.302826,87.86479743148469,58.54651594392229
2024-12-30 17:43:26.302831,34.51475883278923,67.69335290145322
2024-12-30 17:43:26.302837,31.87721078274246,50.470454019874175
2024-12-30 17:43:26.302843,37.51777764000062,46.59008718838403
2024-12-30 17:43:26.302849,68.69807851249058,78.83576388851733
2024-12-30 17:43:26.302856,4.0817170258095175,19.333861173195665
2024-12-30 17:43:26.302861,90.92683317003788,30.876991373849293
2024-12-30 17:43:26.302867,46.37787452505814,94.20648164436582
2024-12-30 17:43:26.302873,79.48369921067714,17.946114919111235
2024-12-30 17:43:26.302882,52.442778653719735,86.06535278218644
2024-12-30 17:43:26.302888,82.00877468577876,88.18333002125708
2024-12-30 17:43:26.302897,64.95137924286442,96.34139126022083
2024-12-30 17:43:26.302903,5.4459042739532615,40.19937725367878
2024-12-30 17:43:26.302909,49.38240938448585,65.27570387135519
2024-12-30 17:43:26.302915,81.74668719232209,90.40302138724549
2024-12-30 17:43:26.302921,5.876566726256149,9.136317523689375
2024-12-30 17:43:26.302927,94.35990548871186,56.16897944653401
2024-12-30 17:43:26.302933,22.737817903030134,60.46611080998021
2024-12-30 17:43:26.302940,39.30429496765859,49.60228613860293
2024-12-30 17:43:26.302946,54.08362184869691,70.09930973152585
2024-12-30 17:43:26.302952,76.42129806280973,62.80735629642541
2024-12-30 17:43:26.302958,9.478015948448682,16.7283116550067
2024-12-30 17:43:26.302964,63.06957295679374,5.5117485308677105
2024-12-30 17:43:26.302973,48.934822692651345,26.86921220097841
2024-12-30 17:43:26.302979,9.556926544673205,67.86030818258043
2024-12-30 17:43:26.302985,31.671329449910967,69.3235262960598
2024-12-30 17:43:26.302991,99.28935834420172,12.204562898851034
2024-12-30 17:43:26.302997,1.8804737491996182,42.96844619147142
2024-12-30 17:43:26.303004,31.189014794267088,8.380321250796552
2024-12-30 17:43:26.303010,43.79247491449735,89.10971211327492
2024-12-30 17:43:26.303016,76.9293597994052,98.7007036646148
2024-12-30 17:43:26.303022,44.59978145441288,13.492157974278673
2024-12-30 17:43:26.303028,22.9087471692911,73.63551306378916
2024-12-30 17:43:26.303034,66.35504614911041,27.290882903879186
2024-12-30 17:43:26.303042,96.821156824868,88.54798913581715
2024-12-30 17:43:26.303049,33.34797415767935,35.644424189995526
2024-12-30 17:43:26.303055,98.23335547603295,53.12898937781516
2024-12-30 17:43:26.303061,23.095153134505587,5.742421399961939
2024-12-30 17:43:26.303067,12.430799913253853,26.663622016695832
2024-12-30 17:43:26.303073,94.63620190058579,26.64942941896039
2024-12-30 17:43:26.303079,77.69817598353752,73.03766321754709
2024-12-30 17:43:26.303085,51.99735521350094,68.49579602090434
2024-12-30 17:43:26.303091,33.83051005116481,58.91860360127562
2024-12-30 17:43:26.303097,62.294273747658714,9.119864871304618
2024-12-30 17:43:26.303103,54.865103830951526,58.29741774215616
2024-12-30 17:43:26.303111,87.67225976152899,62.68810226147892
2024-12-30 17:43:26.303117,45.26999390815901,57.305816071327584
2024-12-30 17:43:26.303123,80.69018545672566,88.23115378226058
2024-12-30 17:43:26.303129,1.9496906096597155,48.08836568956979
2024-12-30 17:43:26.303135,74.2390978971434,18.28374476572926
2024-12-30 17:43:26.303141,95.53836037278802,23.405263436088642
2024-12-30 17:43:26.303147,78.16929216165518,78.7709899241581
2024-12-30 17:43:26.303153,97.91901884120297,57.82332170919471
2024-12-30 17:43:26.303159,89.3294686431671,44.980975238681054
2024-12-30 17:43:26.303165,62.5339957979397,36.40592307751612
2024-12-30 17:43:26.303171,62.257129447291916,81.80867663650568
2024-12-30 17:43:26.303179,4.26688967899419,81.47812692618514
2024-12-30 17:43:26.303188,13.578451445921347,98.69229683701742
2024-12-30 17:43:26.303194,11.783783254200053,84.73797480325871
2024-12-30 17:43:26.303200,99.51808878736703,72.41414890542244
2024-12-30 17:43:26.303206,13.468144785330749,11.97814783992036
2024-12-30 17:43:26.303212,45.11762530783244,6.715304471787576
2024-12-30 17:43:26.303218,11.917934568641343,37.488258092027024
2024-12-30 17:43:26.303224,96.24623017493484,64.84515392103799
2024-12-30 17:43:26.303230,11.673339483635935,94.53368117905733
2024-12-30 17:43:26.303236,38.13813167574428,82.73961148860359
2024-12-30 17:43:26.303242,81.39413154800683,97.23765872785862
2024-12-30 17:43:26.303248,91.122710498031,76.17498375332259
2024-12-30 17:43:26.303254,0.004244450810553246,84.50293438017506
2024-12-30 17:43:26.303260,58.362319893868296,45.13958664373183
2024-12-30 17:43:26.303266,44.645621285677684,20.50258061754482
2024-12-30 17:43:26.303272,82.72353474034662,6.857518887025749
2024-12-30 17:43:26.303281,46.085072728923315,14.827315616732417
2024-12-30 17:43:26.303288,87.30000069438671,26.67997214904806
2024-12-30 17:43:26.303294,58.38107497361287,23.526674239665326
2024-12-30 17:43:26.303300,51.69693335889808,39.76103212473715
2024-12-30 17:43:26.303306,92.94572258056327,28.981549365075875
2024-12-30 17:43:26.303312,89.1287769717057,22.363819282811704
2024-12-30 17:43:26.303318,18.914768445042196,28.81295278229963
2024-12-30 17:43:26.303324,33.37308967726062,2.0597804208237758
2024-12-30 17:43:26.303332,62.02092642792677,13.266258959484755
2024-12-30 17:43:26.303339,22.810209916175793,58.494610185353665
2024-12-30 17:43:26.303345,24.86889108441115,78.55854592147
2024-12-30 17:43:26.303351,41.55780800266328,44.872460386028436
2024-12-30 17:43:26.303357,68.0362713525098,38.24569109889458
2024-12-30 17:43:26.303366,95.74069438188653,42.310178513763255
2024-12-30 17:43:26.303375,79.86042654682775,27.164556320456057
2024-12-30 17:43:26.303381,12.88494847222882,32.06241226089745
2024-12-30 17:43:26.303387,57.181327768622204,69.84445844206148
2024-12-30 17:43:26.303393,25.67579167019536,10.580761467154742
2024-12-30 17:43:26.303410,9.03916879044061,32.36969271712463
2024-12-30 17:43:26.303441,93.96934679988426,33.53955468137569
2024-12-30 17:43:26.303456,86.07328250560012,33.81719898005272
2024-12-30 17:43:26.303463,61.371235231891,52.87980451818435
2024-12-30 17:43:26.303470,15.017433405667024,40.3747010761774
2024-12-30 17:43:26.303490,71.30101908025271,8.27028363468214
2024-12-30 17:43:26.303498,38.96565620720824,0.4534515474921008
2024-12-30 17:43:26.303505,1.9377830319471046,85.93000529014525
2024-12-30 17:43:26.303511,98.77057467957025,48.110895971436975
2024-12-30 17:43:26.303517,69.31083441839887,89.07397625780462
2024-12-30 17:43:26.303523,30.581674894536892,28.01543416258927
2024-12-30 17:43:26.303530,8.529831229635699,30.85816702658315
2024-12-30 17:43:26.303536,62.73671967483293,87.99297692438208
2024-12-30 17:43:26.303545,47.93493758660736,13.398616799616425
2024-12-30 17:43:26.303552,50.08043827654121,26.335879328670508
2024-12-30 17:43:26.303558,93.33425394295732,31.235198176301616
2024-12-30 17:43:26.303564,81.729739145857,75.076846983934
2024-12-30 17:43:26.303571,54.48573950186357,7.058672927218157
2024-12-30 17:43:26.303577,93.54017014315083,53.55504408300177
2024-12-30 17:43:26.303583,38.967150792643324,45.61946989391045
2024-12-30 17:43:26.303589,75.795800715821,71.13381976364215
2024-12-30 17:43:26.303595,93.80939396539851,27.551532548738578
2024-12-30 17:43:26.303601,27.43104829979911,27.80521397486084
2024-12-30 17:43:26.303608,42.006531122507596,91.62968747661357
2024-12-30 17:43:26.303614,99.07251872304988,27.94745135539364
2024-12-30 17:43:26.303620,31.511416025446827,94.611790490977
2024-12-30 17:43:26.303626,65.53174544187296,4.140565077676717
2024-12-30 17:43:26.303633,69.5667418767726,88.5214349529636
2024-12-30 17:43:26.303639,20.01007256251913,95.12660996407081
2024-12-30 17:43:26.303645,81.53196832989393,76.62522239880244
2024-12-30 17:43:26.303651,81.57041424840928,80.40284161620079
2024-12-30 17:43:26.303657,25.412340623285157,36.19534761487857
2024-12-30 17:43:26.303663,14.362233463463703,9.669866793922232
2024-12-30 17:43:26.303669,23.680522206113718,88.340182567944
2024-12-30 17:43:26.303675,52.54801235655948,90.42019221341423
2024-12-30 17:43:26.303681,89.61814361751411,91.27908809479392
2024-12-30 17:43:26.303690,62.84169120428808,66.88642434114877
2024-12-30 17:43:26.303696,13.75205841356154,79.33392343338704
2024-12-30 17:43:26.303703,48.002642549959816,68.2535019102356
2024-12-30 17:43:26.303709,27.249547504222093,19.24758815057008
2024-12-30 17:43:26.303715,87.25678574435118,80.2186488464585
2024-12-30 17:43:26.303721,36.316751962843405,78.66660558658761
2024-12-30 17:43:26.303727,98.24028464782205,42.46240355166546
2024-12-30 17:43:26.303733,63.01582290176739,71.99873064635572
2024-12-30 17:43:26.303739,60.63546372214924,82.47204717081488
2024-12-30 17:43:26.303748,5.953842833806711,3.1836066566014343
2024-12-30 17:43:26.303755,31.88956950676991,40.243391154926464
2024-12-30 17:43:26.303761,27.071140714747045,81.97714492743857
2024-12-30 17:43:26.303767,60.504086759469814,86.58375134301912
2024-12-30 17:43:26.303773,79.81647473341204,26.09692231843892
2024-12-30 17:43:26.303779,10.67852234970924,72.3626401444354
2024-12-30 17:43:26.303786,51.37037583242299,78.34271609387147
2024-12-30 17:43:26.303792,39.42800521351661,41.84309596974091
2024-12-30 17:43:26.303798,62.127540184789765,14.022503664696018
2024-12-30 17:43:26.303804,52.93857581220145,43.34918024356259
2024-12-30 17:43:26.303813,2.9057081792332906,88.19743261314579
2024-12-30 17:43:26.303819,91.08495940677,99.33641384899938
2024-12-30 17:43:26.303825,69.46151449471006,71.20448376855923
2024-12-30 17:43:26.303831,11.925518287108828,90.09381113684832
2024-12-30 17:43:26.303843,22.652099091472245,5.706228352389586
2024-12-30 17:43:26.303850,84.68429144596813,16.11462102119001
2024-12-30 17:43:26.303856,82.18220736170134,48.56729153309654
2024-12-30 17:43:26.303862,60.18512553331361,73.12375689083052
2024-12-30 17:43:26.303869,74.85905889556383,16.547484802839595
2024-12-30 17:43:26.303875,60.599834697332376,54.29586197727658
2024-12-30 17:43:26.303881,95.74256147601567,18.590887075661577
2024-12-30 17:43:26.303887,65.96092697058101,34.22275986808424
2024-12-30 17:43:26.303893,24.68241367746915,8.113859125777434
2024-12-30 17:43:26.303900,0.7153356286070056,10.146602092717938
2024-12-30 17:43:26.303906,32.84892091678019,29.17185998626638
2024-12-30 17:43:26.303917,70.52073760594546,76.43939691946294
2024-12-30 17:43:26.303924,21.125409577116983,35.76339889747495
2024-12-30 17:43:26.303930,40.58031114255461,94.95818359097267
2024-12-30 17:43:26.303936,87.52182063193324,12.821582361557892
2024-12-30 17:43:26.303944,58.33820532116232,97.93119910056846
2024-12-30 17:43:26.303954,55.969566143986384,72.55789220059044
2024-12-30 17:43:26.303965,20.78385972444362,51.16882354260679
2024-12-30 17:43:26.303971,7.820531686553767,25.611125610331776
2024-12-30 17:43:26.303977,72.67435184944769,52.04586524187471
2024-12-30 17:43:26.303983,11.756248659207325,61.499747335115316
2024-12-30 17:43:26.303989,18.427908038339446,41.90805451249634
2024-12-30 17:43:26.303996,78.60066903237706,25.861181894501673
2024-12-30 17:43:26.304005,85.28699048934605,62.71608354170832
2024-12-30 17:43:26.304012,28.571758072986487,63.98588881960615
2024-12-30 17:43:26.304018,56.531514961962515,31.97617657752846
2024-12-30 17:43:26.304025,39.06073602698861,12.78428417597901
2024-12-30 17:43:26.304031,67.44482505503345,89.1200816747941
2024-12-30 17:43:26.304037,52.361361322110376,83.34086733862364
2024-12-30 17:43:26.304043,42.91160171991414,59.99087103314197
2024-12-30 17:43:26.304049,16.405163549124026,68.66872596116423
2024-12-30 17:43:26.304055,63.73382824536401,67.91919094566002
2024-12-30 17:43:26.304061,82.35263418181772,40.773599937851316
2024-12-30 17:43:26.304067,96.02325020578527,38.48445495887236
2024-12-30 17:43:26.304074,24.160962304262622,90.72155550307012
2024-12-30 17:43:26.304080,34.50706481692188,14.25333439329931
2024-12-30 17:43:26.304086,44.44139789548546,83.34558075221227
2024-12-30 17:43:26.304092,49.39185343105726,89.84913500753757
2024-12-30 17:43:26.304098,40.96393916832736,70.9743809202067
2024-12-30 17:43:26.304104,33.81677470978014,89.9430031306965
2024-12-30 17:43:26.304110,64.3067389239365,2.691921680034348
2024-12-30 17:43:26.304116,90.37837391680216,50.31059860274727
2024-12-30 17:43:26.304123,75.61714017642541,46.58269415713063
2024-12-30 17:43:26.304129,89.27948730958369,11.307442992499784
2024-12-30 17:43:26.304135,12.021980850739267,70.66105367252537
2024-12-30 17:43:26.304141,26.245815496011883,85.09993385384446
2024-12-30 17:43:26.304154,97.5055686761094,47.75052327503455
2024-12-30 17:43:26.304167,91.13985141680304,5.386982695388387
2024-12-30 17:43:26.304175,68.9654843090015,18.37618994196243
2024-12-30 17:43:26.304191,35.73512853961252,25.76134774962535
2024-12-30 17:43:26.304199,22.197961097604068,45.97175710096778
2024-12-30 17:43:26.304206,66.27189362608542,68.0340271589593
2024-12-30 17:43:26.304213,14.78075458471524,36.277083174519696
2024-12-30 17:43:26.304219,21.734824401628583,87.50272160527291
2024-12-30 17:43:26.304227,6.902314871636417,29.233489330166197
2024-12-30 17:43:26.304236,18.088334789545023,61.06068691380887
2024-12-30 17:43:26.304246,0.46824635036293305,82.82376959582855
2024-12-30 17:43:26.304253,8.460363746556299,0.7906343282697237
2024-12-30 17:43:26.304259,46.46316377293134,37.924836635041295
2024-12-30 17:43:26.304266,46.026278351763196,66.45975251246175
2024-12-30 17:43:26.304272,74.62638541801856,2.2687073725727314
2024-12-30 17:43:26.304278,85.22203842048549,31.441989181985196
2024-12-30 17:43:26.304287,44.035328524811476,24.765872612859987
2024-12-30 17:43:26.304303,22.951181333931146,4.994317645903856
2024-12-30 17:43:26.304312,90.62639707578496,49.58982701434789
2024-12-30 17:43:26.304318,1.0828600391962762,25.800640720792522
2024-12-30 17:43:26.304325,66.83250704698102,23.657737802370594
2024-12-30 17:43:26.304331,24.984765146872956,26.00873684114142
2024-12-30 17:43:26.304337,52.06178554874917,77.63606066478128
2024-12-30 17:43:26.304346,19.143849206061812,89.4269873764716
2024-12-30 17:43:26.304353,46.993502000699806,41.90677419598378
2024-12-30 17:43:26.304359,54.56752928188941,80.97173277924925
2024-12-30 17:43:26.304365,66.1822758992196,87.14051715700545
2024-12-30 17:43:26.304371,82.30262857458376,72.27702839426935
2024-12-30 17:43:26.304378,81.72811547246476,89.4584467610099
2024-12-30 17:43:26.304384,67.62703349583188,0.7254357455202642
2024-12-30 17:43:26.304390,83.0752139295001,62.93240427312394
2024-12-30 17:43:26.304396,33.209276919312515,24.23478733419203
2024-12-30 17:43:26.304402,59.31985676042907,72.32014117278044
2024-12-30 17:43:26.304408,10.1431615497372,12.203077956937957
2024-12-30 17:43:26.304414,63.56570385320992,61.11599032664461
2024-12-30 17:43:26.304420,55.63440963595132,41.37843525347922
2024-12-30 17:43:26.304426,92.14117337716687,24.953911198235378
2024-12-30 17:43:26.304432,84.58573137548096,71.6900162461598
2024-12-30 17:43:26.304439,16.75625984298036,60.82351867945533
2024-12-30 17:43:26.304445,30.979492267335097,21.661733792675165
2024-12-30 17:43:26.304451,21.758882714373563,48.78377472367714
2024-12-30 17:43:26.304457,18.70201953513,4.577498792809442
2024-12-30 17:43:26.304463,73.33765223165702,30.190338558389428
2024-12-30 17:43:26.304469,86.23423732873883,91.74129327096811
2024-12-30 17:43:26.304475,70.26413292802961,47.44825828067327
2024-12-30 17:43:26.304481,2.209074767278707,94.78508264217879
2024-12-30 17:43:26.304490,98.6138652836699,58.85812432371485
2024-12-30 17:43:26.304497,16.117886776129808,31.91202832158644
2024-12-30 17:43:26.304504,81.86837789888408,36.06458969144523
2024-12-30 17:43:26.304510,46.65121418003275,95.76040821622085
2024-12-30 17:43:26.304519,78.87095556696195,60.87333268260048
2024-12-30 17:43:26.304525,64.21942463819367,47.43059951277535
2024-12-30 17:43:26.304531,95.90063447638701,9.834844705385192
2024-12-30 17:43:26.304537,86.46391452157171,98.53829198100065
2024-12-30 17:43:26.304543,0.6548568269536315,79.13050736951433
2024-12-30 17:43:26.304549,80.19347855296,13.854865022104622
2024-12-30 17:43:26.304556,22.867553255671137,4.565464920977636
2024-12-30 17:43:26.304562,12.587454423425736,12.023432348418018
2024-12-30 17:43:26.304568,88.04156311288047,71.5508530375209
2024-12-30 17:43:26.304574,12.989502173775902,73.64636521664694
2024-12-30 17:43:26.304580,82.28777363264088,61.038380145720986
2024-12-30 17:43:26.304586,87.71257635648895,68.5180314999397
2024-12-30 17:43:26.304592,1.767531384799459,78.8081596907439
2024-12-30 17:43:26.304598,86.9727855775805,28.813526162134906
2024-12-30 17:43:26.304604,76.6665298942875,59.710548816947565
2024-12-30 17:43:26.304611,68.16200255161026,77.45621904363512
2024-12-30 17:43:26.304619,26.449658219621043,14.073664388264994
2024-12-30 17:43:26.304626,1.671803904734448,27.38774044950748
2024-12-30 17:43:26.304632,88.57643706552362,85.97385115828489
2024-12-30 17:43:26.304641,61.43705687181902,46.97214992548145
2024-12-30 17:43:26.304648,93.82888435602263,1.8954363653914785
2024-12-30 17:43:26.304654,25.473968414072125,1.1949899829269306
2024-12-30 17:43:26.304660,71.9873679504005,99.03938049975348
2024-12-30 17:43:26.304666,24.502590391650436,74.78608638016445
2024-12-30 17:43:26.304672,24.545699297914858,98.06652644062635
2024-12-30 17:43:26.304678,13.980129061933821,21.127772915586263
2024-12-30 17:43:26.304684,66.82223993424032,50.774811998159365
2024-12-30 17:43:26.304690,25.686703360783625,65.26065766583588
2024-12-30 17:43:26.304697,62.67593948254606,56.874277584662266
2024-12-30 17:43:26.304703,92.46496146949707,84.83330369409042
2024-12-30 17:43:26.304712,93.06074004387712,8.843696844093785
2024-12-30 17:43:26.304718,44.850532600263406,91.31813218018736
2024-12-30 17:43:26.304725,80.33584182365897,28.566529747077407
2024-12-30 17:43:26.304731,70.76261377352718,83.12648437346427
2024-12-30 17:43:26.304737,55.72597399537076,90.08336789797123
2024-12-30 17:43:26.304743,54.41016817643634,43.914569233132006
2024-12-30 17:43:26.304749,4.864174314678782,46.5206339537992
2024-12-30 17:43:26.304755,17.651257344225346,92.04159934439117
2024-12-30 17:43:26.304761,27.08186774781608,36.784356802763426
2024-12-30 17:43:26.304767,62.557142988136626,76.65492408010208
2024-12-30 17:43:26.304773,72.89605938721171,80.88278415029761
2024-12-30 17:43:26.304779,31.384254021893277,16.975242320327478
2024-12-30 17:43:26.304788,13.06695691380656,15.816464749960302
2024-12-30 17:43:26.304794,47.545930382182,65.68271800519146
2024-12-30 17:43:26.304800,21.1399464977181,75.39820568455944
2024-12-30 17:43:26.304807,77.03173314648988,59.800111166513105
2024-12-30 17:43:26.304813,1.9213274078209719,88.16761254724005
2024-12-30 17:43:26.304819,29.60801962491779,60.46423382623283
2024-12-30 17:43:26.304825,24.307241777154875,73.20382802657943
2024-12-30 17:43:26.304831,48.28503999911913,75.95364006866023
2024-12-30 17:43:26.304840,3.7971594872682313,64.26645426328861
2024-12-30 17:43:26.304846,42.13841420231951,35.36902663222935
2024-12-30 17:43:26.304852,12.038747200742373,92.13296272746861
2024-12-30 17:43:26.304859,70.93044760694436,5.377202287397886
2024-12-30 17:43:26.304865,80.02822255853808,73.40029135963798
2024-12-30 17:43:26.304871,32.13826069766225,53.41272844096937
2024-12-30 17:43:26.304877,67.91445338790868,68.49858717243357
2024-12-30 17:43:26.304883,44.934542763505235,29.47710377428454
2024-12-30 17:43:26.304889,32.100792270035896,74.45308954100472
2024-12-30 17:43:26.304895,55.08282568110315,98.97184668470854
2024-12-30 17:43:26.304902,46.08518738319084,95.01249122257242
2024-12-30 17:43:26.304908,76.42621136300627,37.66504207643428
2024-12-30 17:43:26.304914,17.79474932277121,54.25661810640756
2024-12-30 17:43:26.304920,77.18641382063915,50.40852481893392
2024-12-30 17:43:26.304926,8.819054368967949,82.22922651689149
2024-12-30 17:43:26.304948,99.24057056558527,29.70692448865887
2024-12-30 17:43:26.304954,98.3935950645203,21.320465795766452
2024-12-30 17:43:26.304961,1.3040620497312583,42.805962497861586
2024-12-30 17:43:26.304967,5.013972167827651,15.558712459660518
2024-12-30 17:43:26.304972,10.069209504309718,87.94885001352402
2024-12-30 17:43:26.304978,40.892910957614795,2.335816894975773
2024-12-30 17:43:26.304984,86.26667087615138,51.809460496804874
2024-12-30 17:43:26.304990,74.43379742968173,7.183795337957443
2024-12-30 17:43:26.304996,35.830191013372655,94.69056729715757
2024-12-30 17:43:26.305002,25.58479902924552,47.20589254268985
2024-12-30 17:43:26.305008,63.75507279043193,28.373966609279034
2024-12-30 17:43:26.305014,61.34859067828676,82.88943467942799
2024-12-30 17:43:26.305020,67.56927815325471,27.59424666199941
2024-12-30 17:43:26.305026,88.02594288288229,63.747417963027296
2024-12-30 17:43:26.305035,71.83554334165109,79.29400194686372
2024-12-30 17:43:26.305041,29.04744610084219,69.61560115002196
2024-12-30 17:43:26.305047,55.65039128938069,91.32146571984194
2024-12-30 17:43:26.305053,47.15401431820626,54.456202733314186
2024-12-30 17:43:26.305059,85.52887664406111,13.376462430071545
2024-12-30 17:43:26.305065,93.09489930709445,89.44116323655717
2024-12-30 17:43:26.305072,96.35035171166729,10.592675030221743
2024-12-30 17:43:26.305078,85.43335738439336,1.127326957773278
2024-12-30 17:43:26.305084,21.56976354591993,78.582644364129
2024-12-30 17:43:26.305092,22.693775625923283,5.245987896271565
2024-12-30 17:43:26.305099,45.78939155939755,92.228074665035
2024-12-30 17:43:26.305105,64.62172202361853,61.768514819345945
2024-12-30 17:43:26.305111,50.5601746315821,84.3632578658329
2024-12-30 17:43:26.305117,16.504582635119935,5.901292574600136
2024-12-30 17:43:26.305125,76.85410930425489,54.10152570741072
2024-12-30 17:43:26.305131,81.50263100032193,37.29974543166268
2024-12-30 17:43:26.305137,32.594710453780905,84.46577905885306
2024-12-30 17:43:26.305143,54.37869667966587,95.67349162166025
2024-12-30 17:43:26.305149,62.97048000373392,13.148453598419529
2024-12-30 17:43:26.305155,66.36182710151371,60.821188883762375
2024-12-30 17:43:26.305161,65.33445495675578,45.65661490268253
2024-12-30 17:43:26.305170,10.45496634212688,50.55067534507901
2024-12-30 17:43:26.305176,8.772721956947226,21.655355650846666
2024-12-30 17:43:26.305182,78.39990540921337,54.71514362999995
2024-12-30 17:43:26.305188,29.510678887961937,24.93681543860058
2024-12-30 17:43:26.305194,30.967912316087975,85.5690043634048
2024-12-30 17:43:26.305200,3.561710526243711,46.37239665747537
2024-12-30 17:43:26.305206,64.78121594181184,49.47702718852043
2024-12-30 17:43:26.305212,93.66439975956695,59.64379999889775
2024-12-30 17:43:26.305218,9.86514569812279,84.84241655821182
2024-12-30 17:43:26.305224,21.006172453448603,14.074678010357665
2024-12-30 17:43:26.305230,0.5009475942032493,11.184079452581198
2024-12-30 17:43:26.305238,93.87528583350996,29.87230059376923
2024-12-30 17:43:26.305245,64.25626129882518,57.11705314526161
2024-12-30 17:43:26.305251,53.493825772054414,60.06852982519181
2024-12-30 17:43:26.305257,95.11066095822859,72.63666535080708
2024-12-30 17:43:26.305263,75.07038743810848,89.10508045610476
2024-12-30 17:43:26.305269,47.16578669733782,17.443624976031813
2024-12-30 17:43:26.305275,82.97613237397712,38.8804165957072
2024-12-30 17:43:26.305281,76.38654467174942,61.854244231045804
2024-12-30 17:43:26.305287,46.071213837443366,56.196197594564055
2024-12-30 17:43:26.305293,27.293270134905946,9.250049137216209
2024-12-30 17:43:26.305298,93.71707157296625,3.6891627087137224
2024-12-30 17:43:26.305304,95.45947367382858,26.38284350446304
2024-12-30 17:43:26.305310,89.23730787537546,85.17634948925826
2024-12-30 17:43:26.305316,41.8362256475617,65.14547637014635
2024-12-30 17:43:26.305322,64.14541469674295,7.641784816161978
2024-12-30 17:43:26.305328,32.848889354547985,46.59479118698566
2024-12-30 17:43:26.305334,95.39818321341158,67.97785635621517
2024-12-30 17:43:26.305340,35.718017944909455,78.16829268965489
2024-12-30 17:43:26.305346,29.87031577524739,98.51776422268732
2024-12-30 17:43:26.305352,90.56552168233819,13.059530982307022
2024-12-30 17:43:26.305358,85.52742181711186,99.03063381222752
2024-12-30 17:43:26.305363,66.48113852903256,44.81169730348778
2024-12-30 17:43:26.305369,31.7639022720137,49.25892885654947
2024-12-30 17:43:26.305377,24.53344514758571,43.078093245304494
2024-12-30 17:43:26.305384,67.5203488285733,14.392123750175656
2024-12-30 17:43:26.305390,43.807447834728045,3.488768782780194
2024-12-30 17:43:26.305396,88.89260606095705,29.47981283218032
2024-12-30 17:43:26.305402,63.959501826191044,8.427957666760443
2024-12-30 17:43:26.305408,25.835106932917462,63.28607992577011
2024-12-30 17:43:26.305414,6.1600292017716995,22.848326437790323
2024-12-30 17:43:26.305420,66.20208802774683,85.66301872918513
2024-12-30 17:43:26.305428,95.80435440152442,25.079790057538986
2024-12-30 17:43:26.305435,8.0522588585482,69.56792959557811
2024-12-30 17:43:26.305441,66.71672865294381,99.68716441791817
2024-12-30 17:43:26.305447,11.583724958550656,43.51824627303687
2024-12-30 17:43:26.305453,90.57289170174289,1.8219915226010186
2024-12-30 17:43:26.305459,54.454565060773405,66.58432781093212
2024-12-30 17:43:26.305465,54.249317575145476,83.50823030840617
2024-12-30 17:43:26.305471,41.10504942242008,88.65490527133065
2024-12-30 17:43:26.305479,68.19206905066476,75.55963335921322
2024-12-30 17:43:26.305486,37.49923496173864,33.22585639071314
2024-12-30 17:43:26.305491,12.606671386191747,96.43616720343303
2024-12-30 17:43:26.305497,25.415485550022186,44.26352620371448
2024-12-30 17:43:26.305503,70.45376605781185,77.967549146761
2024-12-30 17:43:26.305509,66.51285656815438,75.81148338762137
2024-12-30 17:43:26.305518,44.25604290715543,77.80562571536755
2024-12-30 17:43:26.305526,58.48868981411399,68.60253922082504
2024-12-30 17:43:26.305533,98.51488692915062,80.57079371288451
2024-12-30 17:43:26.305539,58.55186083325995,22.24257092494494
2024-12-30 17:43:26.305545,61.20080102002709,43.19702478326203
2024-12-30 17:43:26.305551,8.794168359085052,83.97403005293343
2024-12-30 17:43:26.305557,64.28541368196777,38.473827639408555
2024-12-30 17:43:26.305563,8.379812354670335,32.69033504147886
2024-12-30 17:43:26.305569,78.24970944622108,58.965585489596805
2024-12-30 17:43:26.305575,20.425470134795955,79.50277462967023
2024-12-30 17:43:26.305581,23.885059011815535,69.27324317526022
2024-12-30 17:43:26.305586,5.9579116978413005,1.1408199170007904
2024-12-30 17:43:26.305592,0.628214146168582,64.20496900327304
2024-12-30 17:43:26.305598,37.16578880625748,9.779267166885909
2024-12-30 17:43:26.305604,35.42007180337847,70.96266843003094
2024-12-30 17:43:26.305610,43.86601344321869,95.05555147921875
2024-12-30 17:43:26.305616,13.301666156947078,71.17551045485237
2024-12-30 17:43:26.305622,88.38719490588736,99.56544707876647
2024-12-30 17:43:26.305628,51.59761338176245,3.920442103959443
2024-12-30 17:43:26.305634,76.58446091850931,63.142700579132615
2024-12-30 17:43:26.305640,6.805619677171593,27.877388915174595
2024-12-30 17:43:26.305646,98.41077532054506,58.896182768211446
2024-12-30 17:43:26.305652,94.09479820263756,41.66707699093877
2024-12-30 17:43:26.305658,82.16750935600207,73.95466943797555
2024-12-30 17:43:26.305666,37.283479940122575,86.66887692333823
2024-12-30 17:43:26.305672,49.644795900497385,66.20306255669702
2024-12-30 17:43:26.305678,1.871824692834101,50.393509607582565
2024-12-30 17:43:26.305684,66.79548344231003,86.07477407547591
2024-12-30 17:43:26.305690,47.45379956948983,64.68506391333088
2024-12-30 17:43:26.305696,57.365881355914716,9.076574060929222
2024-12-30 17:43:26.305702,84.75541086776383,82.34664965973023
2024-12-30 17:43:26.305708,23.074709328144337,74.51841053253769
2024-12-30 17:43:26.305714,13.92702724646292,55.89227333749631
2024-12-30 17:43:26.305720,80.37725348576706,19.01255290150241
2024-12-30 17:43:26.305726,36.85677896203018,30.40034796722908
2024-12-30 17:43:26.305732,58.13062092444908,73.86892182942373
2024-12-30 17:43:26.305738,10.52722861805785,83.23186366804148
2024-12-30 17:43:26.305744,88.70308885943881,58.10208151500974
2024-12-30 17:43:26.305750,42.83620709333281,33.382231377353754
2024-12-30 17:43:26.305756,28.562843724359364,93.44429402278361
2024-12-30 17:43:26.305762,52.15907895102846,77.85237791202039
2024-12-30 17:43:26.305767,57.70035785051129,63.093305878617855
2024-12-30 17:43:26.305773,55.76302034237851,92.50430529615555
2024-12-30 17:43:26.305779,65.77677718389494,18.228116923232783
2024-12-30 17:43:26.305788,43.47319878446761,32.74382958984179
2024-12-30 17:43:26.305794,20.337122089768233,34.551064297740965
2024-12-30 17:43:26.305800,73.87714589838379,16.33236000021192
2024-12-30 17:43:26.305808,19.186575737710577,5.941446652820415
2024-12-30 17:43:26.305815,58.92814290942938,7.04430676872192
2024-12-30 17:43:26.305832,97.43185540915668,91.17083878191463
2024-12-30 17:43:26.305839,80.89174026097484,33.63057942418363
2024-12-30 17:43:26.305845,20.14576207868579,75.26550977102984
2024-12-30 17:43:26.305851,74.2932452270011,54.383210996368256
2024-12-30 17:43:26.305857,38.26908054681824,47.019307167002346
2024-12-30 17:43:26.305863,64.82302379793192,4.991312523693836
2024-12-30 17:43:26.305869,12.021885307373104,15.829493472259292
2024-12-30 17:43:26.305875,86.19815242821525,98.80114743860075
2024-12-30 17:43:26.305881,79.99446725290427,96.34925799596856
2024-12-30 17:43:26.305887,46.43462599900062,8.097706206380584
2024-12-30 17:43:26.305892,63.92801292576834,50.51790688018318
2024-12-30 17:43:26.305912,4.529726066999817,58.14945377793431
2024-12-30 17:43:26.305918,37.874424404286124,69.17303707311095
2024-12-30 17:43:26.305924,4.523721261774327,1.1402852270814723
2024-12-30 17:43:26.305934,39.273870508705855,21.788941053430943
2024-12-30 17:43:26.305940,57.61925320575488,13.278489578850971
2024-12-30 17:43:26.305946,69.64332609824656,89.02114590213127
2024-12-30 17:43:26.305952,14.880828033983596,43.23235141736481
2024-12-30 17:43:26.305958,89.13392023597291,62.11283692001408
2024-12-30 17:43:26.305964,32.452540739021586,93.71598405812615
2024-12-30 17:43:26.305970,5.606379945349382,67.83999272893459
2024-12-30 17:43:26.305979,25.568845625916058,97.75420294319291
2024-12-30 17:43:26.305986,22.558900654449378,46.69301018868456
2024-12-30 17:43:26.305992,20.801118388229956,67.1944324245449
2024-12-30 17:43:26.305998,37.29847723782157,58.71999128380779
2024-12-30 17:43:26.306004,9.557969068561656,67.55679086513042
2024-12-30 17:43:26.306010,94.51575880206879,76.76607648433104
2024-12-30 17:43:26.306016,82.31305393344684,79.08008659418367
2024-12-30 17:43:26.306022,39.949421072979554,87.83805334277433
2024-12-30 17:43:26.306029,1.4284710735193884,54.293065188410615
2024-12-30 17:43:26.306035,62.00852228377547,92.8144973458864
2024-12-30 17:43:26.306041,93.68474600063482,0.1508302998584954
2024-12-30 17:43:26.306047,26.470456583341175,43.59161651468929
2024-12-30 17:43:26.306053,59.562251965169544,92.40133155633758
2024-12-30 17:43:26.306059,82.4436337581401,44.186265170151785
2024-12-30 17:43:26.306065,96.80407215989854,13.80237441242016
2024-12-30 17:43:26.306072,82.83704672311816,22.760523496132844
2024-12-30 17:43:26.306078,24.6218254676688,16.514532372950285
2024-12-30 17:43:26.306084,42.835796755707314,61.64191964240954
2024-12-30 17:43:26.306091,87.6476854777957,73.0098708281201
2024-12-30 17:43:26.306097,72.57924358021785,38.96167572049709
2024-12-30 17:43:26.306103,65.65134312817682,89.12936131544645
2024-12-30 17:43:26.306109,73.26020647370997,77.42827232144721
2024-12-30 17:43:26.306115,16.487047412632617,56.43810493447422
2024-12-30 17:43:26.306124,36.90469021561815,73.98776191747115
2024-12-30 17:43:26.306133,10.18858619392098,47.41499517204667
2024-12-30 17:43:26.306140,69.18182955169227,55.44696838140165
2024-12-30 17:43:26.306146,60.8089131403146,67.20235911449613
2024-12-30 17:43:26.306152,2.569908315913727,76.23132361684726
2024-12-30 17:43:26.306158,68.46764062876444,76.19117486625267
2024-12-30 17:43:26.306164,29.17626741687186,65.03257956947283
2024-12-30 17:43:26.306170,34.92412015431064,55.93646933319222
2024-12-30 17:43:26.306176,84.39897045385494,87.64593173280802
2024-12-30 17:43:26.306182,26.016336277992856,37.90667110328023
2024-12-30 17:43:26.306189,73.65300156862075,29.852085169560905
2024-12-30 17:43:26.306194,38.42173617332983,62.67519784805192
2024-12-30 17:43:26.306200,99.84385072560774,75.00354401326899
2024-12-30 17:43:26.306206,80.93082477419235,22.70896794295313
2024-12-30 17:43:26.306213,20.877595443308707,90.98398532391988
2024-12-30 17:43:26.306219,76.07093087761211,17.604045762832133
2024-12-30 17:43:26.306225,14.954921796917532,46.923948419242855
2024-12-30 17:43:26.306231,75.23838286273967,99.06200567357702
2024-12-30 17:43:26.306237,6.418446024942592,45.228685199835716
2024-12-30 17:43:26.306247,63.807945217200015,91.7469280809756
2024-12-30 17:43:26.306253,22.346906367226083,32.81484628721879
2024-12-30 17:43:26.306260,97.70048561991938,51.470507457271566
2024-12-30 17:43:26.306266,42.23574740375267,73.51305883177183
2024-12-30 17:43:26.306274,2.729589711339242,48.90409004018913
2024-12-30 17:43:26.306281,92.17232566476228,20.177821759767067
2024-12-30 17:43:26.306287,53.51737662823419,93.77869695441753
2024-12-30 17:43:26.306294,94.29648518208509,68.01727693527427
2024-12-30 17:43:26.306300,13.817699577475995,52.12621993695853
2024-12-30 17:43:26.306306,63.86743741251147,46.55980830690301
2024-12-30 17:43:26.306312,99.8464188530514,12.114768238086182
2024-12-30 17:43:26.306318,67.97099238636555,5.120816183197919
2024-12-30 17:43:26.306324,67.21533536900044,41.230283980045826
2024-12-30 17:43:26.306330,35.86670054342432,75.30480832351931
2024-12-30 17:43:26.306339,83.54657643084067,65.8948172254579
2024-12-30 17:43:26.306346,18.823889428688133,73.54750144980278
2024-12-30 17:43:26.306352,49.1071070618317,68.26687558290324
2024-12-30 17:43:26.306358,62.19502723095813,43.56923407889924
2024-12-30 17:43:26.306364,5.2608483381553555,85.58418369109778
2024-12-30 17:43:26.306370,25.19187847074743,96.55725528237686
2024-12-30 17:43:26.306376,6.2962708115398724,9.606395465105411
2024-12-30 17:43:26.306382,13.168828522446052,26.31943434559707
2024-12-30 17:43:26.306389,22.165274547321058,54.130006576944034
2024-12-30 17:43:26.306395,70.81753752777793,87.23825545921692
2024-12-30 17:43:26.306401,93.45519435854672,59.324278445985236
2024-12-30 17:43:26.306407,71.33345005557321,42.2644837600514
2024-12-30 17:43:26.306413,23.69019784082276,63.626108086959135
2024-12-30 17:43:26.306422,59.60479107428023,27.620128109357612
2024-12-30 17:43:26.306428,6.549746115248089,90.30225903297955
2024-12-30 17:43:26.306435,22.72029222365536,52.18333814010349
2024-12-30 17:43:26.306441,61.36232420970737,27.52975596199735
2024-12-30 17:43:26.306447,79.08497028987159,0.5214017867596676
2024-12-30 17:43:26.306456,25.64903633803628,30.15714647034833
2024-12-30 17:43:26.306463,2.791672650860433,61.19076363030141
2024-12-30 17:43:26.306469,90.55886219062054,84.24599375313072
2024-12-30 17:43:26.306475,94.1091222553903,50.417921333290195
2024-12-30 17:43:26.306481,79.92667181232535,43.79009301964598
2024-12-30 17:43:26.306487,28.829071799544515,67.6962253068198
2024-12-30 17:43:26.306493,10.974261723672862,64.03971330565376
2024-12-30 17:43:26.306500,55.905238303060656,67.3704196541075
2024-12-30 17:43:26.306506,54.21845613790395,86.00083289581607
2024-12-30 17:43:26.306512,26.808770263225345,31.984498310988474
2024-12-30 17:43:26.306518,80.94002659551333,54.815823072719205
2024-12-30 17:43:26.306524,8.479781360361882,2.9187468028414543
2024-12-30 17:43:26.306530,12.173994068272764,16.893750075114166
2024-12-30 17:43:26.306537,27.840318335943014,49.348965790362044
2024-12-30 17:43:26.306543,14.4507404096607,43.311740460296235
2024-12-30 17:43:26.306549,26.59492266627488,27.33014743503067
2024-12-30 17:43:26.306555,69.082435249951,35.30491021700583
2024-12-30 17:43:26.306562,1.151255254490291,40.748779428032876
2024-12-30 17:43:26.306570,28.79728161668971,19.587802541732614
2024-12-30 17:43:26.306577,68.2824742723517,13.273525146579225
2024-12-30 17:43:26.306583,25.99727618641787,44.404352973039295
2024-12-30 17:43:26.306589,76.35332738881944,79.5221263386617
2024-12-30 17:43:26.306595,53.04039985060417,3.6413109665919263
2024-12-30 17:43:26.306601,41.23148250024333,92.43573617105196
2024-12-30 17:43:26.306607,17.83781274690519,14.681175558177074
2024-12-30 17:43:26.306613,10.218451592718669,73.1126402499932
2024-12-30 17:43:26.306619,71.62115661809439,97.73762325530123
2024-12-30 17:43:26.306626,96.68895760972612,27.576650199561502
2024-12-30 17:43:26.306632,48.625942503637276,44.3852841609832
2024-12-30 17:43:26.306638,37.73526484926708,48.8449282105716
2024-12-30 17:43:26.306644,30.2903914338405,0.8200370295462611
2024-12-30 17:43:26.306653,42.65212023843564,53.66235014346914
2024-12-30 17:43:26.306659,13.296695365282218,31.504661621972563
2024-12-30 17:43:26.306665,64.35810557898553,73.39843711786799
2024-12-30 17:43:26.306672,57.766038908635885,14.792635381102892
2024-12-30 17:43:26.306678,10.515566731695857,71.9019810384712
2024-12-30 17:43:26.306684,62.10535814411623,89.97550361095637
2024-12-30 17:43:26.306690,83.79141940281237,14.467457234781179
2024-12-30 17:43:26.306696,96.93081296099292,76.71362859055813
2024-12-30 17:43:26.306702,45.363819030505994,39.36664390889501
2024-12-30 17:43:26.306708,21.2346524523046,54.14453348647579
2024-12-30 17:43:26.306717,91.11194297509137,14.684499215532721
2024-12-30 17:43:26.306723,18.137825412709972,72.02890199179282
2024-12-30 17:43:26.306730,94.4847089366708,15.185606428308551
2024-12-30 17:43:26.306736,37.45103930260646,68.14264195415446
2024-12-30 17:43:26.306745,16.68492730914449,27.587035572597262
2024-12-30 17:43:26.306751,8.687595328267495,69.01580295202804
2024-12-30 17:43:26.306757,50.701486189340905,62.76854538879416
2024-12-30 17:43:26.306763,94.96343922741023,17.40179468316819
2024-12-30 17:43:26.306769,33.72737554627643,68.15216111489008
2024-12-30 17:43:26.306778,70.2817346668218,74.32026344528542
2024-12-30 17:43:26.306785,40.14141983402689,23.74820303801749
2024-12-30 17:43:26.306791,32.37046384553255,27.844334024821993
2024-12-30 17:43:26.306797,51.52508030523704,65.19431158403556
2024-12-30 17:43:26.306803,14.954379630351156,34.79388750586592
2024-12-30 17:43:26.306809,6.847964095044423,67.76102622475302
2024-12-30 17:43:26.306816,54.83662384105248,64.24114921709482
2024-12-30 17:43:26.306822,79.5060273134177,97.3434798299856
2024-12-30 17:43:26.306828,82.44326692192328,76.691665024916
2024-12-30 17:43:26.306834,66.55873053451059,28.236037036910822
2024-12-30 17:43:26.306840,35.176626060680185,57.966670874768326
2024-12-30 17:43:26.306846,35.32278950648957,66.14720883231044
2024-12-30 17:43:26.306852,43.55285941856077,81.12114896971802
2024-12-30 17:43:26.306858,66.85081857114746,52.70343050078738
2024-12-30 17:43:26.306867,69.3993675349299,83.44899758227974
2024-12-30 17:43:26.306873,80.59607420146716,12.835358965016708
2024-12-30 17:43:26.306880,4.87850471562461,13.618348446362482
2024-12-30 17:43:26.306886,55.6141379617535,90.3891226374674
2024-12-30 17:43:26.306892,99.09472583442648,31.33341120097548
2024-12-30 17:43:26.306911,22.61912797407797,75.47165028293149
2024-12-30 17:43:26.306918,9.676367588090084,1.2997544031272512
2024-12-30 17:43:26.306924,62.28892256575984,22.70259752733448
2024-12-30 17:43:26.306930,39.20343180428332,67.53555240965072
2024-12-30 17:43:26.306936,57.244791607929734,37.386974034996655
2024-12-30 17:43:26.306942,38.609070704347644,57.344485537152046
2024-12-30 17:43:26.306948,99.68788770346201,46.510477888058674
2024-12-30 17:43:26.306953,8.046198454090147,62.438030413075296
2024-12-30 17:43:26.306959,33.783129680956236,19.06225709576188
2024-12-30 17:43:26.306965,80.13522700902843,62.75874597674023
2024-12-30 17:43:26.306971,54.87117767568007,69.1684924053618
2024-12-30 17:43:26.306977,28.959008802741735,8.517596844291997
2024-12-30 17:43:26.306983,15.0821773855772,1.2934872790272278
2024-12-30 17:43:26.306989,24.448476754361813,66.3982420533568
2024-12-30 17:43:26.306995,44.35119585599251,75.57122611198804
2024-12-30 17:43:26.307001,87.75257256188661,40.352473874666906
2024-12-30 17:43:26.307007,45.34398772199098,81.02830630108073
2024-12-30 17:43:26.307013,0.18232706673535493,9.430095423450569
2024-12-30 17:43:26.307021,59.18282894589713,40.26731343362737
2024-12-30 17:43:26.307027,38.79889186400693,83.8325400225147
2024-12-30 17:43:26.307033,71.80064861773074,55.01115357484555
2024-12-30 17:43:26.307039,57.67826059274744,45.73102217764817
2024-12-30 17:43:26.307045,4.22039608169621,41.2068840238212
2024-12-30 17:43:26.307051,63.19464175999522,12.263148490443388
2024-12-30 17:43:26.307057,82.6011734717705,97.04223852142721
2024-12-30 17:43:26.307066,97.04449265033307,39.36362343146711
2024-12-30 17:43:26.307072,85.36076189001727,32.25710957865405
2024-12-30 17:43:26.307078,94.31694203570655,21.68067228594571
2024-12-30 17:43:26.307085,58.78644976199682,7.249707086754665
2024-12-30 17:43:26.307091,3.9137021101077973,97.81118605609288
2024-12-30 17:43:26.307097,92.04226989665622,64.50111028411362
2024-12-30 17:43:26.307105,80.17571377760382,83.46010976538358
2024-12-30 17:43:26.307112,23.018420427137322,38.93179682302774
2024-12-30 17:43:26.307118,97.0075932459681,70.88848171015326
2024-12-30 17:43:26.307124,41.06237774551531,0.908920308524519
2024-12-30 17:43:26.307130,25.539049706238703,72.97622829825916
2024-12-30 17:43:26.307136,82.03697267205621,87.38203000898176
2024-12-30 17:43:26.307142,6.488575915102645,21.366068879766363
2024-12-30 17:43:26.307148,0.9356951070042641,82.99226135825538
2024-12-30 17:43:26.307156,22.03346626128243,85.94032709141449
2024-12-30 17:43:26.307162,18.681364015108272,9.430777774069732
2024-12-30 17:43:26.307170,7.881823454959536,1.6683003705500798
2024-12-30 17:43:26.307177,55.06207513896264,64.60473288898994
2024-12-30 17:43:26.307183,97.5596357694457,45.480531514227785
2024-12-30 17:43:26.307189,61.168334761040114,68.00333065990758
2024-12-30 17:43:26.307195,60.87911725414035,55.06586392446393
2024-12-30 17:43:26.307201,55.741635426955035,98.74642671210914
2024-12-30 17:43:26.307207,54.44147252202546,29.977990079524076
2024-12-30 17:43:26.307213,67.46576241162083,63.71339692747736
2024-12-30 17:43:26.307219,14.56309180552392,57.87620399453378
2024-12-30 17:43:26.307225,59.06127151001353,14.805228858296292
2024-12-30 17:43:26.307231,90.26236774079345,3.2346662960907158
2024-12-30 17:43:26.307237,70.34964772226411,71.61272489684683
2024-12-30 17:43:26.307243,49.531678500202844,39.92040669878575
2024-12-30 17:43:26.307249,51.367405362004995,44.07401454933506
2024-12-30 17:43:26.307255,92.37758962980534,17.972817374755547
2024-12-30 17:43:26.307261,25.66063539896518,35.5882985905653
2024-12-30 17:43:26.307267,48.16770588156768,35.05740715346435
2024-12-30 17:43:26.307273,48.73578150100407,72.80258644202654
2024-12-30 17:43:26.307279,38.352499241876025,27.27353988192699
2024-12-30 17:43:26.307285,24.297628950730253,94.28315748415163
2024-12-30 17:43:26.307291,73.29820641506785,64.60817930863941
2024-12-30 17:43:26.307297,30.023073212502716,20.566773272354965
2024-12-30 17:43:26.307303,92.21830669195992,55.10806581684524
2024-12-30 17:43:26.307311,91.60979664914937,63.60232319871949
2024-12-30 17:43:26.307317,56.85002609517243,80.41018528413676
2024-12-30 17:43:26.307323,16.63235751550747,85.75389759449
2024-12-30 17:43:26.307330,89.64287284782806,37.65333977979637
2024-12-30 17:43:26.307336,87.37563903790739,6.919121582380294
2024-12-30 17:43:26.307342,24.294223303449826,86.85605297200196
2024-12-30 17:43:26.307348,49.462196739032336,95.01950733027135
2024-12-30 17:43:26.307353,64.56803569642413,37.61184898573986
2024-12-30 17:43:26.307359,99.68359491069863,58.82006289593388
2024-12-30 17:43:26.307365,73.89461603841951,10.26683876276735
2024-12-30 17:43:26.307371,97.00859759830021,96.39808866116897
2024-12-30 17:43:26.307377,38.10480584830618,48.51853739211202
2024-12-30 17:43:26.307383,24.99022914561205,72.09385979207332
2024-12-30 17:43:26.307389,61.10485019629165,96.13339825632157
2024-12-30 17:43:26.307395,14.51850064609258,24.4251901986955
2024-12-30 17:43:26.307401,64.67545523799406,51.90868388477862
2024-12-30 17:43:26.307407,14.81770567724986,43.66985009808503
2024-12-30 17:43:26.307415,33.96675952849585,21.45613054438381
2024-12-30 17:43:26.307422,87.52794030103053,55.78436387335904
2024-12-30 17:43:26.307428,84.30440171998683,88.1642821837697
2024-12-30 17:43:26.307434,58.318208474996624,15.30008674702984
2024-12-30 17:43:26.307439,33.26579805834228,75.85147162754541
2024-12-30 17:43:26.307445,35.83482468193898,5.0701838583148255
2024-12-30 17:43:26.307453,85.39793377133759,68.50210602597755
2024-12-30 17:43:26.307462,8.870757013835973,33.98417935140908
2024-12-30 17:43:26.307468,39.3181423373025,96.30106995828888
2024-12-30 17:43:26.307474,13.096389260691566,89.34899561403135
2024-12-30 17:43:26.307480,15.38188074580914,14.252343530715617
2024-12-30 17:43:26.307486,46.72698209469785,27.009213181451443
2024-12-30 17:43:26.307492,96.61053201319486,38.02881357050792
2024-12-30 17:43:26.307498,22.014077285244483,15.42026820030845
2024-12-30 17:43:26.307504,48.819240198688306,27.945876837131312
2024-12-30 17:43:26.307510,66.84039592339006,40.497552952054306
2024-12-30 17:43:26.307516,3.894997555544344,60.60536859937209
2024-12-30 17:43:26.307522,41.24521412377018,11.985359362851533
2024-12-30 17:43:26.307528,74.00592831439852,56.460319194778506
2024-12-30 17:43:26.307534,92.3989301056145,49.40215431285399
2024-12-30 17:43:26.307540,21.615633101188582,55.04097890857103
2024-12-30 17:43:26.307549,77.48779530588332,17.479382044977864
2024-12-30 17:43:26.307555,75.64854281527772,79.41877732442852
2024-12-30 17:43:26.307561,13.264903819572659,53.08407900528288
2024-12-30 17:43:26.307567,74.21956877158249,75.33828325235433
2024-12-30 17:43:26.307573,6.190829926565911,92.07472002145586
2024-12-30 17:43:26.307579,2.0459906978474773,4.052224914913816
2024-12-30 17:43:26.307585,86.66589885098367,71.2215495448246
2024-12-30 17:43:26.307591,12.230493623191318,55.60656822897801
2024-12-30 17:43:26.307607,63.557215470817276,71.90800161121734
2024-12-30 17:43:26.307614,18.337218648951946,22.603653794256495
2024-12-30 17:43:26.307620,88.38706680273437,86.92106570980157
2024-12-30 17:43:26.307627,72.35429895352614,3.9835890019819686
2024-12-30 17:43:26.307633,50.60451997908301,83.80278182229245
2024-12-30 17:43:26.307639,33.15995521604842,42.97677223744015
2024-12-30 17:43:26.307645,76.74351405816446,34.524236444663
2024-12-30 17:43:26.307651,41.12503838834285,69.98547561199811
2024-12-30 17:43:26.307657,92.53736005510643,32.265541423732266
2024-12-30 17:43:26.307663,26.186536708010777,33.432854159146395
2024-12-30 17:43:26.307669,95.49433869568301,77.98304780649363
2024-12-30 17:43:26.307675,68.1824050868643,7.366226662361852
2024-12-30 17:43:26.307681,36.24928388483802,43.03180082169139
2024-12-30 17:43:26.307687,30.85098063577185,50.57320677487428
2024-12-30 17:43:26.307693,57.43580174459289,80.34368480414852
2024-12-30 17:43:26.307699,47.29803453600384,45.020443712533634
2024-12-30 17:43:26.307705,79.91775224959561,42.06129040140203
2024-12-30 17:43:26.307711,45.48783380323288,75.19726434280274
2024-12-30 17:43:26.307717,89.39264186977002,80.25064941556968
2024-12-30 17:43:26.307723,46.999483397689936,53.846423151818044
2024-12-30 17:43:26.307729,67.5640005055771,89.17967426179545
2024-12-30 17:43:26.307737,99.48429136613626,2.5484577753689397
2024-12-30 17:43:26.307744,33.370687155184484,3.143565611515542
2024-12-30 17:43:26.307752,45.99464596409138,23.02382812632684
2024-12-30 17:43:26.307758,15.823805906813604,60.48699220703211
2024-12-30 17:43:26.307764,50.56535468940977,44.50449849613387
2024-12-30 17:43:26.307770,40.44488733259093,34.363630339841514
2024-12-30 17:43:26.307776,62.6818522983603,95.60126649261738
2024-12-30 17:43:26.307782,88.35176717828223,38.89857309602971
2024-12-30 17:43:26.307788,60.980826073120696,96.38086385201507
2024-12-30 17:43:26.307794,99.78802026851064,22.61709678356666
2024-12-30 17:43:26.307800,14.442545591474055,78.65154108788748
2024-12-30 17:43:26.307806,71.72080630433764,20.38430065965937
2024-12-30 17:43:26.307812,73.84333734155658,34.79112512319891
2024-12-30 17:43:26.307818,68.94174167451548,82.74795950554321
2024-12-30 17:43:26.307824,72.23334576681084,10.688790388509883
2024-12-30 17:43:26.307830,26.617630788492207,72.39551741310542
2024-12-30 17:43:26.307835,12.8787779027972,76.01810512503808
2024-12-30 17:43:26.307841,41.40216627059093,43.147297273170096
2024-12-30 17:43:26.307847,61.418481654046566,58.590688857590955
2024-12-30 17:43:26.307853,70.32847278147823,30.744396780502093
2024-12-30 17:43:26.307861,97.46613125472788,74.7773222507519
2024-12-30 17:43:26.307868,51.42926746257069,84.03921760818763
2024-12-30 17:43:26.307874,77.4223389974782,35.2870920298457
2024-12-30 17:43:26.307880,39.909029487755575,8.644231396240976
2024-12-30 17:43:26.307886,29.199246672258806,74.93047934133101
2024-12-30 17:43:26.307894,24.231543436735727,22.732698489823335
2024-12-30 17:43:26.307901,73.37698261885521,5.529901733493492
2024-12-30 17:43:26.307907,62.9596409771789,45.97080324010467
2024-12-30 17:43:26.307913,48.92270393020629,29.446358254753825
2024-12-30 17:43:26.307919,93.29522562205747,36.695532386586684
2024-12-30 17:43:26.307925,73.75922196733276,97.90912015589225
2024-12-30 17:43:26.307931,50.790180383592734,67.99466262828157
2024-12-30 17:43:26.307937,68.23181937198325,55.99505949292389
2024-12-30 17:43:26.307943,52.18738724030476,15.198403972324225
2024-12-30 17:43:26.307951,72.3881785801169,41.34031645438908
2024-12-30 17:43:26.307957,77.0805544484244,46.869441098963684
2024-12-30 17:43:26.307963,48.971947113130895,91.05070684257245
2024-12-30 17:43:26.307969,17.069072170615087,97.63445000686394
2024-12-30 17:43:26.307975,8.889257930602735,72.11844114839946
2024-12-30 17:43:26.307981,45.555176074308136,9.889855558286742
2024-12-30 17:43:26.307987,90.27312703251044,65.62568051070456
2024-12-30 17:43:26.307993,47.841633771224544,81.31744052696482
2024-12-30 17:43:26.307999,53.40632142434325,25.918600009600322
2024-12-30 17:43:26.308005,12.231123811081435,20.10764748942343
2024-12-30 17:43:26.308011,83.79612514105295,69.91279472417631
2024-12-30 17:43:26.308017,87.32561946594416,71.65319110080208
2024-12-30 17:43:26.308023,12.439772447321884,7.987053997237115
2024-12-30 17:43:26.308029,26.47499864062526,54.74394068464419
2024-12-30 17:43:26.308037,61.95175313913971,77.40475463307156
2024-12-30 17:43:26.308043,7.781359841008095,37.62834850627451
2024-12-30 17:43:26.308052,21.668133584180893,20.390788200112155
2024-12-30 17:43:26.308058,17.116796923213794,68.32992861846654
2024-12-30 17:43:26.308064,38.06183848280333,85.09437595226045
2024-12-30 17:43:26.308071,77.74112482575863,13.025525846908014
2024-12-30 17:43:26.308077,34.37101878648292,19.127891576501842
2024-12-30 17:43:26.308083,44.574396526102475,39.51683595942327
2024-12-30 17:43:26.308089,92.22255076293037,62.63831905290078
2024-12-30 17:43:26.308095,97.90268555250951,95.60161513209965
2024-12-30 17:43:26.308101,6.9732398074134565,94.81828884793075
2024-12-30 17:43:26.308107,67.29493531372012,6.3578652555574156
2024-12-30 17:43:26.308113,29.406378729611326,53.15018568620006
2024-12-30 17:43:26.308119,30.7394794116157,84.44365061302594
2024-12-30 17:43:26.308125,78.1209323051074,26.3976858138677
2024-12-30 17:43:26.308131,80.47098475168167,96.0310079192166
2024-12-30 17:43:26.308137,79.45663182383905,60.75938455965532
2024-12-30 17:43:26.308143,47.728892020674905,51.710895919849776
2024-12-30 17:43:26.308149,95.79602269231451,26.23354804706689
2024-12-30 17:43:26.308155,94.71899721839536,53.93607986225612
2024-12-30 17:43:26.308161,93.49273563357227,64.22144063169182
2024-12-30 17:43:26.308167,49.67261866105538,76.03750550432558
2024-12-30 17:43:26.308173,38.900562238732896,53.155055247830006
2024-12-30 17:43:26.308181,51.64086383496389,71.88325226454533
2024-12-30 17:43:26.308188,93.09069205503066,2.279562212361419
2024-12-30 17:43:26.308194,0.9536119632760132,53.75616079061747
2024-12-30 17:43:26.308200,75.45989117775184,31.99421439450103
2024-12-30 17:43:26.308206,88.16906143616362,7.452367566909713
2024-12-30 17:43:26.308212,0.44398245376831014,82.31070538564505
2024-12-30 17:43:26.308218,36.26988676729943,48.12920686972034
2024-12-30 17:43:26.308223,78.72876188621845,29.273218329712314
2024-12-30 17:43:26.308229,58.3462437209567,56.33283213119712
2024-12-30 17:43:26.308235,40.658142020857,21.178273675999325
2024-12-30 17:43:26.308241,16.07112862070281,39.252628033975824
2024-12-30 17:43:26.308247,28.98833232502096,88.83513341419498
2024-12-30 17:43:26.308256,74.85796057031298,4.514233971892645
2024-12-30 17:43:26.308262,38.38028321721219,43.159109218240985
2024-12-30 17:43:26.308268,60.749858349701,49.25338987552984
2024-12-30 17:43:26.308274,28.70735002680839,61.6106063430505
2024-12-30 17:43:26.308280,83.77701456381831,68.77048983505249
2024-12-30 17:43:26.308286,78.72496216930249,65.08494556698705
2024-12-30 17:43:26.308292,69.18162449541519,88.2366118645047
2024-12-30 17:43:26.308298,40.70059770283654,44.22787082896223
2024-12-30 17:43:26.308304,8.92803908263675,35.87107631941776
2024-12-30 17:43:26.308310,30.331933093904027,82.01662800712018
2024-12-30 17:43:26.308316,49.79955094825026,6.614942241269228
2024-12-30 17:43:26.308324,96.1880020226732,60.54883612209081
2024-12-30 17:43:26.308330,13.291076547343616,99.68024295979862
2024-12-30 17:43:26.308336,68.70995092682139,13.878314850698658
2024-12-30 17:43:26.308345,15.462742443114042,63.05274932775894
2024-12-30 17:43:26.308351,34.93429548496295,28.816456468497808
2024-12-30 17:43:26.308357,77.45439299443913,98.79309499216986
2024-12-30 17:43:26.308365,18.537094875535075,25.358921074121433
2024-12-30 17:43:26.308371,57.41087490183306,22.624997076434227
2024-12-30 17:43:26.308377,89.88044770115133,86.84289365546017
2024-12-30 17:43:26.308383,42.115403567405785,97.35584921541154
2024-12-30 17:43:26.308389,47.76412403579274,46.2128353255743
2024-12-30 17:43:26.308395,63.24643314488371,70.21361379109075
2024-12-30 17:43:26.308401,50.39898573454968,47.84540808041346
2024-12-30 17:43:26.308407,35.40378125133957,6.5973320272123654
2024-12-30 17:43:26.308413,36.10353043965384,17.53838753467596
2024-12-30 17:43:26.308419,8.818800484329792,1.1626330144933639
2024-12-30 17:43:26.308425,39.070928076160186,69.2765623834293
2024-12-30 17:43:26.308431,12.664849589318427,2.5532518289082318
2024-12-30 17:43:26.308437,75.69154362532309,96.3951418645533
2024-12-30 17:43:26.308443,22.886756359918415,34.14119528164652
2024-12-30 17:43:26.308449,35.396896534088086,1.489357889808851
2024-12-30 17:43:26.308455,2.36946048435025,80.52495591806311
2024-12-30 17:43:26.308461,36.73194899880487,0.03253817543786841
2024-12-30 17:43:26.308468,7.994380476869423,15.689733950103612
2024-12-30 17:43:26.308475,60.81292533316114,80.1206132879246
2024-12-30 17:43:26.308481,99.78613581938654,21.8584326049011
2024-12-30 17:43:26.308487,70.20775924323776,72.10686187204978
2024-12-30 17:43:26.308493,57.02125278563055,18.04388040378646
2024-12-30 17:43:26.308499,35.76367888421176,3.504931181997284
2024-12-30 17:43:26.308505,63.16191442104958,6.222233038523683
2024-12-30 17:43:26.308511,26.594870598011088,29.806565720793166
2024-12-30 17:43:26.308517,6.932574654494372,90.49980726095336
2024-12-30 17:43:26.308523,92.49722917029283,91.95239742765236
2024-12-30 17:43:26.308529,91.85058110952237,31.25235664455931
2024-12-30 17:43:26.308535,27.83487960915919,51.58478728939016
2024-12-30 17:43:26.308541,0.5174079798649145,56.16169531993334
2024-12-30 17:43:26.308547,24.981099044472753,82.64743815974104
2024-12-30 17:43:26.308553,58.229635360116305,31.254815058554897
2024-12-30 17:43:26.308559,7.483112476882492,61.89433957721061
2024-12-30 17:43:26.308565,85.91714327566487,53.284127761642694
2024-12-30 17:43:26.308571,22.808292857943822,60.36795209375413
2024-12-30 17:43:26.308577,19.570118595956032,34.19784914341493
2024-12-30 17:43:26.308583,88.99308567873497,1.774417716916099
2024-12-30 17:43:26.308589,69.96497680541495,10.426309098680642
2024-12-30 17:43:26.308594,53.96522048017211,50.598213983183406
2024-12-30 17:43:26.308600,41.824233074367115,91.45753157978216
2024-12-30 17:43:26.308608,91.67614494522391,1.4966897122274725
2024-12-30 17:43:26.308615,44.27450674584783,45.46541895005037
2024-12-30 17:43:26.308621,17.093613228661642,47.07226067887705
2024-12-30 17:43:26.308627,9.152755396811541,57.105718865300226
2024-12-30 17:43:26.308633,27.092967701006877,82.20391688414999
2024-12-30 17:43:26.308639,41.85113578937377,89.34986520595378
2024-12-30 17:43:26.308647,90.55711770117732,98.7484525495777
2024-12-30 17:43:26.308653,78.36987405683975,2.951714016503937
2024-12-30 17:43:26.308659,54.65494280595432,23.44562935521507
2024-12-30 17:43:26.308665,36.269041610974696,93.12179652403863
2024-12-30 17:43:26.308674,6.255846093994977,83.4956896670105
2024-12-30 17:43:26.308680,50.61526516515562,31.722192318155273
2024-12-30 17:43:26.308686,45.70613590038517,27.345436140368264
2024-12-30 17:43:26.308692,36.052491008801326,8.763491984999195
2024-12-30 17:43:26.308698,77.16180479942047,36.39817558109013
2024-12-30 17:43:26.308704,0.7638884908613974,4.425901758508277
2024-12-30 17:43:26.308710,68.30032992976791,51.61829973994817
2024-12-30 17:43:26.308716,22.917037207899284,5.70698333446672
2024-12-30 17:43:26.308722,56.88522097564521,94.18005152184628
2024-12-30 17:43:26.308728,39.110830138039354,50.80941964326383
2024-12-30 17:43:26.308736,3.6570638344455952,40.15823783566043
2024-12-30 17:43:26.308742,27.314813606029343,45.262084257922616
2024-12-30 17:43:26.308748,23.540047889410054,97.26977479671945
2024-12-30 17:43:26.308756,84.64866754443673,63.99313435925522
2024-12-30 17:43:26.308763,68.0858560377984,51.72974527039944
2024-12-30 17:43:26.308769,4.833082767598729,97.79189290103209
2024-12-30 17:43:26.308775,35.675404284617365,88.14436066215262
2024-12-30 17:43:26.308781,27.46468450577384,80.6304067296252
2024-12-30 17:43:26.308787,89.01650986781479,1.9985742268112006
2024-12-30 17:43:26.308793,87.93672821301683,2.7535979506127184
2024-12-30 17:43:26.308798,23.208457988844234,72.65035642567912
2024-12-30 17:43:26.308804,34.27299321184185,39.888277830266716
2024-12-30 17:43:26.308810,32.1092895704374,58.97432977307974
2024-12-30 17:43:26.308816,54.51090801741639,38.88701282898772
2024-12-30 17:43:26.308822,89.86539395094502,90.9307020055331
2024-12-30 17:43:26.308828,46.61391663725484,96.09559509690587
2024-12-30 17:43:26.308834,10.313311155990966,10.168895705253478
2024-12-30 17:43:26.308840,55.8839085324762,74.09654886334445
2024-12-30 17:43:26.308846,53.639182432352406,5.630680945741462
2024-12-30 17:43:26.308852,46.42052288190372,2.1105421126672685
2024-12-30 17:43:26.308858,73.03989853595915,96.83749841992045
2024-12-30 17:43:26.308864,89.66692722126892,68.09210834982572
2024-12-30 17:43:26.308870,12.619674316213114,44.47901521407896
2024-12-30 17:43:26.308876,37.62297740629727,87.23401755904699
2024-12-30 17:43:26.308881,65.78808149193948,54.85371223366848
2024-12-30 17:43:26.308887,62.63477324584581,87.55838215633419
2024-12-30 17:43:26.308895,94.12967882366483,13.969748448873553
2024-12-30 17:43:26.308902,73.29471804118292,72.6402236622253
2024-12-30 17:43:26.308908,99.89523594704156,43.623369846825646
2024-12-30 17:43:26.308914,46.308246187685334,38.73325911347466
2024-12-30 17:43:26.308920,22.93119656794451,50.55343895434964
2024-12-30 17:43:26.308926,12.527822302417169,70.29429509254227
2024-12-30 17:43:26.308932,49.68594369890861,10.003219682107945
2024-12-30 17:43:26.308938,94.13030263094603,88.22347757802011
2024-12-30 17:43:26.308944,5.318114824159426,8.794400201880514
2024-12-30 17:43:26.308950,47.475152099601736,86.98540163993982
2024-12-30 17:43:26.308956,45.29742499402754,7.334478237047182
2024-12-30 17:43:26.308962,12.169037948901751,71.9983026978402
2024-12-30 17:43:26.308968,77.35439438798079,26.394084760898238
2024-12-30 17:43:26.308974,44.55797786406275,68.99279703079173
2024-12-30 17:43:26.308981,97.05123479016895,50.783249041643906
2024-12-30 17:43:26.308988,77.44317989458786,8.194423561723962
2024-12-30 17:43:26.308994,67.7991846083089,25.430390206130117
2024-12-30 17:43:26.309000,58.63570472573225,89.49345992491774
2024-12-30 17:43:26.309006,13.01859792802016,37.543324388125384
2024-12-30 17:43:26.309012,74.58177130164442,12.255542337274283
2024-12-30 17:43:26.309018,64.76005135496844,62.64778767386492
2024-12-30 17:43:26.309024,82.76866183770363,89.74718192701916
2024-12-30 17:43:26.309030,89.17227043075711,7.673135369766493
2024-12-30 17:43:26.309039,17.48366914193724,58.055763854900476
2024-12-30 17:43:26.309048,4.500916499278329,31.659078137601703
2024-12-30 17:43:26.309055,78.62279765382293,64.35359480432861
2024-12-30 17:43:26.309061,30.529771340947633,97.17383576518182
2024-12-30 17:43:26.309067,12.903533615271723,64.09374589011797
2024-12-30 17:43:26.309073,91.91364195263225,23.71522221482366
2024-12-30 17:43:26.309079,15.647349497689111,61.1954423187712
2024-12-30 17:43:26.309085,1.4416334122930863,74.0052985814871
2024-12-30 17:43:26.309091,80.01142895178641,17.388013636313183
2024-12-30 17:43:26.309097,54.88539285634179,50.784898636188835
2024-12-30 17:43:26.309102,64.45280712576866,40.63869871240379
2024-12-30 17:43:26.309108,8.958819482740433,14.611681598238935
2024-12-30 17:43:26.309114,12.761710757154221,0.3320237432839601
2024-12-30 17:43:26.309120,45.73887811034636,20.538269953139864
2024-12-30 17:43:26.309129,31.182090063728964,64.38310981208537
2024-12-30 17:43:26.309135,49.26177100976217,90.15606704549445
2024-12-30 17:43:26.309141,13.276918443270624,66.68070874960974
2024-12-30 17:43:26.309147,11.167557864639887,19.10725725811856
2024-12-30 17:43:26.309153,81.37810983180725,51.57274949480642
2024-12-30 17:43:26.309159,44.89942535295815,72.29804879288156
2024-12-30 17:43:26.309165,67.60908141982532,37.7086192883347
2024-12-30 17:43:26.309171,3.0084663517276233,35.667284905246454
2024-12-30 17:43:26.309177,91.24135904617087,35.09397573832316
2024-12-30 17:43:26.309185,75.30919710870346,87.79042899589223
2024-12-30 17:43:26.309192,95.46943139928702,0.15552348013627704
2024-12-30 17:43:26.309198,3.6344249534000728,39.48258519750543
2024-12-30 17:43:26.309204,77.19280740005858,7.685032481722487
2024-12-30 17:43:26.309210,43.37508890959276,4.834498245679386
2024-12-30 17:43:26.309216,33.182526713567086,48.33631823886076
2024-12-30 17:43:26.309222,37.635084061601,82.14247256230507
2024-12-30 17:43:26.309228,41.866906682251056,29.43453738371722
2024-12-30 17:43:26.309234,40.7355777704015,84.13968091525321
2024-12-30 17:43:26.309240,67.1598652533631,86.83254191807185
2024-12-30 17:43:26.309246,90.56150013381553,56.87837369490073
2024-12-30 17:43:26.309252,95.50833712340973,48.015729127747655
2024-12-30 17:43:26.309258,24.04561067423416,49.011844495203746
2024-12-30 17:43:26.309264,23.003699165685553,39.464090866340804
2024-12-30 17:43:26.309270,83.65813211922818,24.088792207259036
2024-12-30 17:43:26.309276,62.83021086285188,23.530043658625665
2024-12-30 17:43:26.309282,18.90641567221365,94.48128966338135
2024-12-30 17:43:26.309288,65.84507846465064,7.294420918509448
2024-12-30 17:43:26.309296,70.12665089333719,6.099268403553381
2024-12-30 17:43:26.309303,62.26421926575624,80.17421904889969
2024-12-30 17:43:26.309309,14.774654900141426,98.10397688590913
2024-12-30 17:43:26.309315,94.4104774680922,44.13406090372464
2024-12-30 17:43:26.309320,9.723692068403933,30.36998907440367
2024-12-30 17:43:26.309328,45.74582942027055,72.87797565877774
2024-12-30 17:43:26.309335,42.86500545788798,1.2046485108373362
2024-12-30 17:43:26.309341,1.6204375124779347,35.98907427814749
2024-12-30 17:43:26.309347,40.35168400092696,21.959891368608286
2024-12-30 17:43:26.309353,31.23312374548135,80.56218265258039
2024-12-30 17:43:26.309359,14.53261310893521,76.19026043500648
2024-12-30 17:43:26.309365,5.33094158694607,29.317939808987393
2024-12-30 17:43:26.309370,25.05079539108174,14.252578250466097
2024-12-30 17:43:26.309376,96.75823588708884,68.5386675989557
2024-12-30 17:43:26.309382,23.317526093948725,60.74849862671352
2024-12-30 17:43:26.309388,34.053636229860906,9.803974608396226
2024-12-30 17:43:26.309394,6.98597446205711,52.48884768339027
2024-12-30 17:43:26.309400,82.39614972121949,81.04529861400388
2024-12-30 17:43:26.309406,16.433439455775055,10.362976907273513
2024-12-30 17:43:26.309412,97.63275955611827,98.16816754074597
2024-12-30 17:43:26.309418,71.18289120388185,43.488807620828354
2024-12-30 17:43:26.309424,2.4719935371342427,94.8725732495096
2024-12-30 17:43:26.309432,90.29317989443072,43.55134201056142
2024-12-30 17:43:26.309438,92.54273318093993,19.283747678990395
2024-12-30 17:43:26.309444,89.49639632244501,67.10961829742583
2024-12-30 17:43:26.309451,39.2227582396988,64.9529517863912
2024-12-30 17:43:26.309457,19.02990926692253,82.93638863683549
2024-12-30 17:43:26.309462,83.16437578165441,48.83182544342556
2024-12-30 17:43:26.309470,32.05520663023267,29.94100240052283
2024-12-30 17:43:26.309477,2.44976961318919,14.745861742829913
2024-12-30 17:43:26.309483,9.548289473684479,15.884273721471786
2024-12-30 17:43:26.309489,64.84853773827403,28.29506895971776
2024-12-30 17:43:26.309495,84.63032136579744,67.15385671618893
2024-12-30 17:43:26.309501,46.801892898196066,94.36959658196659
2024-12-30 17:43:26.309507,77.93626806519504,75.8348321547503
2024-12-30 17:43:26.309513,45.887737696975115,47.70322925053422
2024-12-30 17:43:26.309521,14.392466970048734,39.93788645343639
2024-12-30 17:43:26.309528,93.7757398770471,61.758862276562255
2024-12-30 17:43:26.309534,43.318978400506495,0.08306313709260937
2024-12-30 17:43:26.309540,84.21713974558087,55.04655933608349
2024-12-30 17:43:26.309546,69.4800532709903,52.8724644280967
2024-12-30 17:43:26.309552,66.06262682852868,78.6738758527266
2024-12-30 17:43:26.309558,15.847213261363525,50.014251268007115
2024-12-30 17:43:26.309563,1.3864045968850047,86.5783159090287
2024-12-30 17:43:26.309569,72.69414834822608,91.0428963096487
2024-12-30 17:43:26.309575,0.5009495106182871,48.62372222287733
2024-12-30 17:43:26.309581,58.12744549773022,43.21959879586156
2024-12-30 17:43:26.309587,94.67791050984661,46.96685440400088
2024-12-30 17:43:26.309593,11.122807908938704,49.4975774636071
2024-12-30 17:43:26.309599,26.088795941562836,1.9799699373305724
2024-12-30 17:43:26.309607,64.65942653326168,34.14057009533528
2024-12-30 17:43:26.309616,94.25738233622361,92.53006058502754
2024-12-30 17:43:26.309622,6.44515870598984,1.5638187431537554
2024-12-30 17:43:26.309629,49.76268239201875,71.30171930777544
2024-12-30 17:43:26.309635,49.893133582734826,25.58499319424301
2024-12-30 17:43:26.309641,11.591239536015262,32.46719886452384
2024-12-30 17:43:26.309647,85.47083665840532,16.28211815649688
2024-12-30 17:43:26.309653,37.44583714856567,61.92212081687808
2024-12-30 17:43:26.309659,48.52093288977727,86.21815081687917
2024-12-30 17:43:26.309665,38.220846952319874,14.274977740274775
2024-12-30 17:43:26.309670,84.28827410732815,81.19784809296817
2024-12-30 17:43:26.309676,89.52849796140163,92.10915874995675
2024-12-30 17:43:26.309682,4.124413359557444,78.90640117499639
2024-12-30 17:43:26.309688,76.93979825801536,67.87587782891826
2024-12-30 17:43:26.309694,11.867585682566961,61.185730292817595
2024-12-30 17:43:26.309700,74.91389216754064,1.971104334766216
2024-12-30 17:43:26.309706,15.536268751529214,3.8890276591899697
2024-12-30 17:43:26.309712,59.78737480863996,37.087405102382455
2024-12-30 17:43:26.309718,17.96323230567377,52.44710759525795
2024-12-30 17:43:26.309724,95.69288211948675,48.96102893618526
2024-12-30 17:43:26.309730,81.63650070251187,63.66049440888833
2024-12-30 17:43:26.309736,27.916435219164825,28.334868556067207
2024-12-30 17:43:26.309742,26.139341482431444,34.047556906161205
2024-12-30 17:43:26.309748,30.125590019132954,25.359765778862197
2024-12-30 17:43:26.309756,91.58114592596768,44.54026617209972
2024-12-30 17:43:26.309762,6.379872567299783,3.2036323569533787
2024-12-30 17:43:26.309768,16.08384895213002,83.55540247952466
2024-12-30 17:43:26.309775,89.41865287734957,15.06037103911535
2024-12-30 17:43:26.309780,43.33579660739454,85.24860458766756
2024-12-30 17:43:26.309786,99.98794652910537,38.412217035649185
2024-12-30 17:43:26.309792,49.06280933921641,53.52256614186116
2024-12-30 17:43:26.309798,13.703223641921126,40.721958871305375
2024-12-30 17:43:26.309804,68.18570689440371,96.9402219978504
2024-12-30 17:43:26.309810,75.28402454028478,86.66438873326982
2024-12-30 17:43:26.309816,38.62498173831749,91.91561446580982
2024-12-30 17:43:26.309825,65.83926993938533,10.172145649124209
2024-12-30 17:43:26.309831,90.38750728338108,22.240407722632415
2024-12-30 17:43:26.309837,1.5196213696631933,69.13113798555283
2024-12-30 17:43:26.309843,50.6983924984111,10.39880123714514
2024-12-30 17:43:26.309849,51.79881463593562,35.070734056244525
2024-12-30 17:43:26.309855,11.611203171886576,12.093323450814797
2024-12-30 17:43:26.309861,1.76717877800604,38.24576608259602
2024-12-30 17:43:26.309867,77.72308864647844,45.77522308158767
2024-12-30 17:43:26.309873,70.73475054507345,2.548830861080098
2024-12-30 17:43:26.309879,64.10852610520685,80.0767612991934
2024-12-30 17:43:26.309885,89.20192479095769,29.106631213489788
2024-12-30 17:43:26.309891,33.256283102691285,51.617667768651344
2024-12-30 17:43:26.309899,16.70907489003921,73.67687642669665
2024-12-30 17:43:26.309906,4.284214598488223,51.91805885607502
2024-12-30 17:43:26.309914,6.284105781813087,24.526847180676768
2024-12-30 17:43:26.309922,45.03163990355702,20.459481323606777
2024-12-30 17:43:26.309929,66.24266671927708,60.927096636903876
2024-12-30 17:43:26.309935,26.101704448476536,82.04126480859705
2024-12-30 17:43:26.309940,28.396940490470822,25.03949537573662
2024-12-30 17:43:26.309946,98.7606291625617,53.80899158316957
2024-12-30 17:43:26.309952,17.0232105864236,27.83196451777773
2024-12-30 17:43:26.309958,27.607258887911257,40.110053170583036
2024-12-30 17:43:26.309964,60.444400447171006,23.886740504130934
2024-12-30 17:43:26.309970,32.29058836641544,71.37105252977804
2024-12-30 17:43:26.309976,59.290551339937004,2.1621001284133246
2024-12-30 17:43:26.309982,15.987218019032278,74.03155121395973
2024-12-30 17:43:26.309988,61.73944393566339,32.37014636511044
2024-12-30 17:43:26.309994,1.0912780675672806,59.78167244124892
2024-12-30 17:43:26.310000,83.48574512205386,3.1807694707942646
2024-12-30 17:43:26.310006,82.0458156538258,53.8108710365113
2024-12-30 17:43:26.310013,52.66672300591587,79.7967694641635
2024-12-30 17:43:26.310019,12.66429330103528,81.13022780902462
2024-12-30 17:43:26.310025,86.84941498868969,54.7276630183125
2024-12-30 17:43:26.310031,85.84114002675761,66.04829376350796
2024-12-30 17:43:26.310037,16.714740675834605,89.3673497807206
2024-12-30 17:43:26.310045,53.98539849560899,12.829534859982871
2024-12-30 17:43:26.310051,5.225323653711833,2.8907884326667244
2024-12-30 17:43:26.310057,64.91604282057838,61.84365237924931
2024-12-30 17:43:26.310063,18.43565923119802,29.516307356982985
2024-12-30 17:43:26.310069,45.62544999802532,43.77658514873923
2024-12-30 17:43:26.310075,4.68520195569414,91.54067336250395
2024-12-30 17:43:26.310081,6.829135772715067,13.204897746571964
2024-12-30 17:43:26.310087,35.83396674727651,52.718469687234006
2024-12-30 17:43:26.310093,82.55190751384069,99.28062836137941
2024-12-30 17:43:26.310119,21.296395055395003,90.06644523255045
2024-12-30 17:43:26.310129,79.43270312129138,65.26326889018634
2024-12-30 17:43:26.310136,25.011477429281513,41.217680823100935
2024-12-30 17:43:26.310142,31.074628275043803,37.56207649895495
2024-12-30 17:43:26.310148,9.503263619689118,67.62085614122184
2024-12-30 17:43:26.310154,38.14345501278845,96.8671616393457
2024-12-30 17:43:26.310160,77.66764205296394,0.7544158660665823
2024-12-30 17:43:26.310166,21.777605042516658,74.78376360900717
2024-12-30 17:43:26.310172,55.384115083725625,9.307613048097817
2024-12-30 17:43:26.310178,54.9850182506687,15.402143586062278
2024-12-30 17:43:26.310184,92.00422195063503,49.12535577945661
2024-12-30 17:43:26.310190,48.392570941887556,68.09614215132244
2024-12-30 17:43:26.310196,59.3167082833571,61.838060997194866
2024-12-30 17:43:26.310202,7.237944185034484,4.6098923308523165
2024-12-30 17:43:26.310215,53.643069064204795,87.48932439600686
2024-12-30 17:43:26.310222,50.34933253581714,3.4808815649164715
2024-12-30 17:43:26.310228,99.23250861220828,36.8080146632634
2024-12-30 17:43:26.310234,2.0139778045559,12.790022160200444
2024-12-30 17:43:26.310240,90.38418551444826,54.3345855573463
2024-12-30 17:43:26.310249,20.372667120476564,89.78465479997197
2024-12-30 17:43:26.310255,56.92776415516282,5.928706740773992
2024-12-30 17:43:26.310264,26.02764347431492,90.25595931359453
2024-12-30 17:43:26.310270,63.71000137104749,7.376085376797626
2024-12-30 17:43:26.310276,6.991486440798978,5.921074558194917
2024-12-30 17:43:26.310282,95.6963977304778,86.9310445307523
2024-12-30 17:43:26.310288,85.90914250933766,19.074424918474108
2024-12-30 17:43:26.310294,50.09682391747747,84.2540285733673
2024-12-30 17:43:26.310300,60.49239440593952,83.19052128538462
2024-12-30 17:43:26.310306,61.12232510986442,19.957747086296006
2024-12-30 17:43:26.310312,68.70739417021997,6.127149498456808
2024-12-30 17:43:26.310318,73.0967600669786,89.31666347524165
2024-12-30 17:43:26.310324,66.47389919668237,19.4375383471736
2024-12-30 17:43:26.310330,60.987528627292534,35.90460483378509
2024-12-30 17:43:26.310339,60.48747119156502,14.760906844047849
2024-12-30 17:43:26.310345,70.77115098287693,83.48229919145574
2024-12-30 17:43:26.310351,43.48761540319889,32.304457447706135
2024-12-30 17:43:26.310357,13.05269974933676,87.74665191137412
2024-12-30 17:43:26.310366,84.71901667251399,98.85990657980213
2024-12-30 17:43:26.310372,84.57917780617184,33.708054440215804
2024-12-30 17:43:26.310378,27.935933918108613,87.58518727664998
2024-12-30 17:43:26.310384,3.6861787331512463,5.492010927981827
2024-12-30 17:43:26.310390,45.86425890714245,14.473357682872745
2024-12-30 17:43:26.310396,66.03306345106844,35.993345651919086
2024-12-30 17:43:26.310402,9.065698686267709,18.76051894764792
2024-12-30 17:43:26.310408,74.25349692200773,48.876658627594175
2024-12-30 17:43:26.310414,33.73962757523765,34.599819458245506
2024-12-30 17:43:26.310420,47.82633783462856,94.27433070274974
2024-12-30 17:43:26.310426,70.64263239728297,8.819367665458056
2024-12-30 17:43:26.310432,57.85561220206754,50.08561242377565
2024-12-30 17:43:26.310439,78.51939563025948,25.564152737142976
2024-12-30 17:43:26.310445,24.131456719963772,99.97709235190182
2024-12-30 17:43:26.310451,59.513001181325045,52.393207273766706
2024-12-30 17:43:26.310457,7.957463847431412,31.013101220773475
2024-12-30 17:43:26.310463,79.84512583463707,97.14286020040691
2024-12-30 17:43:26.310469,86.78350507746309,22.133848071674677
2024-12-30 17:43:26.310475,53.71961676358876,24.506575016986364
2024-12-30 17:43:26.310481,58.381673541003984,80.46498209746832
2024-12-30 17:43:26.310487,86.74394360594741,68.73964495366934
2024-12-30 17:43:26.310493,74.6206187373931,45.98589946816188
2024-12-30 17:43:26.310499,84.53973854284224,59.651048884318726
2024-12-30 17:43:26.310507,27.854847340983902,25.236698871303133
2024-12-30 17:43:26.310514,72.7477927804437,40.298980952054166
2024-12-30 17:43:26.310520,92.86096099402992,87.77965178210553
2024-12-30 17:43:26.310526,29.420544850703134,81.74257140843447
2024-12-30 17:43:26.310532,8.572454514618833,34.14780406988152
2024-12-30 17:43:26.310538,67.92036648088961,86.97710969893757
2024-12-30 17:43:26.310544,19.547693270761368,75.78403646433382
2024-12-30 17:43:26.310550,30.540013644178398,5.364383046909427
2024-12-30 17:43:26.310556,99.24468756967809,23.742274127828132
2024-12-30 17:43:26.310562,88.36581362191568,24.35505504576161
2024-12-30 17:43:26.310568,84.26993546429586,14.718364980511966
2024-12-30 17:43:26.310576,7.905923995129371,87.06083140386353
2024-12-30 17:43:26.310582,79.49178770253015,2.572126286783827
2024-12-30 17:43:26.310588,70.70953238145832,77.20590068288
2024-12-30 17:43:26.310594,0.6003039092233098,24.03643928846153
2024-12-30 17:43:26.310600,11.53979218660105,57.33570278946709
2024-12-30 17:43:26.310606,65.54672845323473,87.08342789113159
2024-12-30 17:43:26.310612,6.149676075114286,39.909664554669014
2024-12-30 17:43:26.310618,76.83419517661558,14.075375464187989
2024-12-30 17:43:26.310624,72.80955425017432,53.47877892527026
2024-12-30 17:43:26.310630,4.9504222882700955,68.01195532399613
2024-12-30 17:43:26.310636,73.9840712772317,1.2205771745303906
2024-12-30 17:43:26.310645,2.2809957702583428,45.0418144700134
2024-12-30 17:43:26.310653,13.484269564947526,2.4349236789216855
2024-12-30 17:43:26.310660,60.262820276464225,87.4732872257424
2024-12-30 17:43:26.310666,93.01477504389368,34.79987914265339
2024-12-30 17:43:26.310672,80.01232162500874,56.916467854320175
2024-12-30 17:43:26.310678,20.119493648267206,41.38871296945589
2024-12-30 17:43:26.310684,89.33892427261321,82.16705518295676
2024-12-30 17:43:26.310694,94.46326937562398,51.94018848892642
2024-12-30 17:43:26.310700,0.9726303637480727,15.953663686569897
2024-12-30 17:43:26.310706,87.96391376693225,60.66392763478676
2024-12-30 17:43:26.310712,95.15393925352627,76.6623131196954
2024-12-30 17:43:26.310718,45.62648097717046,26.868828111606156
2024-12-30 17:43:26.310725,53.06959149145707,8.605537849878264
2024-12-30 17:43:26.310730,32.27816082379044,77.66625147734898
2024-12-30 17:43:26.310739,52.68717766776302,50.90483003820696
2024-12-30 17:43:26.310746,39.82748333224562,24.628979896423743
2024-12-30 17:43:26.310752,29.137031163478678,0.44347904572952235
2024-12-30 17:43:26.310758,34.99158795046182,70.16167831004896
2024-12-30 17:43:26.310764,46.07137962358282,59.92469588194923
2024-12-30 17:43:26.310770,25.979260843121168,28.43975393025826
2024-12-30 17:43:26.310776,18.752432195371473,54.430984383428104
2024-12-30 17:43:26.310782,42.44499210781597,91.51820703643502
2024-12-30 17:43:26.310788,44.5273241390689,10.058103503130356
2024-12-30 17:43:26.310794,31.433388293381824,52.27522929832864
2024-12-30 17:43:26.310802,83.64076089674712,44.957022055212406
2024-12-30 17:43:26.310809,73.45134498937962,24.528942442160684
2024-12-30 17:43:26.310815,53.55560568195382,51.09614628157465
2024-12-30 17:43:26.310821,98.695044037131,82.67726581314024
2024-12-30 17:43:26.310827,16.602465684222967,9.437021735469852
2024-12-30 17:43:26.310833,91.82473159194294,95.83245039969623
2024-12-30 17:43:26.310839,49.465783593627336,53.85739859100451
2024-12-30 17:43:26.310845,76.47336981112225,33.18033793151092
2024-12-30 17:43:26.310851,95.4705959422661,41.610663961061334
2024-12-30 17:43:26.310859,55.74930541668457,73.49104360188889
2024-12-30 17:43:26.310866,87.0310549962396,33.21402460822442
2024-12-30 17:43:26.310872,54.71559562857945,58.00422783938735
2024-12-30 17:43:26.310878,46.983200035275686,33.14290517966478
2024-12-30 17:43:26.310884,10.139069788844136,23.03337658615321
2024-12-30 17:43:26.310890,64.09621209420791,22.950671517413966
2024-12-30 17:43:26.310899,14.15930980254676,82.22948276208895
2024-12-30 17:43:26.310905,4.191227486026072,27.59334533014808
2024-12-30 17:43:26.310911,34.64703193821924,63.28193642871379
2024-12-30 17:43:26.310917,99.45664148896527,22.83980750091481
2024-12-30 17:43:26.310923,7.192987306333087,6.545541812244526
2024-12-30 17:43:26.310929,33.8929214316726,31.8483358935817
2024-12-30 17:43:26.310935,75.4638673462401,93.5151482205344
2024-12-30 17:43:26.310941,35.05840080932246,84.44430382410228
2024-12-30 17:43:26.310949,26.397753091077092,75.92584162641748
2024-12-30 17:43:26.310956,72.47781435382053,0.7527374265447584
2024-12-30 17:43:26.310963,41.18457776725531,75.32541613186703
2024-12-30 17:43:26.310969,40.078868877423346,56.4911834293649
2024-12-30 17:43:26.310975,27.38399604399907,69.56438627488183
2024-12-30 17:43:26.310981,47.81525567352084,98.9452264259358
2024-12-30 17:43:26.310987,72.99305889599424,16.72303891679133
2024-12-30 17:43:26.310993,15.684354105485344,35.94094118833689
2024-12-30 17:43:26.310999,84.76184985586447,84.519170258364
2024-12-30 17:43:26.311005,33.630290234865754,36.128412337242466
2024-12-30 17:43:26.311011,3.7940282801742,94.16918448971806
2024-12-30 17:43:26.311017,75.59748639384306,67.9774751005609
2024-12-30 17:43:26.311023,78.01263635066104,7.700768142446934
2024-12-30 17:43:26.311030,40.56517801241123,77.04186420660746
2024-12-30 17:43:26.311036,74.03567474543658,7.2148250556372755
2024-12-30 17:43:26.311115,72.55998640291733,67.63224021708744
2024-12-30 17:43:26.311126,23.834193300368256,54.97786340427484
2024-12-30 17:43:26.311132,60.186773005836,30.761903283660786
2024-12-30 17:43:26.311138,57.362460288001095,8.913164200615098
2024-12-30 17:43:26.311145,58.32958348852547,61.463575747747754
2024-12-30 17:43:26.311151,83.46278785383628,74.20815113445718
2024-12-30 17:43:26.311157,14.972013998828704,0.8621022211791285
2024-12-30 17:43:26.311172,66.87181000477266,97.01529215788257
2024-12-30 17:43:26.311180,15.227136805489117,34.98925924826324
2024-12-30 17:43:26.311187,56.0850297341395,22.39175335857233
2024-12-30 17:43:26.311193,39.443749074472166,49.287079898635646
2024-12-30 17:43:26.311199,78.1217463829886,56.4710696199309
2024-12-30 17:43:26.311211,56.10333449679624,68.04837701907674
2024-12-30 17:43:26.311218,39.923251469979434,86.62233253577944
2024-12-30 17:43:26.311271,83.34670439312424,30.29156226332149
2024-12-30 17:43:26.311292,93.52339665064866,12.169309824939745
2024-12-30 17:43:26.311300,42.20639971630954,89.95401319905395
2024-12-30 17:43:26.311306,15.493866944237645,94.40703537176933
2024-12-30 17:43:26.311312,29.58001548199035,14.337921084734894
2024-12-30 17:43:26.311318,92.29542532819066,27.505435877926608
2024-12-30 17:43:26.311324,28.299806992902532,21.358361850541275
2024-12-30 17:43:26.311330,29.643385845792437,91.1991524733423
2024-12-30 17:43:26.311335,85.70667049682496,15.414069335181747
2024-12-30 17:43:26.311341,35.68829606738792,95.09544085138083
2024-12-30 17:43:26.311347,12.820387078786721,4.037265813359447
2024-12-30 17:43:26.311353,73.3680808841339,97.72299442909981
2024-12-30 17:43:26.311358,31.44422208964762,82.16502422353496
2024-12-30 17:43:26.311366,17.133303230356866,90.7179744828218
2024-12-30 17:43:26.311373,26.348262350766195,84.30164603169781
2024-12-30 17:43:26.311379,3.7028460192302326,70.8762893929264
2024-12-30 17:43:26.311384,73.69503837865291,12.377677728513126
2024-12-30 17:43:26.311392,34.85066691903015,7.999767067883945
2024-12-30 17:43:26.311399,30.303585604647843,30.927485636575035
2024-12-30 17:43:26.311405,60.45660036395621,87.40018694305779
2024-12-30 17:43:26.311410,2.6201003974102743,64.88078191705425
2024-12-30 17:43:26.311416,21.787743229268884,64.185207297642
2024-12-30 17:43:26.311422,68.36201855819438,25.07057339274129
2024-12-30 17:43:26.311427,79.00799878377363,5.434475681652929
2024-12-30 17:43:26.311433,45.11321786644119,81.50551602729716
2024-12-30 17:43:26.311439,98.48326995953552,70.20947956696337
2024-12-30 17:43:26.311444,17.950256808354116,2.1652660616964914
2024-12-30 17:43:26.311450,94.54024034674863,4.951043558938151
2024-12-30 17:43:26.311456,86.70719671017179,7.245072294797361
2024-12-30 17:43:26.311461,73.72471319396965,8.868110225956826
2024-12-30 17:43:26.311467,34.79098035612458,46.16074444902672
2024-12-30 17:43:26.311473,88.52587553658188,52.80356805620463
2024-12-30 17:43:26.311478,73.11518260631989,40.56281226220471
2024-12-30 17:43:26.311484,62.067791495871994,32.79499117200901
2024-12-30 17:43:26.311490,47.1651504257211,73.61295282925423
2024-12-30 17:43:26.311495,73.64273449027593,21.99654317254104
2024-12-30 17:43:26.311501,97.8453149550671,17.35741119369831
2024-12-30 17:43:26.311506,76.08782013058737,46.29484581859429
2024-12-30 17:43:26.311512,0.6624423864132978,91.90245268439965
2024-12-30 17:43:26.311518,19.4744979642968,5.199785738028173
2024-12-30 17:43:26.311526,98.68569973351966,44.87817136406894
2024-12-30 17:43:26.311532,39.715422593762675,65.67266602622345
2024-12-30 17:43:26.311538,65.67870619742337,38.02903271317043
2024-12-30 17:43:26.311543,26.52252250612628,47.349147943444535
2024-12-30 17:43:26.311549,16.494573213215713,28.218083234091708
2024-12-30 17:43:26.311555,67.4177605106196,41.03191364787394
2024-12-30 17:43:26.311560,35.900888245997784,17.425164023679706
2024-12-30 17:43:26.311566,79.0315035985517,79.03930920309625
2024-12-30 17:43:26.311572,54.68830137295853,77.9131530182311
2024-12-30 17:43:26.311577,15.686227071078818,31.079626865355348
2024-12-30 17:43:26.311586,81.63099484232829,98.09905808898746
2024-12-30 17:43:26.311593,22.521806687745126,34.51616410883046
2024-12-30 17:43:26.311598,1.8758473157362898,40.424989230381655
2024-12-30 17:43:26.311604,38.21450397133065,45.33023847868303
2024-12-30 17:43:26.311610,82.95163901769047,93.38957851341706
2024-12-30 17:43:26.311616,93.54255197467954,29.373671797023192
2024-12-30 17:43:26.311621,44.07736746796211,86.0647354891198
2024-12-30 17:43:26.311627,23.423668543498,14.971710936891181
2024-12-30 17:43:26.311633,81.06257585151947,81.83588460687426
2024-12-30 17:43:26.311674,54.6055692050174,6.56333647472257
2024-12-30 17:43:26.311688,0.7675574032938282,59.716080063596564
2024-12-30 17:43:26.311695,36.6680772582899,1.2390926704756389
2024-12-30 17:43:26.311704,78.73370640323753,14.130430615886503
2024-12-30 17:43:26.311722,12.868248089616085,30.413643277419034
2024-12-30 17:43:26.311737,80.15718957510653,21.908541376449907
2024-12-30 17:43:26.311776,11.518057222163902,33.46505086930025
2024-12-30 17:43:26.311785,5.280438643319751,29.953896241104616
2024-12-30 17:43:26.311791,2.524126764977963,19.671346284783596
2024-12-30 17:43:26.311797,99.98060656491383,17.48850862742547
2024-12-30 17:43:26.311803,46.8345117999972,91.15644702625013
2024-12-30 17:43:26.311809,23.76085235855684,55.00924033773625
2024-12-30 17:43:26.311815,74.78762005781088,23.43081316489769
2024-12-30 17:43:26.311821,1.7089473615311324,34.13137508511795
2024-12-30 17:43:26.311827,75.30951923968105,33.04918624015226
2024-12-30 17:43:26.311834,58.376362412531954,94.8677794338065
2024-12-30 17:43:26.311840,20.509292251327892,71.26265165831366
2024-12-30 17:43:26.311846,36.61974336275935,10.4671951067978
2024-12-30 17:43:26.311852,22.254441962622696,34.311441436510314
2024-12-30 17:43:26.311858,66.22030830508285,70.44222476025361
2024-12-30 17:43:26.311863,35.689588559174425,57.32942367527747
2024-12-30 17:43:26.311869,30.752107451539334,59.645100813455606
2024-12-30 17:43:26.311875,62.12881616429382,10.726928042542694
2024-12-30 17:43:26.311881,65.48785748805281,74.70382072409795
2024-12-30 17:43:26.311887,0.47042977521650764,64.72769681654619
2024-12-30 17:43:26.311893,8.89031826773371,79.51649446922212
2024-12-30 17:43:26.311900,72.48102108128455,86.46211575884463
2024-12-30 17:43:26.311911,78.47180424265197,62.369506603296145
2024-12-30 17:43:26.311918,16.71359201950625,86.25449131407207
2024-12-30 17:43:26.311924,60.29103978927356,37.7736156451162
2024-12-30 17:43:26.311929,64.35476737005406,2.6009697197425963
2024-12-30 17:43:26.311935,9.826558760358573,34.205563778731815
2024-12-30 17:43:26.311941,70.99342874493588,24.632620116740465
2024-12-30 17:43:26.311947,88.75556346448101,2.9277700605326973
2024-12-30 17:43:26.311953,81.61471734163511,65.53119671276
2024-12-30 17:43:26.311959,89.39162085572198,36.17658949512113
2024-12-30 17:43:26.311964,5.005926803533467,83.4191544994351
2024-12-30 17:43:26.311970,46.940217825506345,43.51478771690675
2024-12-30 17:43:26.311976,89.83833306645136,21.626706724430644
2024-12-30 17:43:26.311982,69.1804325572486,84.69499603325066
2024-12-30 17:43:26.311988,88.14278070079142,59.62357623366207
2024-12-30 17:43:26.311993,47.1213943215398,50.94853178743705
2024-12-30 17:43:26.312000,0.2117689458286942,11.690331826399081
2024-12-30 17:43:26.312007,19.922874768999687,87.90494503298676
2024-12-30 17:43:26.312018,3.3923377157878187,95.42718598858366
2024-12-30 17:43:26.312027,0.6813330469608747,53.57940540918208
2024-12-30 17:43:26.312033,22.545737873160622,47.9273592377881
2024-12-30 17:43:26.312039,25.895743468360088,47.030550423360786
2024-12-30 17:43:26.312045,45.20898537553168,8.522143736196142
2024-12-30 17:43:26.312051,13.692889615167358,54.40438222884896
2024-12-30 17:43:26.312059,1.317391266346668,71.30203182243098
2024-12-30 17:43:26.312066,38.471309264767406,39.41609264632121
2024-12-30 17:43:26.312072,33.84025799199548,93.55446012987461
2024-12-30 17:43:26.312078,7.753324187402955,36.64512003749154
2024-12-30 17:43:26.312087,24.824326454372137,5.045724629950021
2024-12-30 17:43:26.312096,89.58649078484486,55.08661433387859
2024-12-30 17:43:26.312103,82.30811692515626,76.050702948544
2024-12-30 17:43:26.312108,48.253387900075516,23.092544021371953
2024-12-30 17:43:26.312114,48.93488130272012,27.664404283589338
2024-12-30 17:43:26.312120,72.67426304600923,29.531968645315978
2024-12-30 17:43:26.312126,4.568756156541509,94.77422028997596
2024-12-30 17:43:26.312132,88.49298396028054,62.54087509720732
2024-12-30 17:43:26.312138,14.816614577106845,59.896747734666455
2024-12-30 17:43:26.312144,7.32864130509544,84.79146322319157
2024-12-30 17:43:26.312150,59.07814620386237,59.43077235950497
2024-12-30 17:43:26.312156,33.19349337281224,97.57228112909722
2024-12-30 17:43:26.312161,25.350687812455142,7.047917652298096
2024-12-30 17:43:26.312167,93.1806964910654,36.069299284040724
2024-12-30 17:43:26.312177,62.00150529686622,48.738544648145286
2024-12-30 17:43:26.312183,18.748831542418454,53.24695693035353
2024-12-30 17:43:26.312189,52.92044488719168,98.43301285572407
2024-12-30 17:43:26.312195,44.768877077630066,74.59549762936454
2024-12-30 17:43:26.312201,30.950345167457815,1.2365370333570214
2024-12-30 17:43:26.312209,45.41924371933999,98.11165548094452
2024-12-30 17:43:26.312215,94.41334716607169,81.28867537570073
2024-12-30 17:43:26.312221,59.21280858094159,47.717042485395275
2024-12-30 17:43:26.312227,11.997992084221309,47.475813397787114
2024-12-30 17:43:26.312233,33.807941688051315,63.26208380910102
2024-12-30 17:43:26.312239,60.45093087393255,15.18287326328175
2024-12-30 17:43:26.312245,58.225299232528826,96.1446706560387
2024-12-30 17:43:26.312251,46.278078733490105,84.89142598392702
2024-12-30 17:43:26.312258,75.49788287874271,60.3555172946067
2024-12-30 17:43:26.312264,15.072440026197109,91.53376661382532
2024-12-30 17:43:26.312270,52.3574994259843,89.50386968300805
2024-12-30 17:43:26.312275,90.8072333705037,47.42055561880001
2024-12-30 17:43:26.312281,98.74834885305059,28.894103794204874
2024-12-30 17:43:26.312287,16.078261858270626,3.1175687966392585
2024-12-30 17:43:26.312293,25.183265888499363,71.91912634497697
2024-12-30 17:43:26.312299,61.43358032531443,99.12283376008139
2024-12-30 17:43:26.312305,18.580174584297502,83.84864952246912
2024-12-30 17:43:26.312311,59.699053968281135,57.97872466730903
2024-12-30 17:43:26.312317,68.86966957857051,18.743368702895104
2024-12-30 17:43:26.312323,46.570488397665436,7.550046585401438
2024-12-30 17:43:26.312329,36.87094223770116,62.12752940125621
2024-12-30 17:43:26.312334,95.38367400693937,41.239382534062365
2024-12-30 17:43:26.312340,42.97557022489956,33.398667375554695
2024-12-30 17:43:26.312349,17.40605789058156,80.86014618579378
2024-12-30 17:43:26.312355,35.52282216540215,62.33743391842079
2024-12-30 17:43:26.312361,63.37309930903721,58.657209251892326
2024-12-30 17:43:26.312367,62.623856362169185,78.33870587952252
2024-12-30 17:43:26.312373,43.25607165945079,32.07294406725754
2024-12-30 17:43:26.312379,46.78551934389117,97.85466409670644
2024-12-30 17:43:26.312385,56.76294293767167,61.9295781333868
2024-12-30 17:43:26.312390,70.39809849506304,15.558748546487145
2024-12-30 17:43:26.312399,43.55724981545372,78.7358710819353
2024-12-30 17:43:26.312405,91.25595245956133,73.61630770982812
2024-12-30 17:43:26.312411,45.24540996802604,94.92838744803005
2024-12-30 17:43:26.312420,99.240903184119,13.111623314367682
2024-12-30 17:43:26.312431,74.59542076493383,80.63514987164284
2024-12-30 17:43:26.312441,16.350510879265034,72.58758060073062
2024-12-30 17:43:26.312449,49.44572584444145,41.40023641039949
2024-12-30 17:43:26.312455,89.65120909726922,56.14567788177446
2024-12-30 17:43:26.312461,89.12841957412245,96.96840777945937
2024-12-30 17:43:26.312467,87.41700698757886,71.31324921221157
2024-12-30 17:43:26.312473,69.90159381183445,83.32899224257424
2024-12-30 17:43:26.312479,12.33314000000546,66.24482374431076
2024-12-30 17:43:26.312484,7.176345081883017,32.33944868470099
2024-12-30 17:43:26.312494,38.87518192158866,14.586945307688392
2024-12-30 17:43:26.312501,36.31239716730017,74.57794937731619
2024-12-30 17:43:26.312509,34.28862812238379,14.210840056392836
2024-12-30 17:43:26.312515,22.169252728543963,43.84200367778649
2024-12-30 17:43:26.312521,26.351483846225708,43.56487246303813
2024-12-30 17:43:26.312530,21.626516007824257,55.79384684285851
2024-12-30 17:43:26.312536,72.68273278107543,11.98263123520661
2024-12-30 17:43:26.312542,42.86915704838169,26.854355011009357
2024-12-30 17:43:26.312548,15.525148803508849,75.28693292080516
2024-12-30 17:43:26.312553,47.09229013706702,46.1761782946731
2024-12-30 17:43:26.312559,37.80341906750694,41.34772876111696
2024-12-30 17:43:26.312565,6.658376041492097,18.240382949123923
2024-12-30 17:43:26.312571,65.84425622663007,65.84182012514087
2024-12-30 17:43:26.312577,31.30844995665437,2.0950649827700785
2024-12-30 17:43:26.312586,17.414668639136266,83.64449594677484
2024-12-30 17:43:26.312592,80.94029112401626,21.020798607658865
2024-12-30 17:43:26.312598,29.593757003015185,86.89140442827767
2024-12-30 17:43:26.312604,36.58697479013462,81.5128088233748
2024-12-30 17:43:26.312610,6.9858254718525465,21.361112352680944
2024-12-30 17:43:26.312615,59.59206508095441,20.836179923270727
2024-12-30 17:43:26.312621,76.28454248515881,48.63637406448193
2024-12-30 17:43:26.312627,18.25484756847493,18.121651927043402
2024-12-30 17:43:26.312633,26.711208434994205,8.430045568842326
2024-12-30 17:43:26.312639,86.3756178047778,80.1147851638415
2024-12-30 17:43:26.312644,59.70820225868675,63.77043831502983
2024-12-30 17:43:26.312652,78.00798369421076,98.75539745190021
2024-12-30 17:43:26.312658,78.48887688326028,49.23585964984581
2024-12-30 17:43:26.312664,63.44301967512804,97.3940374407429
2024-12-30 17:43:26.312670,16.286973504482827,83.43212973440754
2024-12-30 17:43:26.312676,75.22698890331276,82.89768802306521
2024-12-30 17:43:26.312682,22.326280666115707,56.99123816154338
2024-12-30 17:43:26.312687,96.51634433361427,93.41641958939448
2024-12-30 17:43:26.312693,95.35291944937788,29.192756936388374
2024-12-30 17:43:26.312699,18.720732974129316,21.87041742414584
2024-12-30 17:43:26.312704,52.04825451665568,79.3672224728696
2024-12-30 17:43:26.312710,82.2454491306429,27.881512521312267
2024-12-30 17:43:26.312716,23.058871792560463,63.336531796972
2024-12-30 17:43:26.312724,78.37610110351268,18.936649285824036
2024-12-30 17:43:26.312730,32.92059501397879,19.275542163882008
2024-12-30 17:43:26.312736,34.15293387863485,92.98716155526763
2024-12-30 17:43:26.312742,69.77264790455374,84.39445745096432
2024-12-30 17:43:26.312748,62.74568982011349,24.375629481357976
2024-12-30 17:43:26.312753,36.73394970400173,57.105068752479646
2024-12-30 17:43:26.312759,61.35533578036784,14.288661148929027
2024-12-30 17:43:26.312765,98.29711549805592,71.67891463100963
2024-12-30 17:43:26.312771,27.099197762958795,18.382201940746732
2024-12-30 17:43:26.312776,83.36342440185098,87.04667338695185
2024-12-30 17:43:26.312782,95.40399378869462,3.3883215863827365
2024-12-30 17:43:26.312790,10.374627535056025,63.93043305021193
2024-12-30 17:43:26.312796,37.142780455836466,89.53207488284738
2024-12-30 17:43:26.312802,41.11833116161695,17.13070859566368
2024-12-30 17:43:26.312808,13.0816568826576,42.0067505674401
2024-12-30 17:43:26.312814,65.05337262802261,86.54764453384405
2024-12-30 17:43:26.312819,5.883161484457233,99.05742742536327
2024-12-30 17:43:26.312825,66.91997579149358,20.45167178993702
2024-12-30 17:43:26.312831,4.145420871018746,60.70330274179088
2024-12-30 17:43:26.312837,29.8881536656577,47.874316467291735
2024-12-30 17:43:26.312843,84.87670635481714,43.1516900831021
2024-12-30 17:43:26.312849,73.91596483145445,88.46359617222178
2024-12-30 17:43:26.312854,70.52469820977191,70.43057117357351
2024-12-30 17:43:26.312860,11.331553833970109,28.603449269656323
2024-12-30 17:43:26.312866,19.82206034020939,76.93060135249937
2024-12-30 17:43:26.312872,43.56010308781848,47.17028121320909
2024-12-30 17:43:26.312880,79.14468308878014,97.62855799345402
2024-12-30 17:43:26.312886,53.74853157757934,17.83651326036838
2024-12-30 17:43:26.312892,6.037129496817439,45.58554110160353
2024-12-30 17:43:26.312898,14.106406427693518,7.277399287804787
2024-12-30 17:43:26.312903,47.547558674979186,93.56733542191633
2024-12-30 17:43:26.312909,38.75622848179471,69.5754569874815
2024-12-30 17:43:26.312915,93.85091220267617,95.99352547876703
2024-12-30 17:43:26.312921,54.41281989123654,64.21676490768455
2024-12-30 17:43:26.312929,83.78827179455158,98.48988311740987
2024-12-30 17:43:26.312935,19.133981056620343,91.54942600618251
2024-12-30 17:43:26.312941,34.48582282384503,55.508657582363455
2024-12-30 17:43:26.312947,61.53467574738196,11.853619436154684
2024-12-30 17:43:26.312953,91.5366144433165,29.277011291851363
2024-12-30 17:43:26.312958,3.1575921690784825,65.97398593123565
2024-12-30 17:43:26.312967,6.206682555978615,99.28793877568934
2024-12-30 17:43:26.312973,32.80862485833009,79.84904016805368
2024-12-30 17:43:26.312978,59.28243060735797,24.764320805328698
2024-12-30 17:43:26.312985,20.267582444554566,50.82794460140324
2024-12-30 17:43:26.312990,46.59201637768157,69.33664904144796
2024-12-30 17:43:26.312996,18.853364144160402,59.77894180571588
2024-12-30 17:43:26.313002,28.83147342654019,43.611047775452725
2024-12-30 17:43:26.313008,39.05007114012964,33.27054148575914
2024-12-30 17:43:26.313013,82.86317370771059,53.3486723986767
2024-12-30 17:43:26.313019,54.03712838515968,39.83545410903383
2024-12-30 17:43:26.313028,59.05339357301512,5.91582870545847
2024-12-30 17:43:26.313034,2.1005499293362706,14.57014278970078
2024-12-30 17:43:26.313040,54.193749696830864,58.793631534721605
2024-12-30 17:43:26.313045,57.45440339159398,50.02141836008151
2024-12-30 17:43:26.313051,0.06281189618939642,39.507860410179575
2024-12-30 17:43:26.313057,45.68040052771737,62.26065834549615
2024-12-30 17:43:26.313063,37.13553434994271,36.305766209486926
2024-12-30 17:43:26.313071,42.66516931273876,81.37731844400767
2024-12-30 17:43:26.313077,81.59392428751903,70.90609168821709
2024-12-30 17:43:26.313083,6.733037755458559,62.19156497004846
2024-12-30 17:43:26.313089,99.40902754751059,79.46313466587644
2024-12-30 17:43:26.313095,70.23345271089647,92.46405068965717
2024-12-30 17:43:26.313101,24.36783532962511,57.73953887429699
2024-12-30 17:43:26.313107,87.68658777930575,74.46531134793489
2024-12-30 17:43:26.313112,71.98413898669767,80.46939273658062
2024-12-30 17:43:26.313118,44.80172208875881,66.21411588802123
2024-12-30 17:43:26.313124,49.14856793106856,2.812023744575387
2024-12-30 17:43:26.313129,39.20528848654799,7.617867211201112
2024-12-30 17:43:26.313135,87.5065718418319,39.80346855083786
2024-12-30 17:43:26.313141,12.766656956420741,41.68065935805957
2024-12-30 17:43:26.313147,70.55980978001091,94.21506400631634
2024-12-30 17:43:26.313152,96.14434824033735,22.86060598981662
2024-12-30 17:43:26.313158,58.11027122035964,40.90449142316881
2024-12-30 17:43:26.313164,49.15945525093805,64.97837492953468
2024-12-30 17:43:26.313170,40.767883707222765,71.75947152113744
2024-12-30 17:43:26.313176,61.86538759013225,33.21412234650351
2024-12-30 17:43:26.313182,74.17907427920416,97.76982147932968
2024-12-30 17:43:26.313187,32.50599262939527,78.78757797594491
2024-12-30 17:43:26.313193,23.16602833729007,7.33619319401101
2024-12-30 17:43:26.313199,79.32297166739801,94.82295607089122
2024-12-30 17:43:26.313207,31.244256987503217,42.975737826924174
2024-12-30 17:43:26.313213,6.2465946855084775,73.31514657119924
2024-12-30 17:43:26.313219,55.20728555941552,9.057722390722178
2024-12-30 17:43:26.313226,75.18595931844516,57.35444126299535
2024-12-30 17:43:26.313232,17.150589736820308,88.29270389821545
2024-12-30 17:43:26.313237,5.652553227369673,17.960754886132722
2024-12-30 17:43:26.313243,60.31898440164696,14.623799688909777
2024-12-30 17:43:26.313249,83.993978739416,85.73510280694163
2024-12-30 17:43:26.313255,86.75343059253163,74.17460374079826
2024-12-30 17:43:26.313263,34.12449349563577,72.80233596226175
2024-12-30 17:43:26.313269,77.50768892264797,27.66185212786283
2024-12-30 17:43:26.313275,25.45218564563112,4.564869893647938
2024-12-30 17:43:26.313281,0.0981174641585758,39.91663725215816
2024-12-30 17:43:26.313287,90.67192659759812,59.214343557466734
2024-12-30 17:43:26.313293,84.22296043144046,47.913413794610996
2024-12-30 17:43:26.313299,89.05659834359493,98.40299713323213
2024-12-30 17:43:26.313304,64.93490158640944,2.401444252190854
2024-12-30 17:43:26.313310,26.480568104351686,7.799506980108206
2024-12-30 17:43:26.313316,59.87839384877669,72.34123189840224
2024-12-30 17:43:26.313321,49.57705095278235,30.189501084954074
2024-12-30 17:43:26.313329,84.56539277074067,26.64699556501634
2024-12-30 17:43:26.313336,76.99704421450907,39.16274759325393
2024-12-30 17:43:26.313342,47.81501100587301,27.093496352250146
2024-12-30 17:43:26.313353,32.641487952899105,34.63859801541391
2024-12-30 17:43:26.313359,21.29854152980445,13.483282555446829
2024-12-30 17:43:26.313365,27.989188277756572,80.71799338053988
2024-12-30 17:43:26.313371,96.15607226988031,44.13184220572736
2024-12-30 17:43:26.313376,97.56923300994632,50.17899774829351
2024-12-30 17:43:26.313382,97.2584095311116,80.21560563514163
2024-12-30 17:43:26.313388,44.59478598995541,42.705769511094736
2024-12-30 17:43:26.313394,33.940607051255924,7.943943341908232
2024-12-30 17:43:26.313400,31.426383880639197,12.323835614290745
2024-12-30 17:43:26.313406,27.676404883826024,43.08684745952277
2024-12-30 17:43:26.313412,94.88846368186185,79.36394406422707
2024-12-30 17:43:26.313417,25.996783907174215,66.18198387236444
2024-12-30 17:43:26.313423,70.1090188507211,6.251158461239936
2024-12-30 17:43:26.313429,75.18610170826399,46.860067689167394
2024-12-30 17:43:26.313435,78.7714338212877,71.96152478779243
2024-12-30 17:43:26.313441,53.88108454732667,82.36049281194315
2024-12-30 17:43:26.313447,78.21383244329493,29.998147755947546
2024-12-30 17:43:26.313452,12.605529200051546,23.27993063885191
2024-12-30 17:43:26.313458,74.18516654650844,70.53370347097643
2024-12-30 17:43:26.313464,92.77670751509274,17.006188040802826
2024-12-30 17:43:26.313470,12.048008549946854,98.12670868660842
2024-12-30 17:43:26.313475,62.04625667608432,60.58582285470793
2024-12-30 17:43:26.313481,20.28668709780351,11.929089455426322
2024-12-30 17:43:26.313489,76.41540868706392,59.15861395295361
2024-12-30 17:43:26.313496,47.35045194018227,4.858778822103938
2024-12-30 17:43:26.313502,56.21924356580823,14.670452265315426
2024-12-30 17:43:26.313508,95.51382924145678,62.100526350640486
2024-12-30 17:43:26.313513,58.90478757208096,98.64007075271029
2024-12-30 17:43:26.313519,24.158020203193274,96.21415449861584
2024-12-30 17:43:26.313525,97.72714572936033,16.885906819313014
2024-12-30 17:43:26.313531,12.69572096581465,56.040441551951226
2024-12-30 17:43:26.313537,61.97952891156498,44.72277053098711
2024-12-30 17:43:26.313542,91.96817257732063,76.18854697435413
2024-12-30 17:43:26.313548,6.072185819983334,1.6517537036354724
2024-12-30 17:43:26.313554,10.42025010247154,75.94159818954215
2024-12-30 17:43:26.313560,25.486366596781107,67.17461511722523
2024-12-30 17:43:26.313565,69.84622529656916,98.60367447496915
2024-12-30 17:43:26.313571,76.62250845441496,1.2520235202314156
2024-12-30 17:43:26.313577,40.19497404523714,9.243866412007462
2024-12-30 17:43:26.313583,81.23646173434682,80.55164618516937
2024-12-30 17:43:26.313588,7.93342929197679,31.298427902517332
2024-12-30 17:43:26.313595,3.2162148564695014,73.7060083431115
2024-12-30 17:43:26.313600,62.51121046140966,39.55276701389282
2024-12-30 17:43:26.313606,26.111139081768254,67.69337255744016
2024-12-30 17:43:26.313612,12.616593301185375,77.39888221283489
2024-12-30 17:43:26.313618,50.58303373678829,20.698649469676976
2024-12-30 17:43:26.313626,16.411510815562092,79.86861935555372
2024-12-30 17:43:26.313634,57.43922365842984,63.993904885971006
2024-12-30 17:43:26.313640,15.605712403430683,58.44481713858518
2024-12-30 17:43:26.313649,8.728944538846672,0.15572800525629482
2024-12-30 17:43:26.313655,67.65567457712363,10.250221575093367
2024-12-30 17:43:26.313661,22.02550587133507,93.53281475188138
2024-12-30 17:43:26.313666,3.7814669795050437,58.038297416895844
2024-12-30 17:43:26.313672,45.56796551855508,40.044116967176315
2024-12-30 17:43:26.313678,61.28343048354547,12.337157844193026
2024-12-30 17:43:26.313684,59.95776116286626,1.243084995696353
2024-12-30 17:43:26.313689,21.821531114783554,95.30168078749954
2024-12-30 17:43:26.313695,32.06196815314068,92.54349113566069
2024-12-30 17:43:26.313701,5.781640685831024,88.03173274312913
2024-12-30 17:43:26.313707,80.15667220128425,58.85448784443192
2024-12-30 17:43:26.313713,53.25706481565958,50.441689275359316
2024-12-30 17:43:26.313718,41.177917256844495,85.4378610148067
2024-12-30 17:43:26.313724,12.23719485320599,22.59603927183116
2024-12-30 17:43:26.313733,41.36384340429499,81.2592536160035
2024-12-30 17:43:26.313739,42.978637802336465,15.929231010613032
2024-12-30 17:43:26.313744,33.10096472594757,40.20338085538039
2024-12-30 17:43:26.313750,32.45340671148398,73.39687436088992
2024-12-30 17:43:26.313756,6.3933733454369035,87.03742301017489
2024-12-30 17:43:26.313762,3.108222325068921,64.06823907268713
2024-12-30 17:43:26.313770,15.909843177001948,48.103544312843226
2024-12-30 17:43:26.313777,61.98500931528448,52.6295854469009
2024-12-30 17:43:26.313782,16.795273353819407,3.4974332513775686
2024-12-30 17:43:26.313788,91.30021459949388,38.43618748690753
2024-12-30 17:43:26.313794,15.981736255744394,99.54765552657952
2024-12-30 17:43:26.313800,8.812677611498343,67.24815250074498
2024-12-30 17:43:26.313806,30.628356656648116,81.58922021057187
2024-12-30 17:43:26.313811,90.9859547753379,31.89984751221726
2024-12-30 17:43:26.313817,18.846938043986206,58.22445696379661
2024-12-30 17:43:26.313823,72.28110745488465,42.621142483678895
2024-12-30 17:43:26.313829,39.88337508452755,75.99521770531985
2024-12-30 17:43:26.313835,95.56889519275369,0.5323909083044365
2024-12-30 17:43:26.313841,93.40934054528189,22.255735401358567
2024-12-30 17:43:26.313847,47.029025269316946,60.455552323738395
2024-12-30 17:43:26.313852,61.08114033102004,60.30240939629182
2024-12-30 17:43:26.313858,26.275056266562114,19.718740810468717
2024-12-30 17:43:26.313864,29.161185111512,27.33392559772023
2024-12-30 17:43:26.313870,4.243869389325261,52.01185648417086
2024-12-30 17:43:26.313876,55.90659919588713,22.447604167924375
2024-12-30 17:43:26.313881,57.86179937545436,73.49117675775878
2024-12-30 17:43:26.313887,20.936868995841618,65.11945527677193
2024-12-30 17:43:26.313893,60.46869857805842,24.01202502739053
2024-12-30 17:43:26.313899,78.18581977631774,36.5743705449162
2024-12-30 17:43:26.313907,65.0995962850753,92.05006171650018
2024-12-30 17:43:26.313913,88.9380546853346,36.2788900785941
2024-12-30 17:43:26.313919,3.9219467277312847,83.31128641562411
2024-12-30 17:43:26.313925,38.19127181246708,77.02768325473993
2024-12-30 17:43:26.313931,34.24783353891724,54.953940480388795
2024-12-30 17:43:26.313938,30.787804551370435,60.269786417501535
2024-12-30 17:43:26.313944,6.9601666016950166,91.44167122861096
2024-12-30 17:43:26.313952,15.947252903857867,63.551859719244504
2024-12-30 17:43:26.313958,24.646236147723165,14.723023295630288
2024-12-30 17:43:26.313964,10.333411798789882,38.52821202583967
2024-12-30 17:43:26.313970,34.4972126373021,96.31575052459507
2024-12-30 17:43:26.313976,95.22429538959518,14.826745663456286
2024-12-30 17:43:26.313982,72.0831586349395,19.67260551335006
2024-12-30 17:43:26.313987,9.608576873774478,35.877841294523925
2024-12-30 17:43:26.313993,41.69759461497694,23.09873558328659
2024-12-30 17:43:26.313999,76.40728133508871,7.5257978170859445
2024-12-30 17:43:26.314005,70.69992112141021,86.45604548110175
2024-12-30 17:43:26.314010,21.90409061681845,17.37523721699521
2024-12-30 17:43:26.314016,93.50797103725422,37.95002712489578
2024-12-30 17:43:26.314022,58.621574114802236,92.4785980264629
2024-12-30 17:43:26.314030,46.52305584952825,85.57255379026026
2024-12-30 17:43:26.314037,50.27132016221054,13.27520294168023
2024-12-30 17:43:26.314042,21.029044103090854,43.335595689037945
2024-12-30 17:43:26.314050,10.948853737065845,52.39207598584321
2024-12-30 17:43:26.314057,42.37451669291282,52.53085920799935
2024-12-30 17:43:26.314062,0.6684061093359617,64.20377464950627
2024-12-30 17:43:26.314068,58.64096252527145,74.2112466787234
2024-12-30 17:43:26.314074,18.048914108270843,52.3454769246402
2024-12-30 17:43:26.314080,10.304315874792014,33.70877033651735
2024-12-30 17:43:26.314086,96.7669118985745,11.855545534931943
2024-12-30 17:43:26.314091,69.90887047273112,70.98761653687146
2024-12-30 17:43:26.314097,29.229305459499855,26.511586814192544
2024-12-30 17:43:26.314103,88.9404380011719,56.30456232285853
2024-12-30 17:43:26.314109,42.136281531471965,69.25934452727779
2024-12-30 17:43:26.314117,6.42311146203075,76.02288055795556
2024-12-30 17:43:26.314123,60.464187001939166,70.5806767525447
2024-12-30 17:43:26.314129,53.97097684826415,9.50743474909742
2024-12-30 17:43:26.314135,79.90417887747844,77.29776578184206
2024-12-30 17:43:26.314140,24.989142571785226,36.031988566225614
2024-12-30 17:43:26.314146,49.17720505678241,31.685389542258324
2024-12-30 17:43:26.314152,98.51188289146681,18.45972381484975
2024-12-30 17:43:26.314157,32.97270939059624,64.08388140965543
2024-12-30 17:43:26.314163,55.47078262010105,67.98179656106804
2024-12-30 17:43:26.314169,26.962171255685096,40.397452982769856
2024-12-30 17:43:26.314175,9.01089544263508,78.60864853959968
2024-12-30 17:43:26.314181,63.818875802503804,9.340779254724762
2024-12-30 17:43:26.314189,38.79612951375984,13.544341005926475
2024-12-30 17:43:26.314195,90.68635397955777,80.62939088191364
2024-12-30 17:43:26.314201,58.84312817320054,69.09069226045827
2024-12-30 17:43:26.314207,83.49542229487436,29.683243962550588
2024-12-30 17:43:26.314213,36.77856827288295,50.03813398145366
2024-12-30 17:43:26.314219,35.32689869481509,4.107991951625733
2024-12-30 17:43:26.314225,61.704189654535654,53.827973649014815
2024-12-30 17:43:26.314230,24.036682674892152,85.80402432010804
2024-12-30 17:43:26.314236,54.60790499778837,13.728997425709178
2024-12-30 17:43:26.314245,31.824889929727775,82.90711135797793
2024-12-30 17:43:26.314251,16.883585729844963,16.053159224510694
2024-12-30 17:43:26.314256,92.49671931243036,20.845490433460277
2024-12-30 17:43:26.314262,26.609602000291755,17.82484382132302
2024-12-30 17:43:26.314268,70.1424212321613,55.563002663994844
2024-12-30 17:43:26.314274,35.04046910981392,68.60419668987664
2024-12-30 17:43:26.314280,58.1056974359232,44.47716629794193
2024-12-30 17:43:26.314285,95.78145683302883,18.786277150424258
2024-12-30 17:43:26.314291,71.41754432888851,87.83013437273247
2024-12-30 17:43:26.314297,38.56737197295268,79.46169530224866
2024-12-30 17:43:26.314303,32.7029810697049,41.60722311068176
2024-12-30 17:43:26.314309,33.32745401296263,35.58250085092444
2024-12-30 17:43:26.314314,0.23401201894190926,5.214712860882676
2024-12-30 17:43:26.314320,32.84196551462954,0.868848801125699
2024-12-30 17:43:26.314328,76.95899254316178,84.56585894444444
2024-12-30 17:43:26.314335,56.89868255742606,15.578753990292304
2024-12-30 17:43:26.314340,45.218072366622216,66.76841176966121
2024-12-30 17:43:26.314346,18.2780524984409,97.65151231965397
2024-12-30 17:43:26.314352,51.73742566708647,3.5901569833395652
2024-12-30 17:43:26.314358,92.9772552349593,67.88764566070847
2024-12-30 17:43:26.314364,5.908663144730841,85.36461483899835
2024-12-30 17:43:26.314369,15.920078761069778,26.11217778505456
2024-12-30 17:43:26.314375,98.5275671960865,32.50240544563788
2024-12-30 17:43:26.314381,10.692296966778137,47.5798853613827
2024-12-30 17:43:26.314387,34.1596114455561,13.137218685606777
2024-12-30 17:43:26.314392,42.219124223665936,68.99612994360331
2024-12-30 17:43:26.314398,37.875437768513585,41.002196258434395
2024-12-30 17:43:26.314404,48.2598379570516,27.30515124475774
2024-12-30 17:43:26.314412,2.8732032696851983,66.25137523161689
2024-12-30 17:43:26.314418,58.83262923335084,52.365137560878985
2024-12-30 17:43:26.314424,83.40151012397024,99.8815059979488
2024-12-30 17:43:26.314430,68.87504408763864,7.6330291133175905
2024-12-30 17:43:26.314436,64.45778096528738,11.063770608805045
2024-12-30 17:43:26.314442,55.38860894165877,19.095115494359437
2024-12-30 17:43:26.314447,84.08022921427988,11.665310116806626
2024-12-30 17:43:26.314453,16.117224425542677,40.59196129408361
2024-12-30 17:43:26.314459,75.63605666543896,63.19402350471549
2024-12-30 17:43:26.314467,72.35266317841021,10.837052399728442
2024-12-30 17:43:26.314473,6.321492692046027,11.2432257305358
2024-12-30 17:43:26.314479,69.99280241506504,44.18421406575672
2024-12-30 17:43:26.314485,21.07873831317558,94.70169654974825
2024-12-30 17:43:26.314491,60.747503007215876,18.519547885548537
2024-12-30 17:43:26.314500,33.57609983539268,49.32694922820134
2024-12-30 17:43:26.314506,21.178253699769922,80.34280764923034
2024-12-30 17:43:26.314511,79.4494236176632,77.62158845439575
2024-12-30 17:43:26.314517,54.26461375215476,78.752263062004
2024-12-30 17:43:26.314523,16.6528420538673,32.0550931901664
2024-12-30 17:43:26.314529,76.64981060241452,3.8167599646539374
2024-12-30 17:43:26.314535,56.941817777071314,22.91404667744231
2024-12-30 17:43:26.314540,96.95224522510357,87.00441134365022
2024-12-30 17:43:26.314558,6.968906617831139,45.03029530242235
2024-12-30 17:43:26.314564,22.646851490201303,50.98754636406906
2024-12-30 17:43:26.314570,83.3121715501786,82.02828083169994
2024-12-30 17:43:26.314576,60.78896956479362,13.532175436257909
2024-12-30 17:43:26.314582,57.83403870288074,92.01641254914955
2024-12-30 17:43:26.314588,60.414604597512735,98.2889922911161
2024-12-30 17:43:26.314594,89.46600556327306,60.77957245693207
2024-12-30 17:43:26.314600,2.6556590642606404,43.58103683696945
2024-12-30 17:43:26.314605,57.38138323805219,6.367272982917949
2024-12-30 17:43:26.314611,8.044448988687359,89.01822740060109
2024-12-30 17:43:26.314619,37.29082142980322,42.993786697442104
2024-12-30 17:43:26.314625,77.91165699078024,18.009898921991653
2024-12-30 17:43:26.314631,95.48006860842203,64.52094511514892
2024-12-30 17:43:26.314637,23.32526884868107,47.78871529615648
2024-12-30 17:43:26.314643,5.989905617935487,64.81445018762881
2024-12-30 17:43:26.314649,83.74944727412634,3.37974995848207
2024-12-30 17:43:26.314655,5.119734810677878,76.67798867762585
2024-12-30 17:43:26.314661,15.563059841395122,31.55691414941971
2024-12-30 17:43:26.314666,93.38131464594835,77.03528198747894
2024-12-30 17:43:26.314672,79.7710180642128,74.59720156517434
2024-12-30 17:43:26.314678,39.659846013797065,66.12010959293829
2024-12-30 17:43:26.314683,71.47359042255309,49.18244786769479
2024-12-30 17:43:26.314689,98.47479961651312,57.04995994341975
2024-12-30 17:43:26.314695,88.88896415835956,55.43961214136224
2024-12-30 17:43:26.314701,66.41021678604248,30.25642708281655
2024-12-30 17:43:26.314706,69.99998766400972,13.947695370890123
2024-12-30 17:43:26.314712,81.93033733254211,27.642978918856155
2024-12-30 17:43:26.314718,19.534455173584554,42.095866289659845
2024-12-30 17:43:26.314724,60.11126702892216,88.87308311360212
2024-12-30 17:43:26.314729,38.96200237465417,44.95398030104095
2024-12-30 17:43:26.314735,84.22587229376191,96.32161828141659
2024-12-30 17:43:26.314741,20.24048801977798,59.35281754078097
2024-12-30 17:43:26.314746,13.109073803429927,83.28824078560619
2024-12-30 17:43:26.314755,39.623759389805194,27.0146334255311
2024-12-30 17:43:26.314761,50.75654113955807,81.76526495759308
2024-12-30 17:43:26.314767,51.274734634937644,16.80508181912034
2024-12-30 17:43:26.314773,58.79164789808239,68.2881828788889
2024-12-30 17:43:26.314778,35.075946557235774,39.59658867677024
2024-12-30 17:43:26.314784,90.64466252696359,77.78032928296436
2024-12-30 17:43:26.314790,73.33335218727709,25.312643588976734
2024-12-30 17:43:26.314795,37.60805569929464,82.04600604062927
2024-12-30 17:43:26.314804,24.498611141186366,39.5428578983115
2024-12-30 17:43:26.314810,86.83482568540141,38.44892440944109
2024-12-30 17:43:26.314816,27.97966088642171,18.357444427376514
2024-12-30 17:43:26.314821,52.28464432008026,90.5697936946125
2024-12-30 17:43:26.314827,65.36124169065711,14.536649196365993
2024-12-30 17:43:26.314833,18.04107371135064,79.74613931840874
2024-12-30 17:43:26.314839,78.07297492611399,35.564000221107364
2024-12-30 17:43:26.314845,2.4392034992317346,4.490447051957391
2024-12-30 17:43:26.314851,55.62540315761812,95.45723867748657
2024-12-30 17:43:26.314858,85.93621890948084,6.967424535410071
2024-12-30 17:43:26.314865,17.213169440564393,61.950905999259554
2024-12-30 17:43:26.314870,77.48027361579751,59.35486236277359
2024-12-30 17:43:26.314876,81.13187653444403,33.6169190079493
2024-12-30 17:43:26.314882,89.69085271402926,31.555617108173884
2024-12-30 17:43:26.314891,65.29037225129248,23.191311989586715
2024-12-30 17:43:26.314899,22.397444731573945,47.67170687025203
2024-12-30 17:43:26.314905,23.63676315095873,51.21784773757733
2024-12-30 17:43:26.314911,8.529451103156148,55.17533219000315
2024-12-30 17:43:26.314917,78.1774713548699,40.35888534613563
2024-12-30 17:43:26.314923,16.76723734762161,66.54328530081105
2024-12-30 17:43:26.314929,93.64864470355239,6.5734510150949665
2024-12-30 17:43:26.314935,77.32199290630022,89.3347230247518
2024-12-30 17:43:26.314940,76.5052490121351,57.46148452866835
2024-12-30 17:43:26.314946,39.781966270857794,33.55646923013501
2024-12-30 17:43:26.314952,15.04114965756812,34.20685261312663
2024-12-30 17:43:26.314958,9.705632018116406,23.668042631342445
2024-12-30 17:43:26.314964,94.01938844553882,80.22778869863355
2024-12-30 17:43:26.314969,1.867501686328299,3.5886153845006596
2024-12-30 17:43:26.314975,32.017166331943294,20.511785142421722
2024-12-30 17:43:26.314981,50.93983118255462,65.55669612502936
2024-12-30 17:43:26.314987,3.488092157801448,10.339929688616111
2024-12-30 17:43:26.314993,14.486052584990649,74.85075299630391
2024-12-30 17:43:26.314999,20.812546440175737,34.45905431414901
2024-12-30 17:43:26.315004,28.577258147537254,63.738265758335565
2024-12-30 17:43:26.315010,65.73726824755653,69.55262887672554
2024-12-30 17:43:26.315016,98.17149056416824,69.04666827749388
2024-12-30 17:43:26.315022,19.746636877894417,36.97498029180847
2024-12-30 17:43:26.315028,75.95049047932376,64.40299346662356
2024-12-30 17:43:26.315035,1.6257039156496123,40.214721596159194
2024-12-30 17:43:26.315042,17.753673415775438,73.32835636862
2024-12-30 17:43:26.315048,69.81632454920738,93.389335334136
2024-12-30 17:43:26.315054,8.050039958521593,97.34858822229752
2024-12-30 17:43:26.315059,24.410670183467776,60.59938721491363
2024-12-30 17:43:26.315065,99.88071511952934,37.1883179551155
2024-12-30 17:43:26.315071,90.30548134837707,73.20165085919017
2024-12-30 17:43:26.315077,34.000834824843565,18.394613633839164
2024-12-30 17:43:26.315083,69.70803466588205,15.30061806401638
2024-12-30 17:43:26.315089,76.70245967222623,62.66528910251745
2024-12-30 17:43:26.315095,94.40081385372709,76.28322339678229
2024-12-30 17:43:26.315100,25.020741825561753,36.480751672437094
2024-12-30 17:43:26.315106,2.6626238257631774,19.9520011808054
2024-12-30 17:43:26.315112,39.29651048482016,19.167856965033934
2024-12-30 17:43:26.315118,42.24525606977881,62.40119450236941
2024-12-30 17:43:26.315124,27.79906639205224,71.48405206461022
2024-12-30 17:43:26.315130,4.372506875601201,10.801433908827008
2024-12-30 17:43:26.315136,48.11969700607208,53.42125542454465
2024-12-30 17:43:26.315142,82.59651186943839,11.920240430449013
2024-12-30 17:43:26.315148,52.57794998730698,19.02898299922282
2024-12-30 17:43:26.315153,99.06144319676675,77.99561610955944
2024-12-30 17:43:26.315162,7.5117839211705455,29.91839696773918
2024-12-30 17:43:26.315168,71.76574091811571,19.20129833796571
2024-12-30 17:43:26.315176,23.6516556462381,65.307119626567
2024-12-30 17:43:26.315183,37.531531580865405,45.0968213277284
2024-12-30 17:43:26.315191,22.09166536955055,89.41815601020473
2024-12-30 17:43:26.315197,66.41608202624923,55.197268730536685
2024-12-30 17:43:26.315203,25.69709693206237,75.09767006134605
2024-12-30 17:43:26.315209,44.87812617718252,64.80678051188822
2024-12-30 17:43:26.315215,75.72509437186203,43.413819848439516
2024-12-30 17:43:26.315221,26.80725217199502,75.57803843466631
2024-12-30 17:43:26.315226,63.70725119385708,90.54352481577169
2024-12-30 17:43:26.315232,83.00377363259398,68.91945160275439
2024-12-30 17:43:26.315238,46.894295195828576,18.854175469132596
2024-12-30 17:43:26.315244,1.5116832973014027,54.8611688911767
2024-12-30 17:43:26.315250,57.03827242609083,15.916337152457526
2024-12-30 17:43:26.315256,42.03330640797754,5.4815029351057865
2024-12-30 17:43:26.315261,95.62533887127796,50.206761638226446
2024-12-30 17:43:26.315267,88.93521098061552,71.99201068249116
2024-12-30 17:43:26.315276,45.1829596499557,35.49578986275254
2024-12-30 17:43:26.315282,51.229074037573675,57.946262772676995
2024-12-30 17:43:26.315288,11.260218342277783,12.535641748979632
2024-12-30 17:43:26.315294,70.68868389140623,6.657906345174524
2024-12-30 17:43:26.315299,78.02886053304347,27.17548770741186
2024-12-30 17:43:26.315305,68.76651986927932,80.45165466859513
2024-12-30 17:43:26.315311,69.4623577585794,48.61072910562928
2024-12-30 17:43:26.315319,0.45670801711390485,5.550662171334276
2024-12-30 17:43:26.315326,97.48417811705691,98.8978895550942
2024-12-30 17:43:26.315331,67.18416693181224,58.93599986016873
2024-12-30 17:43:26.315337,59.212593850304664,90.4829893586038
2024-12-30 17:43:26.315343,5.496361121322235,39.21642310546057
2024-12-30 17:43:26.315349,6.1468319586720614,54.11316107966725
2024-12-30 17:43:26.315355,85.92700988097798,2.7455044660684824
2024-12-30 17:43:26.315360,87.44417336838768,65.55754297604709
2024-12-30 17:43:26.315366,76.24836501054706,58.86664945167412
2024-12-30 17:43:26.315372,53.63987292255802,26.024457369070962
2024-12-30 17:43:26.315378,42.119590862325865,50.11718702962388
2024-12-30 17:43:26.315384,93.80058498083615,66.56849229768562
2024-12-30 17:43:26.315389,28.1019292368783,7.937417286921966
2024-12-30 17:43:26.315395,39.6207559314176,72.55251805185866
2024-12-30 17:43:26.315401,48.73900197119075,24.269267561868723
2024-12-30 17:43:26.315407,62.370997874547875,45.694671401301534
2024-12-30 17:43:26.315412,14.731905279420488,2.3751482388198353
2024-12-30 17:43:26.315418,95.44715595142785,92.42112514829479
2024-12-30 17:43:26.315424,71.95983248418038,0.35358492103267913
2024-12-30 17:43:26.315430,98.56537654658105,0.8797404293905187
2024-12-30 17:43:26.315435,8.239721089425188,19.24601832878764
2024-12-30 17:43:26.315441,9.697837739669291,6.96759969511832
2024-12-30 17:43:26.315447,1.0955793250584267,57.76379132904146
2024-12-30 17:43:26.315455,23.490333488968286,0.2022895915827494
2024-12-30 17:43:26.315461,52.389536886321,59.759141130125926
2024-12-30 17:43:26.315469,47.21836915963301,51.58178690036552
2024-12-30 17:43:26.315476,13.534128831715908,19.237590473264454
2024-12-30 17:43:26.315481,91.60977259780464,97.67896958920231
2024-12-30 17:43:26.315487,38.82138114843776,88.48454628816458
2024-12-30 17:43:26.315493,97.39062885438409,91.77636244646024
2024-12-30 17:43:26.315499,4.346697149766454,23.156883414057305
2024-12-30 17:43:26.315505,51.14918012208174,1.1063544908618828
2024-12-30 17:43:26.315510,85.7949120991395,25.820357775823076
2024-12-30 17:43:26.315516,43.157659890042424,91.0619907051241
2024-12-30 17:43:26.315522,91.8182615644164,5.292855605914159
2024-12-30 17:43:26.315528,12.852510077931312,92.80307187671734
2024-12-30 17:43:26.315534,70.92883853054389,61.04146857219304
2024-12-30 17:43:26.315539,59.05952105758158,24.441939927727173
2024-12-30 17:43:26.315545,36.09881013920663,62.64658496172881
2024-12-30 17:43:26.315551,45.836165023363826,21.720734807474074
2024-12-30 17:43:26.315557,72.92528315621222,14.85633602971157
2024-12-30 17:43:26.315563,69.25191362404932,91.9208819429131
2024-12-30 17:43:26.315571,53.66052936268563,27.75186554492364
2024-12-30 17:43:26.315577,97.57569288411135,86.96192071175504
2024-12-30 17:43:26.315583,41.82576880571743,83.17824209512565
2024-12-30 17:43:26.315589,90.63627585396581,32.58468646738968
2024-12-30 17:43:26.315597,30.755907149273078,84.00950613774893
2024-12-30 17:43:26.315603,68.71396705877947,79.15722740377772
2024-12-30 17:43:26.315609,84.00598018002444,43.378880351949654
2024-12-30 17:43:26.315615,50.39463294245334,37.42836251264976
2024-12-30 17:43:26.315621,25.389683339489032,67.70779376957276
2024-12-30 17:43:26.315627,34.6720177712428,8.383847329359861
2024-12-30 17:43:26.315632,71.2089945620679,41.240113963016135
2024-12-30 17:43:26.315638,10.480141680316423,5.388762980322359
2024-12-30 17:43:26.315644,45.81913444421948,68.95530934179703
2024-12-30 17:43:26.315649,68.83562693320617,99.4285528307516
2024-12-30 17:43:26.315658,54.778682791229116,52.26813372781757
2024-12-30 17:43:26.315664,17.296216432386757,0.9755248240974179
2024-12-30 17:43:26.315670,69.37218799460337,27.634322340531426
2024-12-30 17:43:26.315676,46.82929159957017,80.67327710885036
2024-12-30 17:43:26.315681,89.31694908838361,47.655325698765196
2024-12-30 17:43:26.315687,64.71519453962507,21.28113156092234
2024-12-30 17:43:26.315693,16.56094376048066,18.257228083029887
2024-12-30 17:43:26.315698,99.27058471138056,86.24202885825463
2024-12-30 17:43:26.315704,63.11719356020953,16.482074978055984
2024-12-30 17:43:26.315710,9.711528946175463,74.48576461429394
2024-12-30 17:43:26.315716,8.277633558795927,87.53677835399317
2024-12-30 17:43:26.315722,79.74597371134288,3.8694672238739236
2024-12-30 17:43:26.315727,51.6216039615486,77.72572414967685
2024-12-30 17:43:26.315735,83.07756388759078,69.92585844154841
2024-12-30 17:43:26.315742,20.677117779606824,17.087191441477202
2024-12-30 17:43:26.315747,81.42349828953756,40.7958108644909
2024-12-30 17:43:26.315753,49.728813702567756,95.4679270593029
2024-12-30 17:43:26.315759,0.009721115108951572,82.9658057390148
2024-12-30 17:43:26.315765,73.62061129882856,17.51602268704
2024-12-30 17:43:26.315773,65.34240132519176,5.129877732409149
2024-12-30 17:43:26.315779,44.4900301575685,27.241405345732595
2024-12-30 17:43:26.315785,43.08204454749445,29.5402512203932
2024-12-30 17:43:26.315791,55.13367742581031,33.62021986907997
2024-12-30 17:43:26.315796,32.28452928104356,10.207473766393715
2024-12-30 17:43:26.315802,52.70639357348696,87.02626598970049
2024-12-30 17:43:26.315808,8.678181670863594,48.38705792688113
2024-12-30 17:43:26.315814,56.02800431345757,85.4138519144085
2024-12-30 17:43:26.315820,9.440411348189748,16.69315045686218
2024-12-30 17:43:26.315826,90.2589450058536,2.121296065483236
2024-12-30 17:43:26.315831,40.844223307772296,46.081889644050555
2024-12-30 17:43:26.315837,23.58689595460053,32.45250161557092
2024-12-30 17:43:26.315843,34.305221047367496,9.903143271174407
2024-12-30 17:43:26.315849,99.67861323700392,53.846079632719835
2024-12-30 17:43:26.315855,71.365978387006,86.01148089500927
2024-12-30 17:43:26.315860,74.7205316275249,32.907281791472
2024-12-30 17:43:26.315866,98.9906715826744,39.294359602003446
2024-12-30 17:43:26.315874,63.77762281494208,71.19642973670915
2024-12-30 17:43:26.315880,26.56069768085141,87.05964482085005
2024-12-30 17:43:26.315886,95.50809344591393,9.190012037666218
2024-12-30 17:43:26.315892,72.6362350451408,87.08040397587084
2024-12-30 17:43:26.315898,89.38750029543857,90.32463166462514
2024-12-30 17:43:26.315903,12.417541032416645,58.862656908080446
2024-12-30 17:43:26.315909,59.02162571871106,25.796574741963816
2024-12-30 17:43:26.315915,78.06173458965426,73.2823258276749
2024-12-30 17:43:26.315921,24.028452615260644,9.593898026896586
2024-12-30 17:43:26.315926,90.12032691781054,65.0440605407254
2024-12-30 17:43:26.315932,12.007669504923191,57.58318806839098
2024-12-30 17:43:26.315938,44.43043592991769,65.06944408699336
2024-12-30 17:43:26.315944,21.848775541973374,4.617927832599711
2024-12-30 17:43:26.315952,3.6057731031416407,53.63270797693034
2024-12-30 17:43:26.315958,34.918525079424626,0.8454525313165595
2024-12-30 17:43:26.315964,0.1338958000011048,35.82563745983961
2024-12-30 17:43:26.315969,99.98427191730988,55.39433358211085
2024-12-30 17:43:26.315975,23.31510250425417,90.02627348131618
2024-12-30 17:43:26.315981,99.64749456823408,67.63454701629105
2024-12-30 17:43:26.315987,73.09781384040721,28.919563580050934
2024-12-30 17:43:26.315992,11.722810284665798,50.809787214924015
2024-12-30 17:43:26.315998,31.709566567299895,9.157205110492994
2024-12-30 17:43:26.316004,14.510072960608088,23.875134625315418
2024-12-30 17:43:26.316012,20.57066908003118,68.90378480988718
2024-12-30 17:43:26.316018,93.49151521336402,64.09720027893863
2024-12-30 17:43:26.316024,67.48172915062571,20.77374370263938
2024-12-30 17:43:26.316030,68.48782502709429,58.35348510700506
2024-12-30 17:43:26.316038,3.724422545198558,35.03406405301976
2024-12-30 17:43:26.316044,88.10212109953622,61.778035589225446
2024-12-30 17:43:26.316050,45.994463622596385,18.300839247679267
2024-12-30 17:43:26.316056,64.6087637241386,27.457677102679455
2024-12-30 17:43:26.316061,57.96825217260248,14.113908229508754
2024-12-30 17:43:26.316067,79.60041921761145,36.307001183164964
2024-12-30 17:43:26.316075,93.06249645062212,15.696683026423475
2024-12-30 17:43:26.316082,34.77324233141045,13.263448747962503
2024-12-30 17:43:26.316088,85.53422143669303,76.02637150973803
2024-12-30 17:43:26.316094,87.84542299346553,7.81416306747853
2024-12-30 17:43:26.316100,72.32717570294835,64.19525783551727
2024-12-30 17:43:26.316105,61.16933220094174,97.17295947901329
2024-12-30 17:43:26.316111,95.77154087980524,95.91726495199471
2024-12-30 17:43:26.316117,58.26400061445906,74.54332916886491
2024-12-30 17:43:26.316122,56.27171246896216,53.29098838020955
2024-12-30 17:43:26.316128,17.024527796167398,48.641134416099064
2024-12-30 17:43:26.316134,68.66427696785163,25.05729182347981
2024-12-30 17:43:26.316139,5.87379450543748,12.622647000474386
2024-12-30 17:43:26.316145,71.44380671871446,18.956515206014124
2024-12-30 17:43:26.316153,33.08991288497385,36.815894664982395
2024-12-30 17:43:26.316159,98.06697653757846,55.64716043242325
2024-12-30 17:43:26.316165,88.4442328235927,45.37958077707947
2024-12-30 17:43:26.316171,0.07692815763571392,53.169713984751475
2024-12-30 17:43:26.316177,87.37706457713941,5.707576444112917
2024-12-30 17:43:26.316182,74.13214428106204,2.8014210123158856
2024-12-30 17:43:26.316188,99.29245705188441,18.502192874997125
2024-12-30 17:43:26.316194,45.51016114554381,78.0501905168751
2024-12-30 17:43:26.316200,32.99208783998452,63.67718860570159
2024-12-30 17:43:26.316206,77.62604242450588,59.16986060814151
2024-12-30 17:43:26.316211,0.3840669582819589,13.2001728492124
2024-12-30 17:43:26.316217,25.978742011599177,28.01592573457058
2024-12-30 17:43:26.316223,77.33417202535189,23.683516151428396
2024-12-30 17:43:26.316229,43.749403879213546,64.19390568395987
2024-12-30 17:43:26.316234,53.82068928587639,51.57517943490675
2024-12-30 17:43:26.316240,99.63548364904365,12.366506781188058
2024-12-30 17:43:26.316246,88.75563026833191,84.46746042744422
2024-12-30 17:43:26.316252,23.046284670521942,3.7734221685818414
2024-12-30 17:43:26.316257,11.28237651206775,7.799954220609429
2024-12-30 17:43:26.316263,11.121528336198427,2.7296088744091396
2024-12-30 17:43:26.316269,15.189988400137233,3.3093355759460263
2024-12-30 17:43:26.316275,41.78142294774164,40.80314540043871
2024-12-30 17:43:26.316281,75.40669066902156,25.565598509296915
2024-12-30 17:43:26.316288,62.436345282563266,44.624618577650864
2024-12-30 17:43:26.316295,31.554897506124924,23.552737341693998
2024-12-30 17:43:26.316300,29.213487508781967,59.60981052135538
2024-12-30 17:43:26.316306,76.57095184412624,73.94669605857328
2024-12-30 17:43:26.316312,84.74876417732004,76.09747830444643
2024-12-30 17:43:26.316318,81.10342470480286,19.542082484934966
2024-12-30 17:43:26.316323,73.71364341607098,31.82362282773532
2024-12-30 17:43:26.316332,54.08987556723213,61.0719554030008
2024-12-30 17:43:26.316338,24.225068800120575,55.65574715091207
2024-12-30 17:43:26.316344,50.80789861830428,43.28091285426379
2024-12-30 17:43:26.316350,49.804932357291975,85.62201053038427
2024-12-30 17:43:26.316355,4.286885271725249,6.7478040736156375
2024-12-30 17:43:26.316361,55.25498855930704,1.7951040771449045
2024-12-30 17:43:26.316367,10.979349466245402,31.793907113960216
2024-12-30 17:43:26.316375,15.282931611447836,9.240914482687511
2024-12-30 17:43:26.316381,33.52232660555047,71.14398973883245
2024-12-30 17:43:26.316387,20.47049610579642,35.06296899848132
2024-12-30 17:43:26.316393,58.91907725198611,31.098599280637785
2024-12-30 17:43:26.316399,92.52638747940397,4.916557360787377
2024-12-30 17:43:26.316404,15.64211092988128,25.291585847557528
2024-12-30 17:43:26.316410,6.924279242781283,9.13106492706265
2024-12-30 17:43:26.316418,82.65396448873803,86.00367156799378
2024-12-30 17:43:26.316424,49.7017107419353,96.53973103241395
2024-12-30 17:43:26.316432,6.804053137686683,5.782360701794542
2024-12-30 17:43:26.316439,37.62093000117023,30.639841818208126
2024-12-30 17:43:26.316445,7.229541993148835,80.0581538527868
2024-12-30 17:43:26.316451,29.11962368756035,41.36176742411912
2024-12-30 17:43:26.316456,26.47669842410847,13.732730718744312
2024-12-30 17:43:26.316462,12.936225319507244,29.420120501866197
2024-12-30 17:43:26.316468,43.73162898333115,47.333107909582
2024-12-30 17:43:26.316474,36.33697483153109,12.635901389051085
2024-12-30 17:43:26.316479,95.36324561949661,7.497262344670275
2024-12-30 17:43:26.316485,95.14923132946359,47.74946902523766
2024-12-30 17:43:26.316491,40.502454044628266,31.773559683276808
2024-12-30 17:43:26.316497,80.26045582617301,47.65731309591773
2024-12-30 17:43:26.316503,76.12913599866765,18.60499412920287
2024-12-30 17:43:26.316508,67.9847363631836,54.90245105715734
2024-12-30 17:43:26.316514,38.50572836356202,41.09622231810507
2024-12-30 17:43:26.316520,9.296239073487234,87.89140654538427
2024-12-30 17:43:26.316526,59.99122322295764,1.0214484074186903
2024-12-30 17:43:26.316532,28.529648580180368,9.766532327478938
2024-12-30 17:43:26.316537,69.74659919620466,19.360863290251984
2024-12-30 17:43:26.316543,65.15515808347186,95.51017061430983
2024-12-30 17:43:26.316549,38.06843014517129,55.39947935270511
2024-12-30 17:43:26.316555,41.5707275236686,3.8403175202670448
2024-12-30 17:43:26.316560,1.2480504093633105,85.92408050225747
2024-12-30 17:43:26.316569,39.494755735577854,77.47279052700927
2024-12-30 17:43:26.316575,86.14982161814899,19.560049594329264
2024-12-30 17:43:26.316581,59.93464492514615,59.55528942863712
2024-12-30 17:43:26.316586,82.31100061179497,20.556740423584998
2024-12-30 17:43:26.316592,8.140561640325705,89.37292193283632
2024-12-30 17:43:26.316598,96.3687948371118,82.81080071312388
2024-12-30 17:43:26.316604,19.19652186056774,64.81158236492641
2024-12-30 17:43:26.316610,13.678753788954456,22.609501070577053
2024-12-30 17:43:26.316615,88.50854677550849,82.65712004213901
2024-12-30 17:43:26.316621,14.298425032016837,1.4056453694868742
2024-12-30 17:43:26.316627,58.61116333270305,11.429467045896779
2024-12-30 17:43:26.316633,71.34328650109974,28.231896827510162
2024-12-30 17:43:26.316638,24.338399802429535,29.322172504112697
2024-12-30 17:43:26.316644,96.40829114889966,99.71913050409206
2024-12-30 17:43:26.316650,37.29592707435108,32.58372351735933
2024-12-30 17:43:26.316656,98.87648749364591,35.7436112022422
2024-12-30 17:43:26.316661,83.85934500837612,74.40976602360084
2024-12-30 17:43:26.316667,86.94339497316443,9.791788425401704
2024-12-30 17:43:26.316675,10.957551481621374,32.24238202643858
2024-12-30 17:43:26.316681,20.058020548537293,88.50554245683145
2024-12-30 17:43:26.316687,77.72267776022238,7.757665997219709
2024-12-30 17:43:26.316693,68.31950468732964,7.333293185607415
2024-12-30 17:43:26.316699,20.154723397427553,13.677389885932989
2024-12-30 17:43:26.316707,0.9787539532824074,10.165246949658469
2024-12-30 17:43:26.316715,73.88959243829608,22.376701733518466
2024-12-30 17:43:26.316721,67.01461286537264,61.61727665429309
2024-12-30 17:43:26.316727,99.96801421922335,64.62278481911852
2024-12-30 17:43:26.316733,58.141773603088076,39.14835782492692
2024-12-30 17:43:26.316739,24.494600905512986,51.4206883523436
2024-12-30 17:43:26.316745,89.2085728055654,12.568860755418399
2024-12-30 17:43:26.316751,26.28474890591489,6.703149070568659
2024-12-30 17:43:26.316756,24.978618713607638,14.623746612431987
2024-12-30 17:43:26.316762,30.5856402035943,41.866819022461755
2024-12-30 17:43:26.316768,77.66718470895545,31.781648018321253
2024-12-30 17:43:26.316773,8.520225080903588,95.1474618932928
2024-12-30 17:43:26.316779,25.769710575932304,75.45554034161198
2024-12-30 17:43:26.316785,3.037248671006443,53.914726999810114
2024-12-30 17:43:26.316790,75.67676071257475,29.04443607380528
2024-12-30 17:43:26.316799,98.99966475529457,78.16686865511443
2024-12-30 17:43:26.316805,56.97214860916691,61.09211145818336
2024-12-30 17:43:26.316811,25.90231222619882,97.8137393057841
2024-12-30 17:43:26.316817,29.94772334042097,88.5714519818601
2024-12-30 17:43:26.316822,95.65376162864459,35.6597435183754
2024-12-30 17:43:26.316828,4.028124257900556,79.30415362539921
2024-12-30 17:43:26.316834,17.763000927053206,55.85730050218677
2024-12-30 17:43:26.316840,92.46246060221853,99.36946167479408
2024-12-30 17:43:26.316848,81.22502866908863,36.77154445620794
2024-12-30 17:43:26.316854,94.11016451405523,81.73446068129036
2024-12-30 17:43:26.316860,9.568128393018526,55.762490179394916
2024-12-30 17:43:26.316866,79.70470362486097,80.71649596396941
2024-12-30 17:43:26.316872,27.045436891268558,65.2525519584373
2024-12-30 17:43:26.316877,8.362218642320796,12.625402859382874
2024-12-30 17:43:26.316883,68.56675102687453,32.32808834917209
2024-12-30 17:43:26.316889,93.54964172638552,67.01208065834533
2024-12-30 17:43:26.316894,33.39844402176435,13.67692824135246
2024-12-30 17:43:26.316900,79.98646772590166,50.57329974539858
2024-12-30 17:43:26.316906,14.276283759834262,20.227594024997885
2024-12-30 17:43:26.316912,16.136678961087625,40.85537926961715
2024-12-30 17:43:26.316917,58.74067795010177,86.96741152735179
2024-12-30 17:43:26.316923,9.204790397995266,20.53295391313038
2024-12-30 17:43:26.316929,51.47390419686027,90.34815823047876
2024-12-30 17:43:26.316935,37.128945957789874,64.31280882162565
2024-12-30 17:43:26.316940,13.984943479341682,10.103127051084648
2024-12-30 17:43:26.316946,11.393115970702317,80.23388784474575
2024-12-30 17:43:26.316952,74.42168149965353,41.5238014578958
2024-12-30 17:43:26.316958,83.91294715282397,53.947134340092376
2024-12-30 17:43:26.316964,38.32163242006047,34.582582751681024
2024-12-30 17:43:26.316970,65.85470354073809,54.13075881686956
2024-12-30 17:43:26.316978,26.977422547100105,67.62926044954895
2024-12-30 17:43:26.316986,41.266826630617835,96.36353788602273
2024-12-30 17:43:26.316993,35.49278726896096,5.110265236798195
2024-12-30 17:43:26.316999,56.36385464499344,0.8077134729569058
2024-12-30 17:43:26.317004,45.546335372745475,66.27328199485586
2024-12-30 17:43:26.317010,56.70239335529049,37.71520838093908
2024-12-30 17:43:26.317016,84.0350530328185,50.217659321195065
2024-12-30 17:43:26.317022,54.51879175058101,77.02165693399846
2024-12-30 17:43:26.317028,35.88174825026229,38.258921890866084
2024-12-30 17:43:26.317034,1.737354609478281,33.03859469732438
2024-12-30 17:43:26.317040,66.2110308917074,15.525880503537525
2024-12-30 17:43:26.317045,10.380098242552583,67.84714813982923
2024-12-30 17:43:26.317051,70.98892030815509,93.9911582144013
2024-12-30 17:43:26.317057,77.76899045829146,59.41916652650833
2024-12-30 17:43:26.317063,39.73700186393376,10.770500461373612
2024-12-30 17:43:26.317068,46.364973402250556,49.41938609676144
2024-12-30 17:43:26.317074,2.5445373538889315,21.399728775698513
2024-12-30 17:43:26.317080,51.66774653681807,47.99053934307046
2024-12-30 17:43:26.317086,94.04401044965974,89.60808022743036
2024-12-30 17:43:26.317094,28.16574629593426,82.65846179743444
2024-12-30 17:43:26.317101,39.3342244360154,58.38790395237705
2024-12-30 17:43:26.317106,39.52844748445463,71.17142421782223
2024-12-30 17:43:26.317112,15.644958942603227,25.407951476710444
2024-12-30 17:43:26.317118,89.08329397984292,25.564481610128166
2024-12-30 17:43:26.317126,3.1927955661915752,79.62555599746477
2024-12-30 17:43:26.317132,83.8573769262207,71.51110738511856
2024-12-30 17:43:26.317138,37.2382693274298,89.30526705171769
2024-12-30 17:43:26.317144,35.293036881008256,29.714532064105768
2024-12-30 17:43:26.317150,86.70694835195326,14.106907272479186
2024-12-30 17:43:26.317155,37.86059177149491,80.71250854530643
2024-12-30 17:43:26.317161,52.13818006566541,64.90220132473343
2024-12-30 17:43:26.317167,13.276401164952823,83.18535288355051
2024-12-30 17:43:26.317173,65.78478690408251,35.844041442539286
2024-12-30 17:43:26.317181,49.67316045802379,9.299403365979364
2024-12-30 17:43:26.317187,97.52574749314181,27.39125699611885
2024-12-30 17:43:26.317193,75.2272220584591,6.237229936734412
2024-12-30 17:43:26.317199,28.29634521209877,17.06027279571034
2024-12-30 17:43:26.317205,41.34236202363306,17.8832295589184
2024-12-30 17:43:26.317211,66.37305302465035,88.46659043064031
2024-12-30 17:43:26.317216,24.917069770214294,12.017927877526201
2024-12-30 17:43:26.317222,93.69548599851016,80.69974582805557
2024-12-30 17:43:26.317228,98.33764626443696,48.420690185674886
2024-12-30 17:43:26.317234,77.45885952329509,49.666319356144776
2024-12-30 17:43:26.317239,36.912395630978125,97.43602649165447
2024-12-30 17:43:26.317245,99.95315152377164,55.88192674138227
2024-12-30 17:43:26.317251,96.1090863103986,90.22210715296237
2024-12-30 17:43:26.317256,9.621012751649982,88.4365003850688
2024-12-30 17:43:26.317265,77.85660939195054,92.8041354788306
2024-12-30 17:43:26.317271,20.68462028024518,61.9238741938537
2024-12-30 17:43:26.317277,72.50300472447357,22.055095637089337
2024-12-30 17:43:26.317285,30.87863312246232,17.622834083457096
2024-12-30 17:43:26.317291,33.35092977272128,29.27691697551966
2024-12-30 17:43:26.317297,43.02384297373,64.44328027019326
2024-12-30 17:43:26.317302,19.481973545922227,73.76157783427983
2024-12-30 17:43:26.317308,91.16131344724958,31.246928720420243
2024-12-30 17:43:26.317314,17.794206530370328,96.94481539866044
2024-12-30 17:43:26.317320,56.493665240662864,65.71414245981238
2024-12-30 17:43:26.317325,41.15997704804616,52.36966212144581
2024-12-30 17:43:26.317331,35.62096922144827,20.8663604532641
2024-12-30 17:43:26.317337,80.67888252555375,16.26887664112259
2024-12-30 17:43:26.317343,62.242544786596696,99.34878477410788
2024-12-30 17:43:26.317348,95.16409278837935,4.751821494006991
2024-12-30 17:43:26.317354,97.25881421626022,87.01756415346085
2024-12-30 17:43:26.317360,15.026906949787133,58.207119892493665
2024-12-30 17:43:26.317366,32.22387470264903,7.1419912514797845
2024-12-30 17:43:26.317371,66.40469607156402,39.99911442931411
2024-12-30 17:43:26.317377,72.49619544331514,1.0045067828679755
2024-12-30 17:43:26.317383,64.04545954640811,60.420975624759585
2024-12-30 17:43:26.317389,62.47809842436073,49.55679780610656
2024-12-30 17:43:26.317394,87.79286339608389,40.53972826570485
2024-12-30 17:43:26.317402,3.8052160269578805,0.8466250444045254
2024-12-30 17:43:26.317408,66.14806251798214,51.96533838665114
2024-12-30 17:43:26.317414,61.9705171961639,4.577430486051892
2024-12-30 17:43:26.317420,56.10426869187292,70.3727233542097
2024-12-30 17:43:26.317426,66.11329140396008,67.97387316701413
2024-12-30 17:43:26.317432,30.18597588648121,87.59080918738752
2024-12-30 17:43:26.317437,41.812559402027496,5.638056155903504
2024-12-30 17:43:26.317443,53.8298427300575,54.237770355532156
2024-12-30 17:43:26.317449,12.347531365808184,71.85367313265981
2024-12-30 17:43:26.317455,51.023595657516886,13.110800753987895
2024-12-30 17:43:26.317460,12.367130944189697,85.97436079001868
2024-12-30 17:43:26.317466,86.36164112207241,88.07532054494722
2024-12-30 17:43:26.317475,10.715487829761972,81.06880346609333
2024-12-30 17:43:26.317481,73.3298574711596,49.23401954510275
2024-12-30 17:43:26.317487,92.95218556316833,45.89533942289547
2024-12-30 17:43:26.317493,91.83842772143868,15.945775118524963
2024-12-30 17:43:26.317498,72.8736592042564,9.734868085565363
2024-12-30 17:43:26.317504,19.340867980804223,77.33045583427128
2024-12-30 17:43:26.317510,1.6551168927535276,81.64609880623341
2024-12-30 17:43:26.317516,79.42011487303013,86.11621341789774
2024-12-30 17:43:26.317522,45.61802447659461,51.259580507860136
2024-12-30 17:43:26.317527,25.847258470397204,13.824614829836557
2024-12-30 17:43:26.317533,98.82223467738788,3.5126974934106103
2024-12-30 17:43:26.317541,60.20882389698507,30.283525612537776
2024-12-30 17:43:26.317547,95.74171245003132,48.27696114796808
2024-12-30 17:43:26.317553,30.431722164010445,57.09993618513513
2024-12-30 17:43:26.317562,89.06964778974813,41.213806962592095
2024-12-30 17:43:26.317568,46.74670033126455,41.7292786655708
2024-12-30 17:43:26.317573,16.314547436927253,43.213829609415086
2024-12-30 17:43:26.317579,0.9784357542990341,61.58988643975246
2024-12-30 17:43:26.317587,97.2530886585764,58.12793354761692
2024-12-30 17:43:26.317593,10.837814999863715,41.39505129884944
2024-12-30 17:43:26.317599,50.856540322633435,4.270415218914081
2024-12-30 17:43:26.317605,82.2189679879885,95.8023721226715
2024-12-30 17:43:26.317611,65.18418970980045,4.649030441367441
2024-12-30 17:43:26.317616,69.41155622779146,52.65584189650896
2024-12-30 17:43:26.317622,78.29242336029198,47.38876186406379
2024-12-30 17:43:26.317628,87.874273874364,30.161420452693577
2024-12-30 17:43:26.317634,91.51674678251737,21.538267925640252
2024-12-30 17:43:26.317639,89.94433617297614,21.714458910188984
2024-12-30 17:43:26.317645,72.42122894042345,18.259476066616
2024-12-30 17:43:26.317651,2.6613435727937618,53.26940088541316
2024-12-30 17:43:26.317657,46.41338262884127,88.31319729224823
2024-12-30 17:43:26.317663,2.839199402784709,57.41430165349828
2024-12-30 17:43:26.317669,88.32491027331793,22.673270954751413
2024-12-30 17:43:26.317675,54.46409424794775,28.847489648054005
2024-12-30 17:43:26.317682,93.90299431445253,81.6485338076842
2024-12-30 17:43:26.317689,78.67362388628271,39.385042078140906
2024-12-30 17:43:26.317695,25.65781746739122,9.990683242030462
2024-12-30 17:43:26.317701,12.811925872474228,99.55904854705469
2024-12-30 17:43:26.317706,71.61405960426134,19.751390489013097
2024-12-30 17:43:26.317712,63.53865417647684,2.569597853533212
2024-12-30 17:43:26.317718,8.842526570204834,2.506523090894086
2024-12-30 17:43:26.317723,6.222736258725547,41.565581540791676
2024-12-30 17:43:26.317729,90.8270435333902,28.015135197788375
2024-12-30 17:43:26.317735,70.77620821099401,20.169446972126202
2024-12-30 17:43:26.317741,96.72210823221413,87.05802909560714
2024-12-30 17:43:26.317746,38.887859297661095,25.006823631660335
2024-12-30 17:43:26.317752,65.9854978645656,85.96574059788765
2024-12-30 17:43:26.317758,58.31457650531709,33.840551406765215
2024-12-30 17:43:26.317764,94.00324620833814,46.85871797612826
2024-12-30 17:43:26.317769,72.49985752886812,91.57227356897815
2024-12-30 17:43:26.317775,63.974824346142654,33.19785768663747
2024-12-30 17:43:26.317781,51.43290659330727,91.86218126713327
2024-12-30 17:43:26.317787,56.445042238385604,88.59895482984955
2024-12-30 17:43:26.317793,89.44964586234951,57.1084444053105
2024-12-30 17:43:26.317798,57.935222498596815,99.86028134135508
2024-12-30 17:43:26.317804,76.98173713231988,76.38298970131484
2024-12-30 17:43:26.317810,24.086134078299605,80.20439216652761
2024-12-30 17:43:26.317818,99.56651769021211,27.185462780750125
2024-12-30 17:43:26.317824,97.20798585443488,9.43343817716309
2024-12-30 17:43:26.317830,48.046007182629445,85.10246627357458
2024-12-30 17:43:26.317836,20.640115110472436,85.2389708593148
2024-12-30 17:43:26.317842,92.85948681873029,9.524308589246877
2024-12-30 17:43:26.317847,32.135552799285236,73.471926011582
2024-12-30 17:43:26.317856,70.16032811584981,98.14229053027123
2024-12-30 17:43:26.317862,39.62095855235882,64.37267710672569
2024-12-30 17:43:26.317868,61.53446427238215,98.13796943362043
2024-12-30 17:43:26.317874,5.732052764148832,2.1730789387849336
2024-12-30 17:43:26.317879,96.16387312359456,23.465497946734192
2024-12-30 17:43:26.317887,26.539635460897493,69.08074513717074
2024-12-30 17:43:26.317894,71.20045533185528,74.06606392751856
2024-12-30 17:43:26.317900,12.515561389104047,41.38768419244876
2024-12-30 17:43:26.317905,21.450717418427566,8.729237265750067
2024-12-30 17:43:26.317911,57.95394176792872,97.41669312869722
2024-12-30 17:43:26.317917,32.68662612245111,12.091674204955948
2024-12-30 17:43:26.317923,14.107716483038214,66.11434732689825
2024-12-30 17:43:26.317928,71.87135005054547,75.94210377355621
2024-12-30 17:43:26.317934,26.09156948819119,4.02734550756697
2024-12-30 17:43:26.317943,68.99376365032185,78.28918143929394
2024-12-30 17:43:26.317949,38.896802059205285,57.94049824846182
2024-12-30 17:43:26.317955,95.38011064377056,80.55098890119332
2024-12-30 17:43:26.317962,64.41272172791639,63.59819335782815
2024-12-30 17:43:26.317969,87.30995347375298,66.89815383932823
2024-12-30 17:43:26.317975,59.561965645517034,16.518032606549703
2024-12-30 17:43:26.317981,18.634697970165128,25.635992368696726
2024-12-30 17:43:26.317987,60.094244817459156,54.85635295196837
2024-12-30 17:43:26.317993,58.1477784379772,4.027496348341286
2024-12-30 17:43:26.317999,48.15093114445891,74.04186550741953
2024-12-30 17:43:26.318004,68.33761426246517,97.52191357823922
2024-12-30 17:43:26.318010,53.886498332308406,87.35416705713298
2024-12-30 17:43:26.318016,15.49547076269464,60.65268510880121
2024-12-30 17:43:26.318022,41.40593178694122,88.0305787722453
2024-12-30 17:43:26.318027,38.93575714683203,56.82007131273448
2024-12-30 17:43:26.318033,51.88444238262585,6.4894351527786664
2024-12-30 17:43:26.318039,4.448107860687289,79.05288156511567
2024-12-30 17:43:26.318045,89.24484021702229,7.1399289113794335
2024-12-30 17:43:26.318050,9.204216117004794,46.07265750110206
2024-12-30 17:43:26.318056,19.156778863503256,0.15036376710888533
2024-12-30 17:43:26.318062,35.20072561721522,88.46598727829766
2024-12-30 17:43:26.318068,6.287377789720416,24.69242011363979
2024-12-30 17:43:26.318073,50.105001379555546,78.53471416770243
2024-12-30 17:43:26.318079,20.812454548325466,34.82840969494709
2024-12-30 17:43:26.318085,57.26236864269065,10.68918544253924
2024-12-30 17:43:26.318091,54.43423705595192,2.3030864316291977
2024-12-30 17:43:26.318099,38.807068052502856,66.66100708597858
2024-12-30 17:43:26.318105,63.25503401940331,16.673477197109086
2024-12-30 17:43:26.318111,3.4856507374590673,85.96533388090043
2024-12-30 17:43:26.318117,22.10260103327628,4.853604654699217
2024-12-30 17:43:26.318123,10.37202381579534,16.44839639812483
2024-12-30 17:43:26.318129,7.51551391166243,54.870302907388805
2024-12-30 17:43:26.318134,28.989414708088724,39.33239531464381
2024-12-30 17:43:26.318140,26.64340940101251,39.43548434250589
2024-12-30 17:43:26.318146,45.24607606864358,37.13202567592068
2024-12-30 17:43:26.318152,66.97781832016456,67.9841963070124
2024-12-30 17:43:26.318157,28.01364189037956,2.2090658572809563
2024-12-30 17:43:26.318163,17.414655663893296,44.303747470427965
2024-12-30 17:43:26.318169,42.64818295849494,62.04900375360357
2024-12-30 17:43:26.318175,92.07924305019702,88.77040011646609
2024-12-30 17:43:26.318181,3.3220063227636376,39.14393380599983
2024-12-30 17:43:26.318191,91.7714005725265,34.611645500687786
2024-12-30 17:43:26.318197,68.454688781919,78.62422146313256
2024-12-30 17:43:26.318203,43.728208459590036,16.783598117068298
2024-12-30 17:43:26.318209,92.64500830046526,98.64801668396817
2024-12-30 17:43:26.318214,93.31136283614354,28.892626718097347
2024-12-30 17:43:26.318220,9.763409624880548,68.42176948808854
2024-12-30 17:43:26.318226,35.47819179482804,34.92095449217128
2024-12-30 17:43:26.318232,9.654847369132646,90.671251102199
2024-12-30 17:43:26.318240,14.265110607442288,24.17714257438732
2024-12-30 17:43:26.318249,36.08347311389003,87.03615666749373
2024-12-30 17:43:26.318255,56.48054585347525,40.811128648683734
2024-12-30 17:43:26.318260,96.59318587837046,20.658659488261844
2024-12-30 17:43:26.318266,99.1720518616122,46.586199486079295
2024-12-30 17:43:26.318272,66.63878327249205,3.2311816592816456
2024-12-30 17:43:26.318278,45.57975936387886,31.643673479300084
2024-12-30 17:43:26.318284,43.81372638387945,96.06369710844513
2024-12-30 17:43:26.318289,88.16352034031691,56.94442414777061
2024-12-30 17:43:26.318295,66.97137777882864,68.18530278943476
2024-12-30 17:43:26.318301,51.94692186479772,73.39419927681028
2024-12-30 17:43:26.318307,22.11212314351402,42.21637256085946
2024-12-30 17:43:26.318313,21.328997390043835,24.56124560829257
2024-12-30 17:43:26.318319,45.71604156308994,29.9272143106885
2024-12-30 17:43:26.318327,45.08756737142002,94.55306287331338
2024-12-30 17:43:26.318333,54.40413265602658,65.32295664459829
2024-12-30 17:43:26.318339,19.61005457411308,63.217406780084374
2024-12-30 17:43:26.318345,13.030155471537807,3.2543464360192065
2024-12-30 17:43:26.318350,34.03194920392073,45.30839916184301
2024-12-30 17:43:26.318356,45.38136601886092,65.50593376122626
2024-12-30 17:43:26.318362,13.531034062463021,1.9546287397304352
2024-12-30 17:43:26.318368,51.617202756936805,96.67326123789692
2024-12-30 17:43:26.318374,77.95675648350289,46.68784301052503
2024-12-30 17:43:26.318382,3.489948819313593,7.2952791169719315
2024-12-30 17:43:26.318388,35.654479501656276,67.6662346727017
2024-12-30 17:43:26.318394,46.220851921454006,72.7413127984349
2024-12-30 17:43:26.318400,32.06132294073042,93.9334713750558
2024-12-30 17:43:26.318405,92.66260649891287,78.45445351928052
2024-12-30 17:43:26.318411,37.3635208777676,64.09094138269425
2024-12-30 17:43:26.318417,88.57159391553601,9.25385965326183
2024-12-30 17:43:26.318423,91.90864394040095,13.512168046475248
2024-12-30 17:43:26.318428,8.525810252385746,65.04601573553217
2024-12-30 17:43:26.318434,95.68014795951358,15.877358026592558
2024-12-30 17:43:26.318440,49.14565669495114,5.509352942715051
2024-12-30 17:43:26.318446,4.234378700090369,83.45750115738592
2024-12-30 17:43:26.318451,49.295359204295984,36.731448794179336
2024-12-30 17:43:26.318457,79.41110638476069,82.43234470641723
2024-12-30 17:43:26.318463,86.89191042014383,6.315261079224088
2024-12-30 17:43:26.318468,14.252524425820468,20.183849872612047
2024-12-30 17:43:26.318474,58.32154732845874,83.77326971359928
2024-12-30 17:43:26.318480,90.9601763493041,64.13212605576763
2024-12-30 17:43:26.318486,9.355237333880073,17.180625539706373
2024-12-30 17:43:26.318495,23.171124354412022,33.1123623778869
2024-12-30 17:43:26.318501,52.627666513830995,56.09479301667185
2024-12-30 17:43:26.318507,27.25821487186968,59.56544740470664
2024-12-30 17:43:26.318513,10.178919003541086,69.49192092022355
2024-12-30 17:43:26.318520,63.460364137202255,72.91062119702019
2024-12-30 17:43:26.318527,60.03547944544842,28.645934056807164
2024-12-30 17:43:26.318533,3.797086330045707,47.906175247790216
2024-12-30 17:43:26.318538,35.44143485083783,82.5313024752592
2024-12-30 17:43:26.318544,83.5523051175922,80.30466104850773
2024-12-30 17:43:26.318550,69.73220149413211,80.21065286361313
2024-12-30 17:43:26.318556,7.41575891519326,33.24018969494126
2024-12-30 17:43:26.318561,56.2326904913089,97.07927923463366
2024-12-30 17:43:26.318567,42.64706791377325,32.26602967630805
2024-12-30 17:43:26.318573,43.46298498845762,46.47004011263288
2024-12-30 17:43:26.318579,11.38492724654483,48.10136140517787
2024-12-30 17:43:26.318584,89.94876500182626,8.98172803427364
2024-12-30 17:43:26.318590,7.220415999350694,57.78137067478397
2024-12-30 17:43:26.318596,26.11267159641435,15.096709434238974
2024-12-30 17:43:26.318602,21.639407985994207,81.12266328092026
2024-12-30 17:43:26.318608,90.08796464727843,52.69105907631334
2024-12-30 17:43:26.318613,48.515081756641635,10.560393978609085
2024-12-30 17:43:26.318622,85.47008521378396,4.896807654655788
2024-12-30 17:43:26.318628,18.55509955519028,94.44067558299064
2024-12-30 17:43:26.318634,15.819852971214111,54.70618909450183
2024-12-30 17:43:26.318640,11.199943792334032,39.77713423247433
2024-12-30 17:43:26.318646,46.815467455606154,12.04611469643384
2024-12-30 17:43:26.318651,84.25607356678572,45.294805143442055
2024-12-30 17:43:26.318665,17.93499433893996,92.5207909605548
2024-12-30 17:43:26.318671,44.833966172254826,35.77040960882765
2024-12-30 17:43:26.318677,46.6312147367153,49.59744734986589
2024-12-30 17:43:26.318683,54.947747901392404,74.33474866998804
2024-12-30 17:43:26.318689,55.15005596037431,59.664255309341286
2024-12-30 17:43:26.318695,21.127219818082533,17.11966896710694
2024-12-30 17:43:26.318701,66.361907995084,56.35735941215601
2024-12-30 17:43:26.318707,85.42766933442937,85.7708598116057
2024-12-30 17:43:26.318725,14.507898027833921,20.58405048657853
2024-12-30 17:43:26.318731,48.607944139052805,51.57264166416624
2024-12-30 17:43:26.318737,91.47283927220772,76.8171687315485
2024-12-30 17:43:26.318743,97.02979641501658,62.80017287753354
2024-12-30 17:43:26.318749,98.2284498971598,68.09011931728213
2024-12-30 17:43:26.318755,59.84745606385397,7.002749028728816
2024-12-30 17:43:26.318760,66.17296857916516,93.49638135617646
2024-12-30 17:43:26.318766,90.09437614714389,89.85253441306162
2024-12-30 17:43:26.318772,82.98800390546327,84.53155046330974
2024-12-30 17:43:26.318778,13.514112360891096,71.73309674279906
2024-12-30 17:43:26.318784,48.0337418795385,86.82622089547525
2024-12-30 17:43:26.318790,36.35117464028329,23.035270277258157
2024-12-30 17:43:26.318795,96.03410406579131,4.032475090831955
2024-12-30 17:43:26.318801,27.5345724008455,28.24705807549285
2024-12-30 17:43:26.318807,8.883163976179166,64.7298241905069
2024-12-30 17:43:26.318817,47.01221928629856,49.44806521757085
2024-12-30 17:43:26.318823,67.10557470819977,16.055580254867518
2024-12-30 17:43:26.318829,39.98400964725786,41.27335883169063
2024-12-30 17:43:26.318835,97.76593132454288,42.30611024074425
2024-12-30 17:43:26.318841,3.715321457265619,1.765786747055742
2024-12-30 17:43:26.318846,63.25584323265492,77.35159024981478
2024-12-30 17:43:26.318852,32.748613880556775,92.64134471376244
2024-12-30 17:43:26.318858,1.4538869213043926,51.446136105427186
2024-12-30 17:43:26.318864,45.18377439628938,4.611587527018656
2024-12-30 17:43:26.318870,20.134124149341538,70.88006520852245
2024-12-30 17:43:26.318875,77.10457312005947,75.98784262231618
2024-12-30 17:43:26.318882,61.25752124705942,35.775028818927034
2024-12-30 17:43:26.318889,27.809170909213034,98.22433831491689
2024-12-30 17:43:26.318895,80.56036873250926,97.33463770470101
2024-12-30 17:43:26.318901,29.914601487881175,70.5151147838919
2024-12-30 17:43:26.318906,75.57783226734242,12.641837230887443
2024-12-30 17:43:26.318912,73.45284021717517,97.36714246966828
2024-12-30 17:43:26.318918,20.129482642554386,53.01143753640949
2024-12-30 17:43:26.318924,90.28824465978148,7.914901145289699
2024-12-30 17:43:26.318931,71.92804632198067,62.19872400221469
2024-12-30 17:43:26.318936,21.99948184979873,66.64612545393958
2024-12-30 17:43:26.318963,97.8992842326348,11.530835719017563
2024-12-30 17:43:26.318983,7.130720296272397,15.94826199208651
2024-12-30 17:43:26.318996,99.90666531828745,76.87009551139782
2024-12-30 17:43:26.319003,23.307997042389474,29.277099576668817
2024-12-30 17:43:26.319009,72.44696350191462,70.41968978255237
2024-12-30 17:43:26.319015,63.05690792025527,42.969772218587764
2024-12-30 17:43:26.319021,83.507049079824,50.39595368503724
2024-12-30 17:43:26.319027,10.745771838469775,58.807770452675875
2024-12-30 17:43:26.319033,99.03348522661409,9.469367125148253
2024-12-30 17:43:26.319038,8.29671655531774,80.7429269090043
2024-12-30 17:43:26.319044,96.55873990023589,39.84846049001432
2024-12-30 17:43:26.319050,54.7962498372906,48.976060768781416
2024-12-30 17:43:26.319056,91.26807611927109,18.438705612319282
2024-12-30 17:43:26.319065,76.26077075441079,88.01416454603608
2024-12-30 17:43:26.319072,47.65278294981448,8.012476729415752
2024-12-30 17:43:26.319078,80.50351876293487,42.94067152202656
2024-12-30 17:43:26.319084,19.601964431097585,52.23330626158288
2024-12-30 17:43:26.319090,86.62023803265771,80.58882454549834
2024-12-30 17:43:26.319095,58.9528875016599,79.16383138236206
2024-12-30 17:43:26.319101,41.0038821566999,61.8397027928713
2024-12-30 17:43:26.319107,16.125064655533695,28.890851119059068
2024-12-30 17:43:26.319113,11.23882630222408,80.93131825461217
2024-12-30 17:43:26.319119,28.588101986549084,53.79110378968694
2024-12-30 17:43:26.319125,64.75831114808547,32.97920497181986
2024-12-30 17:43:26.319130,63.244136216740245,74.59089308908214
2024-12-30 17:43:26.319139,72.10461187651856,90.03574773527117
2024-12-30 17:43:26.319145,42.408261629971456,13.813002333163404
2024-12-30 17:43:26.319154,85.77433003949477,13.568829343649513
2024-12-30 17:43:26.319160,10.224350066823717,70.08893533063649
2024-12-30 17:43:26.319168,65.96373626825522,56.24500616801124
2024-12-30 17:43:26.319174,79.75420082925922,21.846842828475165
2024-12-30 17:43:26.319180,8.93529656765869,5.936616549413387
2024-12-30 17:43:26.319185,11.279427874667435,58.42496120802559
2024-12-30 17:43:26.319191,67.32105257200732,34.13236008678165
2024-12-30 17:43:26.319197,14.155878104927966,29.005870948208322
2024-12-30 17:43:26.319203,90.10010894733159,94.12582565203603
2024-12-30 17:43:26.319209,53.40585702797015,98.45788590563814
2024-12-30 17:43:26.319214,21.122161653746694,39.4269784785581
2024-12-30 17:43:26.319220,21.46007625394397,36.450861016236466
2024-12-30 17:43:26.319226,97.48617513375748,10.906618536996982
2024-12-30 17:43:26.319232,99.10984206761829,62.65191023412555
2024-12-30 17:43:26.319238,94.26419743874365,91.36061438183879
2024-12-30 17:43:26.319243,0.8004267127141751,15.979293798000816
2024-12-30 17:43:26.319249,15.408230004585565,95.27733522739959
2024-12-30 17:43:26.319255,60.754426043731016,18.84460330624227
2024-12-30 17:43:26.319261,68.06559009025456,47.741608024514306
2024-12-30 17:43:26.319267,69.3204114153782,89.2849813156869
2024-12-30 17:43:26.319272,5.84154656138558,85.02107969177307
2024-12-30 17:43:26.319280,96.11205037695565,92.46011428283637
2024-12-30 17:43:26.319286,25.10098485883283,6.369542467447397
2024-12-30 17:43:26.319292,95.94651912943816,74.54924890875996
2024-12-30 17:43:26.319298,11.770337362257088,30.736742963129394
2024-12-30 17:43:26.319304,69.19062100927836,46.20442501622959
2024-12-30 17:43:26.319310,37.18139562648871,86.54699385232487
2024-12-30 17:43:26.319315,22.122554011709706,43.55986316198549
2024-12-30 17:43:26.319321,19.56477994388488,49.70216391408703
2024-12-30 17:43:26.319327,44.93127131001467,33.01986429661334
2024-12-30 17:43:26.319332,12.306477031593078,47.47738924255571
2024-12-30 17:43:26.319338,94.41522397478374,87.97332038536064
2024-12-30 17:43:26.319344,67.05199169982396,89.85211087220819
2024-12-30 17:43:26.319349,84.52371686906585,60.970045880529845
2024-12-30 17:43:26.319355,92.20808284152444,15.575065309545833
2024-12-30 17:43:26.319361,38.76984988154748,37.698741611974015
2024-12-30 17:43:26.319367,2.6312738756099185,7.852995628815885
2024-12-30 17:43:26.319372,19.941700332348,20.76840602333714
2024-12-30 17:43:26.319378,50.571360239074856,40.72152470049312
2024-12-30 17:43:26.319384,16.248603185365962,22.926669899682473
2024-12-30 17:43:26.319390,30.47176257301124,20.691326615693562
2024-12-30 17:43:26.319395,67.6097017479867,50.24120158308452
2024-12-30 17:43:26.319401,50.118742633260894,28.96784597271509
2024-12-30 17:43:26.319407,77.7758942118161,79.86706402247515
2024-12-30 17:43:26.319415,87.6012532516179,82.62082151283386
2024-12-30 17:43:26.319421,74.61207722421389,5.274589172262944
2024-12-30 17:43:26.319427,47.76519565851226,43.33627244015994
2024-12-30 17:43:26.319433,86.23319122893274,31.565092064250077
2024-12-30 17:43:26.319439,48.68582891467127,79.72518370121674
2024-12-30 17:43:26.319448,83.08390962801639,72.53369151260256
2024-12-30 17:43:26.319454,19.745324985711722,92.63460280927707
2024-12-30 17:43:26.319460,15.92006744321315,90.99038086483408
2024-12-30 17:43:26.319468,25.316835153692242,69.48131924877511
2024-12-30 17:43:26.319474,38.587305273355945,35.686672959257315
2024-12-30 17:43:26.319480,73.62631201390455,61.46759616299805
2024-12-30 17:43:26.319486,3.8374451078478145,18.9317014848691
2024-12-30 17:43:26.319491,74.30297434537417,25.958541750274257
2024-12-30 17:43:26.319497,37.13846500256523,81.48929187158932
2024-12-30 17:43:26.319503,7.693932778303103,59.668654581514794
2024-12-30 17:43:26.319509,33.877032805321484,43.194480593232655
2024-12-30 17:43:26.319514,47.123089034895415,28.330628187084184
2024-12-30 17:43:26.319520,71.79721238278408,66.04314639603814
2024-12-30 17:43:26.319526,10.270470330066795,32.35488649927718
2024-12-30 17:43:26.319534,49.10096548048342,73.19044817485992
2024-12-30 17:43:26.319540,46.877031012406945,65.16525874516867
2024-12-30 17:43:26.319546,74.84656278284795,68.58677645222062
2024-12-30 17:43:26.319552,4.67438816291218,89.2456734641494
2024-12-30 17:43:26.319560,49.96906346345714,28.264948832580895
2024-12-30 17:43:26.319566,91.12925455732723,1.469235428064486
2024-12-30 17:43:26.319572,61.482177322724965,91.76640381789113
2024-12-30 17:43:26.319578,65.83706056607018,3.979376829459369
2024-12-30 17:43:26.319583,27.058311861943096,42.28001634438946
2024-12-30 17:43:26.319589,12.040049343007087,61.718059137386795
2024-12-30 17:43:26.319595,53.17086312597642,1.7914388861630437
2024-12-30 17:43:26.319601,26.03445345158302,22.80138866522583
2024-12-30 17:43:26.319607,80.2842348697835,81.6685818211943
2024-12-30 17:43:26.319613,77.86311710694804,94.49317458716118
2024-12-30 17:43:26.319619,26.424204131680785,3.301986496546805
2024-12-30 17:43:26.319624,49.66194226566497,4.391634320974813
2024-12-30 17:43:26.319630,9.0642433547384,53.10167124391148
2024-12-30 17:43:26.319636,71.14845690186928,21.80973947561403
2024-12-30 17:43:26.319642,83.20886686519464,30.28551313687673
2024-12-30 17:43:26.319648,89.25326719212639,9.733649853455429
2024-12-30 17:43:26.319654,66.39190158465989,22.316821698098433
2024-12-30 17:43:26.319659,96.28209012955507,32.384939174363126
2024-12-30 17:43:26.319665,15.238082624994453,3.399660429152007
2024-12-30 17:43:26.319671,86.46249371670123,62.35215101083966
2024-12-30 17:43:26.319677,71.63419670652407,69.72466116746865
2024-12-30 17:43:26.319682,11.764039821573547,98.58347957914634
2024-12-30 17:43:26.319688,53.73006704934969,42.70527026084561
2024-12-30 17:43:26.319696,61.26548926123334,32.80885450331863
2024-12-30 17:43:26.319704,53.50257575709134,56.20981336008018
2024-12-30 17:43:26.319715,65.36324436166689,59.105121318185525
2024-12-30 17:43:26.319726,71.64810977927696,35.58218103856884
2024-12-30 17:43:26.319734,53.41995749917597,67.65811117678835
2024-12-30 17:43:26.319746,34.35090143344118,36.458478497844894
2024-12-30 17:43:26.319757,25.60111949144803,42.404941617815425
2024-12-30 17:43:26.319769,41.371846028082835,60.60027699499422
2024-12-30 17:43:26.319780,19.64817508321954,66.78559314248271
2024-12-30 17:43:26.319793,50.74064652622682,79.70739740815593
2024-12-30 17:43:26.319804,65.59935684367362,93.4459292244057
2024-12-30 17:43:26.319810,42.574040224983214,7.449278815702332
2024-12-30 17:43:26.319820,93.47316161235901,47.85881020108162
2024-12-30 17:43:26.319827,91.72030605341861,87.73368002466354
2024-12-30 17:43:26.319832,5.188854452885083,52.2946072324451
2024-12-30 17:43:26.319838,74.90489509128203,40.73436894551643
2024-12-30 17:43:26.319844,88.7052110843577,59.809500318540884
2024-12-30 17:43:26.319850,43.76773406108859,51.31455394332447
2024-12-30 17:43:26.319856,24.40902209920176,77.59020337049395
2024-12-30 17:43:26.319861,33.77879574570425,80.09677224261591
2024-12-30 17:43:26.319867,50.48360065952888,77.11928246210273
2024-12-30 17:43:26.319873,5.573210887250113,80.49968862054635
2024-12-30 17:43:26.319881,35.55789487803133,67.14421826912064
2024-12-30 17:43:26.319890,3.984040944757783,77.20767854451258
2024-12-30 17:43:26.319896,51.221773933353674,66.00901701929504
2024-12-30 17:43:26.319902,69.84990084755249,29.70128108628184
2024-12-30 17:43:26.319908,8.292221050507676,37.00902115026929
2024-12-30 17:43:26.319913,72.41038348557835,35.20764422602263
2024-12-30 17:43:26.319919,5.045812227498637,48.44880460485207
2024-12-30 17:43:26.319925,68.21591716722484,36.085695736747404
2024-12-30 17:43:26.319931,53.58263457471002,26.477620933093615
2024-12-30 17:43:26.319936,32.809993526520074,93.20989082083288
2024-12-30 17:43:26.319942,83.68002729238582,44.07085928680635
2024-12-30 17:43:26.319948,77.68550698288273,79.19759808510751
2024-12-30 17:43:26.319954,65.53157356023866,41.58379978917576
2024-12-30 17:43:26.319960,45.61925891994245,51.4101622994379
2024-12-30 17:43:26.319968,70.27672822164543,67.91560545414012
2024-12-30 17:43:26.319975,57.220884609458,55.97232850021877
2024-12-30 17:43:26.319980,76.47141246784598,1.7059759271784047
2024-12-30 17:43:26.319986,12.022827595091567,93.824890268428
2024-12-30 17:43:26.319992,80.94419920338228,35.81164379974836
2024-12-30 17:43:26.319997,43.086513403783044,19.62027131781752
2024-12-30 17:43:26.320003,79.95038568266052,15.305735234775463
2024-12-30 17:43:26.320009,49.63394344467852,28.883912536904578
2024-12-30 17:43:26.320014,19.66251427210751,47.67801066592742
2024-12-30 17:43:26.320020,42.37213780782392,48.98614138893297
2024-12-30 17:43:26.320028,95.06047259615356,12.895321955789074
2024-12-30 17:43:26.320034,10.680871770147549,34.12612908085716
2024-12-30 17:43:26.320040,76.84880024826434,99.93529238463466
2024-12-30 17:43:26.320045,71.83759964339053,85.47567472219248
2024-12-30 17:43:26.320051,28.477101145246063,48.844123317121536
2024-12-30 17:43:26.320057,92.52825643309323,53.95232364135777
2024-12-30 17:43:26.320062,16.83598236392765,58.802984858813886
2024-12-30 17:43:26.320068,55.090806154910474,68.56772184306386
2024-12-30 17:43:26.320074,37.84918572409739,7.064034602147318
2024-12-30 17:43:26.320079,8.487257524004821,45.66607593960056
2024-12-30 17:43:26.320085,78.20112794623655,40.829624220620275
2024-12-30 17:43:26.320090,23.43237020398865,68.4736877764301
2024-12-30 17:43:26.320096,57.55766885421587,8.48393850583845
2024-12-30 17:43:26.320102,16.113355962535437,97.87706149679006
2024-12-30 17:43:26.320107,82.38249588447482,26.089306327632123
2024-12-30 17:43:26.320113,69.58808573106968,33.88763198374809
2024-12-30 17:43:26.320121,51.57127760802119,49.83158381882495
2024-12-30 17:43:26.320127,49.03390061716214,72.91225599822477
2024-12-30 17:43:26.320133,58.865881594533356,15.94766592039324
2024-12-30 17:43:26.320138,73.72081332637414,14.862441509196323
2024-12-30 17:43:26.320144,40.30549122798772,4.634907171386093
2024-12-30 17:43:26.320150,70.2714449380648,80.28891093081823
2024-12-30 17:43:26.320155,29.591548268662937,29.65461609886766
2024-12-30 17:43:26.320167,25.674672755507732,9.615115313311906
2024-12-30 17:43:26.320173,74.91619921694142,89.76855050940893
2024-12-30 17:43:26.320179,12.990045586449362,67.55962175090103
2024-12-30 17:43:26.320185,48.43776677305143,84.47508204368607
2024-12-30 17:43:26.320190,42.60714340602162,59.684356491206124
2024-12-30 17:43:26.320196,39.39626091931694,81.36226259252665
2024-12-30 17:43:26.320202,63.474472414845586,91.56290436396169
2024-12-30 17:43:26.320207,50.10695907713662,96.33371016870872
2024-12-30 17:43:26.320213,47.08173555609624,63.27363640863485
2024-12-30 17:43:26.320219,56.14919327859494,86.99785135225856
2024-12-30 17:43:26.320225,57.04848773213623,2.5886533744088447
2024-12-30 17:43:26.320230,30.724440026059774,76.51629169682133
2024-12-30 17:43:26.320236,79.63222634832199,54.32133141288632
2024-12-30 17:43:26.320242,86.74329080509442,95.59244782754955
2024-12-30 17:43:26.320247,35.49259724952291,14.33601467187422
2024-12-30 17:43:26.320253,59.454096120539255,56.78119606347518
2024-12-30 17:43:26.320262,24.813222111560627,50.93940458711357
2024-12-30 17:43:26.320268,25.258985784504805,50.675937422764825
2024-12-30 17:43:26.320273,37.4432032496899,54.91713070914268
2024-12-30 17:43:26.320279,45.21465516248404,94.13162613322787
2024-12-30 17:43:26.320285,98.68485363550153,95.84797952749457
2024-12-30 17:43:26.320290,21.66213623353275,10.679846877812682
2024-12-30 17:43:26.320296,50.86889187820533,86.53277174004661
2024-12-30 17:43:26.320304,36.38741436816147,82.71551546238727
2024-12-30 17:43:26.320310,28.17233730525167,3.3951700363240134
2024-12-30 17:43:26.320316,53.99339611767105,21.942062764419536
2024-12-30 17:43:26.320322,30.370583632771275,74.56247388391512
2024-12-30 17:43:26.320327,16.428628069857744,50.84199229101232
2024-12-30 17:43:26.320333,44.19870646750211,73.1978548390433
2024-12-30 17:43:26.320339,73.10586028157341,76.76711775565194
2024-12-30 17:43:26.320347,99.37348114822241,56.72802916888463
2024-12-30 17:43:26.320353,23.593736313004854,7.36355024368528
2024-12-30 17:43:26.320359,38.66282993560797,5.3124240233551
2024-12-30 17:43:26.320364,6.053902460878968,69.3704093399266
2024-12-30 17:43:26.320370,73.04044363520418,28.45590740884292
2024-12-30 17:43:26.320376,76.2707515075329,45.42803073439507
2024-12-30 17:43:26.320381,39.98064093403988,44.96616939179972
2024-12-30 17:43:26.320387,79.63423407881152,84.67576558384134
2024-12-30 17:43:26.320393,25.850490986854922,53.62245670108881
2024-12-30 17:43:26.320398,93.7837777147732,54.75927010579448
2024-12-30 17:43:26.320404,48.386359767719235,48.1248523287354
2024-12-30 17:43:26.320409,3.2316045897374357,78.14591586903663
2024-12-30 17:43:26.320415,40.884136188638365,48.65298031632271
2024-12-30 17:43:26.320423,17.82778553482022,50.513095281419915
2024-12-30 17:43:26.320429,6.7195857047475,56.6178629397922
2024-12-30 17:43:26.320435,87.71887636729517,68.93462174634064
2024-12-30 17:43:26.320443,65.60649259349563,24.36682075745583
2024-12-30 17:43:26.320449,65.35161772135454,60.81364289730753
2024-12-30 17:43:26.320455,59.86023870217084,13.813202126765445
2024-12-30 17:43:26.320461,20.175377788806248,90.06735496298917
2024-12-30 17:43:26.320466,62.10424778690202,43.78864524626298
2024-12-30 17:43:26.320472,40.863702221569,88.94644651557897
2024-12-30 17:43:26.320478,42.73703830235899,54.70069775105569
2024-12-30 17:43:26.320484,19.904355976667386,77.85140367134615
2024-12-30 17:43:26.320489,48.869278044865624,46.42414878905742
2024-12-30 17:43:26.320495,5.6899885672726525,30.159540662732432
2024-12-30 17:43:26.320501,80.2868753691706,49.31839875533388
2024-12-30 17:43:26.320507,62.11837565723699,63.07023956263149
2024-12-30 17:43:26.320512,67.80501147809545,34.5478163022749
2024-12-30 17:43:26.320518,26.373701277721096,12.643398646135552
2024-12-30 17:43:26.320524,18.282586476355867,48.77956148983941
2024-12-30 17:43:26.320529,54.01794793849082,96.77971086956359
2024-12-30 17:43:26.320535,18.032511337833245,26.729980083462912
2024-12-30 17:43:26.320541,32.4419550955067,78.25856946877681
2024-12-30 17:43:26.320546,45.77740540600897,11.881148241309647
2024-12-30 17:43:26.320552,63.78999340009502,13.65908170928808
2024-12-30 17:43:26.320558,70.59511811761179,86.12068643155295
2024-12-30 17:43:26.320564,60.79645425808744,22.135989471223294
2024-12-30 17:43:26.320569,50.75786610143339,67.80617646913596
2024-12-30 17:43:26.320577,22.912431728892745,97.44019955874234
2024-12-30 17:43:26.320584,53.86998981414855,68.36311428146874
2024-12-30 17:43:26.320590,68.05068178261807,68.96149774320848
2024-12-30 17:43:26.320595,65.99688425426191,75.73550640843655
2024-12-30 17:43:26.320601,45.25606980397521,99.68854717218822
2024-12-30 17:43:26.320607,50.23616187011777,31.31668629984039
2024-12-30 17:43:26.320612,25.94818458999252,57.76329906001484
2024-12-30 17:43:26.320618,31.708083372712814,22.987677141421337
2024-12-30 17:43:26.320624,61.91301129019299,73.32006765293795
2024-12-30 17:43:26.320630,37.96365730687623,84.6950399501471
2024-12-30 17:43:26.320638,89.84024102885665,60.216245572649875
2024-12-30 17:43:26.320644,1.794041269725144,88.79319803312275
2024-12-30 17:43:26.320649,91.27030682756599,3.855289871720091
2024-12-30 17:43:26.320655,53.80762011479789,49.24123677794417
2024-12-30 17:43:26.320661,75.4706333531526,55.51324103044285
2024-12-30 17:43:26.320667,99.55952623354473,84.66792518805212
2024-12-30 17:43:26.320672,82.96993774634062,40.13042492100101
2024-12-30 17:43:26.320678,26.83211709650919,50.463763428367216
2024-12-30 17:43:26.320684,46.14135866580976,5.66786279302719
2024-12-30 17:43:26.320689,88.98886108151108,2.7319376466679257
2024-12-30 17:43:26.320695,98.69847329434582,94.41417206089233
2024-12-30 17:43:26.320701,69.30244404705532,46.997862118346475
2024-12-30 17:43:26.320706,57.9723451528908,52.03748861498837
2024-12-30 17:43:26.320714,54.89950232250549,14.25952001130505
2024-12-30 17:43:26.320724,78.76688388291838,5.822334618553516
2024-12-30 17:43:26.320730,6.584641302084737,94.26581973712112
2024-12-30 17:43:26.320736,74.56183344672664,83.92459210164007
2024-12-30 17:43:26.320742,32.02657608626305,86.8168061479399
2024-12-30 17:43:26.320747,89.30504277278293,83.5893351853894
2024-12-30 17:43:26.320753,92.34492440283715,10.793201431942334
2024-12-30 17:43:26.320759,24.445961904473535,5.512824096477386
2024-12-30 17:43:26.320765,35.86562065393623,37.285775497457884
2024-12-30 17:43:26.320770,35.63196430085461,71.17496499845662
2024-12-30 17:43:26.320776,6.963196015277062,63.817041896423596
2024-12-30 17:43:26.320782,47.02376945740423,6.57194328573879
2024-12-30 17:43:26.320787,17.151319355529548,71.0735450289325
2024-12-30 17:43:26.320793,37.026897270003225,73.93226091756524
2024-12-30 17:43:26.320799,18.57083990480278,99.02524886031334
2024-12-30 17:43:26.320804,57.64414363269928,26.428198371269175
2024-12-30 17:43:26.320810,13.827159615591745,46.13091836274259
2024-12-30 17:43:26.320816,56.26958199449601,52.429117714640725
2024-12-30 17:43:26.320821,39.80598372518759,73.4840044057029
2024-12-30 17:43:26.320827,42.24946563505322,0.6469837354267538
2024-12-30 17:43:26.320833,42.35533051882739,69.04450826310566
2024-12-30 17:43:26.320839,23.6335547659267,87.04196570992772
2024-12-30 17:43:26.320844,86.19431202050065,25.534248851617292
2024-12-30 17:43:26.320852,80.21493333074753,8.307037102023273
2024-12-30 17:43:26.320858,28.299495662707375,12.12415846309327
2024-12-30 17:43:26.320864,82.96666179983671,45.665872035303046
2024-12-30 17:43:26.320870,22.24388240938674,94.36258589789915
2024-12-30 17:43:26.320876,97.62516568766513,29.906666964939145
2024-12-30 17:43:26.320881,72.26486565584845,88.55220219238517
2024-12-30 17:43:26.320887,92.33314135435735,99.94900013147236
2024-12-30 17:43:26.320893,31.33357821252236,65.78592110622893
2024-12-30 17:43:26.320898,65.45052971455755,31.815753770822752
2024-12-30 17:43:26.320905,16.87550028936452,46.211958261502694
2024-12-30 17:43:26.320910,71.4823626408088,30.470632577040714
2024-12-30 17:43:26.320916,91.39620706356217,98.23237752495054
2024-12-30 17:43:26.320922,43.44894217197858,14.537482223820087
2024-12-30 17:43:26.320928,70.49988600113088,1.9953594878513559
2024-12-30 17:43:26.320934,56.37833274729262,42.80043006686049
2024-12-30 17:43:26.320939,27.61432800069373,82.56758035227098
2024-12-30 17:43:26.320945,65.49967512660817,50.35206888446986
2024-12-30 17:43:26.320951,5.400571272870192,27.475675105943175
2024-12-30 17:43:26.320970,58.52662596889399,44.19154082489366
2024-12-30 17:43:26.320976,22.921738461751563,1.6876142606424782
2024-12-30 17:43:26.320981,61.569524758894126,68.76602241793773
2024-12-30 17:43:26.320987,13.289966045021629,20.29116062597235
2024-12-30 17:43:26.320992,72.43468625555155,34.87781166797524
2024-12-30 17:43:26.321000,9.580549897758173,29.619978682987735
2024-12-30 17:43:26.321006,75.01060537142483,63.60239422461632
2024-12-30 17:43:26.321012,28.584961622890383,75.86357648240651
2024-12-30 17:43:26.321018,58.03747841369543,83.62116853626539
2024-12-30 17:43:26.321026,75.08370160135587,81.0701846744506
2024-12-30 17:43:26.321034,97.44488854754339,93.99140887223987
2024-12-30 17:43:26.321040,64.00864389439374,2.1182874114167083
2024-12-30 17:43:26.321045,65.73592997188166,27.793843929802765
2024-12-30 17:43:26.321051,29.199100000235124,75.54213594529016
2024-12-30 17:43:26.321056,99.75868663600737,92.02466194790503
2024-12-30 17:43:26.321062,3.9843307178232923,12.409086610064335
2024-12-30 17:43:26.321067,48.68032086336033,53.7955978145754
2024-12-30 17:43:26.321073,39.12923934433829,9.07547682844384
2024-12-30 17:43:26.321078,48.08287460013293,34.03172789865886
2024-12-30 17:43:26.321084,41.044107246410974,93.60563173226765
2024-12-30 17:43:26.321089,72.50645209109538,45.76696417167867
2024-12-30 17:43:26.321095,82.30743398594662,97.945930793525
2024-12-30 17:43:26.321100,53.105242213765266,46.474022195668255
2024-12-30 17:43:26.321109,73.28974418693731,76.97757851913202
2024-12-30 17:43:26.321114,75.13530783358131,90.62250060532489
2024-12-30 17:43:26.321120,29.173950304575158,36.92266859348939
2024-12-30 17:43:26.321125,51.26703061297606,86.50330087980896
2024-12-30 17:43:26.321131,93.6191490664798,20.980708371873547
2024-12-30 17:43:26.321138,41.39321329427008,33.35262470861862
2024-12-30 17:43:26.321144,83.95724263940954,73.44077559030818
2024-12-30 17:43:26.321150,70.12285663733967,75.61675647305034
2024-12-30 17:43:26.321156,14.433302979813101,93.23191242788373
2024-12-30 17:43:26.321161,7.22223767807062,36.8484708898968
2024-12-30 17:43:26.321167,9.603419273231983,6.6108491281029025
2024-12-30 17:43:26.321172,26.210094694627294,6.650732490792
2024-12-30 17:43:26.321178,58.74350291061885,75.63238883389155
2024-12-30 17:43:26.321183,43.625143102957,10.124586895822961
2024-12-30 17:43:26.321189,88.29690086795586,10.720939596747703
2024-12-30 17:43:26.321194,53.89956242903043,95.78221024830285
2024-12-30 17:43:26.321200,19.667652858440754,29.190508989967533
2024-12-30 17:43:26.321205,2.8163875066340105,98.28821151465309
2024-12-30 17:43:26.321211,12.144501911112847,92.24000148716476
2024-12-30 17:43:26.321216,61.65169930456472,69.59809136369913
2024-12-30 17:43:26.321222,80.57558253098401,93.40764787314674
2024-12-30 17:43:26.321227,73.2263666002922,31.845270960984408
2024-12-30 17:43:26.321233,64.84931411761421,27.546436077758184
2024-12-30 17:43:26.321238,4.203511373073654,84.84905974814143
2024-12-30 17:43:26.321244,83.38945355344563,76.09819148046982
2024-12-30 17:43:26.321250,86.35348368829753,56.180851738065286
2024-12-30 17:43:26.321255,29.17631211104744,31.47158181156905
2024-12-30 17:43:26.321261,63.31830969949414,9.239827038121362
2024-12-30 17:43:26.321269,53.541001404211165,28.281536557716002
2024-12-30 17:43:26.321275,63.50150344309867,60.43006585810573
2024-12-30 17:43:26.321280,66.83395844152574,95.02522792422565
2024-12-30 17:43:26.321286,68.62169868782361,19.936641031929682
2024-12-30 17:43:26.321291,30.344735040819735,2.200204098591807
2024-12-30 17:43:26.321297,69.41247038534406,37.837401377362745
2024-12-30 17:43:26.321302,28.332272019743765,94.15604482625697
2024-12-30 17:43:26.321308,61.68723247306731,23.506359787934617
2024-12-30 17:43:26.321313,85.84351427555652,95.79888745091992
2024-12-30 17:43:26.321321,94.38986908894138,45.9523977724104
2024-12-30 17:43:26.321327,74.12009600875736,82.4059274098128
2024-12-30 17:43:26.321333,42.505308426437985,77.1205966055632
2024-12-30 17:43:26.321339,24.57165750785435,74.98953912065575
2024-12-30 17:43:26.321344,25.63935181703617,96.31940689725906
2024-12-30 17:43:26.321350,87.18577049992946,69.50934733994633
2024-12-30 17:43:26.321355,43.89878542914739,25.925155468862325
2024-12-30 17:43:26.321361,83.21185483132747,53.98547486582294
2024-12-30 17:43:26.321366,24.860105530221354,65.70332304349805
2024-12-30 17:43:26.321372,59.33755042402654,91.63485070833967
2024-12-30 17:43:26.321377,45.411679743621455,25.963073766894063
2024-12-30 17:43:26.321383,83.87358325646645,57.579393187815185
2024-12-30 17:43:26.321391,27.746412695372324,46.387822133152554
2024-12-30 17:43:26.321397,64.32169354259564,52.69251317252085
2024-12-30 17:43:26.321404,90.08418062045472,34.57373502427955
2024-12-30 17:43:26.321410,17.221754388425104,72.59119687387151
2024-12-30 17:43:26.321416,19.96758628913883,27.817523124828202
2024-12-30 17:43:26.321422,12.690765120028647,38.651426555119514
2024-12-30 17:43:26.321617,12.262329492391444,81.67742284053718
2024-12-30 17:43:26.321627,5.688561154137695,99.62193414108444
2024-12-30 17:43:26.321634,81.49815110025199,36.68194813766412
2024-12-30 17:43:26.321639,2.8318168833306956,60.38214806318719
2024-12-30 17:43:26.321645,36.97483926159204,8.594697981715937
2024-12-30 17:43:26.321650,3.7926808591190797,83.36606702031276
2024-12-30 17:43:26.321656,91.62964730932373,82.23033456958225
2024-12-30 17:43:26.321661,41.38410715965599,30.774575887203206
2024-12-30 17:43:26.321670,55.88491662787787,14.963021195540216
2024-12-30 17:43:26.321676,45.162876367829185,52.58928627691313
2024-12-30 17:43:26.321681,8.076241763423242,96.01306730249577
2024-12-30 17:43:26.321687,25.198895870572045,72.47198041523328
2024-12-30 17:43:26.321692,6.170260101750702,46.83124180425621
2024-12-30 17:43:26.321698,51.02203129694418,44.957609113725496
2024-12-30 17:43:26.321703,84.84463622522465,64.43866070107762
2024-12-30 17:43:26.321709,8.061976400643712,10.40421498891816
2024-12-30 17:43:26.321714,82.20952462237479,99.86198651969534
2024-12-30 17:43:26.321720,69.71835220130586,0.15037632539512957
2024-12-30 17:43:26.321725,20.553772531343128,23.663460429834537
2024-12-30 17:43:26.321733,84.26764858063294,2.677895871292213
2024-12-30 17:43:26.321739,62.47696438005915,25.40592754267833
2024-12-30 17:43:26.321745,22.26748085345518,3.027988262721859
2024-12-30 17:43:26.321750,71.74535794226864,59.661381656731535
2024-12-30 17:43:26.321756,40.1844150623601,64.38694688364133
2024-12-30 17:43:26.321761,81.74555074737111,65.48553585670831
2024-12-30 17:43:26.321767,64.02677988431518,40.92721113470819
2024-12-30 17:43:26.321773,16.760462756824758,72.87518130079911
2024-12-30 17:43:26.321778,27.881185820188225,70.78317260131526
2024-12-30 17:43:26.321784,44.57545833393838,30.27968667565075
2024-12-30 17:43:26.321789,3.9773680326147365,21.965170190527562
2024-12-30 17:43:26.321795,89.27514901805358,1.064350965092531
2024-12-30 17:43:26.321800,94.10021088164643,98.68883918141009
2024-12-30 17:43:26.321808,87.84560753642005,58.788600192561915
2024-12-30 17:43:26.321814,2.9567519736856007,19.419037844563302
2024-12-30 17:43:26.321819,21.556246569136484,58.24764570277268
2024-12-30 17:43:26.321825,45.986911227302066,59.2247064013748
2024-12-30 17:43:26.321831,50.86120831396942,51.99777943292151
2024-12-30 17:43:26.321836,54.59374970785237,88.48627019450764
2024-12-30 17:43:26.321842,90.73280511122385,71.8846519073589
2024-12-30 17:43:26.321848,49.14040054242849,17.6529220362702
2024-12-30 17:43:26.321853,75.07031707013344,72.4343182438177
2024-12-30 17:43:26.321859,16.154348881288037,58.33416582444314
2024-12-30 17:43:26.321866,65.187909414844,80.59248352596188
2024-12-30 17:43:26.321873,48.41223049091494,80.85488558522817
2024-12-30 17:43:26.321878,72.30801929591159,34.742043269604686
2024-12-30 17:43:26.321884,82.83422372958846,36.458547990048714
2024-12-30 17:43:26.321889,37.469847249754096,98.57498853455073
2024-12-30 17:43:26.321895,96.46062639103513,49.148082776339066
2024-12-30 17:43:26.321900,1.3393886766021712,46.57974635767593
2024-12-30 17:43:26.321906,45.776149622510395,44.97421241243056
2024-12-30 17:43:26.321911,1.1829667371345498,70.91569962568268
2024-12-30 17:43:26.321917,36.280783522354845,98.82505369007305
2024-12-30 17:43:26.321922,36.45854566229889,55.94460619316397
2024-12-30 17:43:26.321928,78.61868012720356,34.04046470577972
2024-12-30 17:43:26.321933,18.400771421373197,23.329282527601634
2024-12-30 17:43:26.321939,15.3613281834183,34.991550473330214
2024-12-30 17:43:26.321944,85.85019665420229,20.724452167544726
2024-12-30 17:43:26.321953,61.4040753614925,28.17405683928501
2024-12-30 17:43:26.321959,89.20830992868068,33.343078942146164
2024-12-30 17:43:26.321965,36.58081754062793,44.90613325788767
2024-12-30 17:43:26.321970,11.99214095789567,39.36856970654594
2024-12-30 17:43:26.321976,24.28158904231228,95.7003201256651
2024-12-30 17:43:26.321981,89.50281989916442,61.051047625668176
2024-12-30 17:43:26.321987,82.72944105380938,62.75542943771523
2024-12-30 17:43:26.321992,25.9626919619108,60.34965842603328
2024-12-30 17:43:26.322000,27.29139741946891,3.5750684824521373
2024-12-30 17:43:26.322006,75.46254868911328,42.91542055733181
2024-12-30 17:43:26.322012,80.24368145397015,85.47926487342282
2024-12-30 17:43:26.322017,27.813888389175222,41.73802593522788
2024-12-30 17:43:26.322023,65.25283403006479,15.326760669846418
2024-12-30 17:43:26.322029,89.50374690759816,53.25074905343872
2024-12-30 17:43:26.322037,21.554611515743005,49.078842596812486
2024-12-30 17:43:26.322043,58.48987742592401,15.212124657080695
2024-12-30 17:43:26.322049,94.72456601863124,92.4771183853711
2024-12-30 17:43:26.322054,5.749251515829634,6.947670429477649
2024-12-30 17:43:26.322060,86.35589043121792,7.243675075988265
2024-12-30 17:43:26.322065,12.262022859146615,69.28467619349796
2024-12-30 17:43:26.322071,3.600127282003318,24.22694114340547
2024-12-30 17:43:26.322077,60.8638780789781,80.23434666774202
2024-12-30 17:43:26.322082,76.18653560572513,44.97319403772021
2024-12-30 17:43:26.322088,74.37554314714076,24.220780342342273
2024-12-30 17:43:26.322094,43.58141649527154,61.52550282370911
2024-12-30 17:43:26.322101,57.449950572329755,3.934075774057477
2024-12-30 17:43:26.322107,66.29598542500416,11.438784084317232
2024-12-30 17:43:26.322113,60.643378026381434,0.31384538588865585
2024-12-30 17:43:26.322118,45.67351644882477,43.863073670819844
2024-12-30 17:43:26.322124,78.09800576793188,33.94753707941528
2024-12-30 17:43:26.322129,96.30513127482962,51.06261963472106
2024-12-30 17:43:26.322136,29.217642503008754,28.33905503444829
2024-12-30 17:43:26.322143,7.850138959991392,72.62206421858984
2024-12-30 17:43:26.322148,74.14788373404228,47.50476192040445
2024-12-30 17:43:26.322154,81.37851795026751,47.87114339941931
2024-12-30 17:43:26.322159,37.062029116885476,63.68750361937996
2024-12-30 17:43:26.322165,24.586675739709218,29.111243195628013
2024-12-30 17:43:26.322170,27.935824506044394,76.81131970731154
2024-12-30 17:43:26.322176,1.9269125088170802,37.2325368909508
2024-12-30 17:43:26.322181,37.40847778682126,62.57653187687491
2024-12-30 17:43:26.322187,75.20682793871198,41.31264470398538
2024-12-30 17:43:26.322192,11.850904408920304,22.26115448973436
2024-12-30 17:43:26.322198,96.83097279735082,75.31732132986177
2024-12-30 17:43:26.322203,61.23194993826154,21.253876510633006
2024-12-30 17:43:26.322209,33.876970199595,32.257881037761315
2024-12-30 17:43:26.322215,12.9886244944025,8.588799946114579
2024-12-30 17:43:26.322220,73.44563311623806,86.50779257746326
2024-12-30 17:43:26.322226,6.704125176396969,60.66538704612267
2024-12-30 17:43:26.322231,20.467146875853516,81.83313709203543
2024-12-30 17:43:26.322237,75.96049607024804,2.689354897058027
2024-12-30 17:43:26.322242,34.63239669060142,76.36803203914205
2024-12-30 17:43:26.322248,69.90547625934003,8.041598806991178
2024-12-30 17:43:26.322253,59.44040415133567,20.354844981430432
2024-12-30 17:43:26.322259,99.6627102369143,37.51241593118919
2024-12-30 17:43:26.322267,42.81261882601726,50.42682950703158
2024-12-30 17:43:26.322273,57.023454738375825,2.418356576668368
2024-12-30 17:43:26.322278,47.76967887626893,34.86620219933136
2024-12-30 17:43:26.322284,77.0214411843765,4.974155988270079
2024-12-30 17:43:26.322289,68.35045986696542,75.21758566435237
2024-12-30 17:43:26.322295,68.82950417282294,46.79437593238607
2024-12-30 17:43:26.322300,55.266382600751754,27.71945009787776
2024-12-30 17:43:26.322306,35.344263823168134,53.04881745485075
2024-12-30 17:43:26.322312,66.38734035951754,3.0665693521067294
2024-12-30 17:43:26.322320,6.1165834104640044,36.202173514243455
2024-12-30 17:43:26.322326,79.32579577326909,87.35615117849571
2024-12-30 17:43:26.322332,33.11645952371365,0.36833701485440296
2024-12-30 17:43:26.322337,53.942763403865435,7.770791193694593
2024-12-30 17:43:26.322343,98.56199735719633,44.74451630931908
2024-12-30 17:43:26.322348,72.33504619143861,20.58970861965005
2024-12-30 17:43:26.322354,86.49791634878208,25.92549868880131
2024-12-30 17:43:26.322360,21.35417963900594,95.35394990083984
2024-12-30 17:43:26.322365,56.59171931836151,7.747950252280722
2024-12-30 17:43:26.322371,77.20948653067386,39.67210177583568
2024-12-30 17:43:26.322376,64.2868370079062,48.37369124840429
2024-12-30 17:43:26.322382,51.92508872089062,1.1364674631919591
2024-12-30 17:43:26.322389,54.864912259831236,74.2052417798247
2024-12-30 17:43:26.322395,22.80285124882009,5.837046239722554
2024-12-30 17:43:26.322405,39.0994470154064,47.4529636185734
2024-12-30 17:43:26.322411,57.97227365586887,73.18484957406376
2024-12-30 17:43:26.322417,24.730881412718308,77.75319755385965
2024-12-30 17:43:26.322423,36.353015162452365,99.50460960044639
2024-12-30 17:43:26.322428,70.26444731462796,32.343986575797544
2024-12-30 17:43:26.322434,71.21721273914326,25.902855720088127
2024-12-30 17:43:26.322439,15.471810092497407,79.65939396497103
2024-12-30 17:43:26.322445,2.201469104894427,47.28517510217648
2024-12-30 17:43:26.322450,99.27415601821045,30.117762626813636
2024-12-30 17:43:26.322456,88.20825124340001,85.6120535270581
2024-12-30 17:43:26.322461,40.4630635819116,67.81075922210269
2024-12-30 17:43:26.322467,53.19429880097704,24.188242785924853
2024-12-30 17:43:26.322473,35.24762096273858,68.20168209023043
2024-12-30 17:43:26.322478,70.51330385644964,64.09962378452792
2024-12-30 17:43:26.322484,27.243337825317436,8.878552780540726
2024-12-30 17:43:26.322489,85.93670649238496,49.93638995082391
2024-12-30 17:43:26.322495,4.388560717713618,59.444801864982345
2024-12-30 17:43:26.322500,14.431614218121624,47.549469956240856
2024-12-30 17:43:26.322506,89.81876429176413,68.05804086371096
2024-12-30 17:43:26.322511,31.187428517138116,47.364891694552384
2024-12-30 17:43:26.322517,21.623004471242645,8.334773801171668
2024-12-30 17:43:26.322523,22.650879363448663,13.970683202532763
2024-12-30 17:43:26.322528,87.66685098291373,80.86231177360987
2024-12-30 17:43:26.322536,85.26582722707799,92.40833475024331
2024-12-30 17:43:26.322542,54.41491479911902,84.9636178706707
2024-12-30 17:43:26.322548,74.009784744879,76.98952417976923
2024-12-30 17:43:26.322553,58.54293630736598,90.28829473134479
2024-12-30 17:43:26.322559,55.48401497595765,28.09339277497227
2024-12-30 17:43:26.322564,46.045270306014544,22.318210693647156
2024-12-30 17:43:26.322570,55.49487303061807,46.410068125155604
2024-12-30 17:43:26.322575,59.09444766762311,76.12634830568393
2024-12-30 17:43:26.322581,44.98294495715586,25.954009754002072
2024-12-30 17:43:26.322586,72.22046949322562,58.8063813247653
2024-12-30 17:43:26.322592,64.96148900734464,26.57254614989918
2024-12-30 17:43:26.322597,82.06273255926385,74.21985803882748
2024-12-30 17:43:26.322603,60.01123178656602,48.85613898236257
2024-12-30 17:43:26.322608,46.857377995482864,45.75342114462128
2024-12-30 17:43:26.322614,91.57769670637295,23.717286011879533
2024-12-30 17:43:26.322619,17.226087433896463,23.282529452839505
2024-12-30 17:43:26.322625,54.10692860521698,28.054366384641405
2024-12-30 17:43:26.322630,13.617923094100693,83.68793568124396
2024-12-30 17:43:26.322636,43.98937482175186,59.71270609884291
2024-12-30 17:43:26.322642,43.52214652192311,12.348864049973429
2024-12-30 17:43:26.322647,61.100222606101326,21.039171950569546
2024-12-30 17:43:26.322653,93.93886518209142,61.86519774005282
2024-12-30 17:43:26.322658,69.71087099654882,92.18944621738078
2024-12-30 17:43:26.322666,64.66287582391924,12.92456031483603
2024-12-30 17:43:26.322672,39.685816885614656,66.54323169997073
2024-12-30 17:43:26.322680,59.55219941363287,1.5693297806956275
2024-12-30 17:43:26.322688,73.52426937260758,2.754995510101188
2024-12-30 17:43:26.322694,8.023923035380932,1.157819076523936
2024-12-30 17:43:26.322699,77.0866998953212,88.20984370923716
2024-12-30 17:43:26.322705,36.91218381732661,6.4344604008554125
2024-12-30 17:43:26.322711,95.99872839267711,11.388795190204437
2024-12-30 17:43:26.322716,61.06954189394094,4.404700979058718
2024-12-30 17:43:26.322722,85.38142538612023,86.99528657110443
2024-12-30 17:43:26.322727,89.86391852925097,63.278210931387605
2024-12-30 17:43:26.322733,66.10500206826909,68.17810682091948
2024-12-30 17:43:26.322739,36.244646802173506,54.430646576330574
2024-12-30 17:43:26.322744,60.50724139734564,96.61390600439073
2024-12-30 17:43:26.322750,20.484366759694538,24.684285070961398
2024-12-30 17:43:26.322755,5.643323653575338,68.5459140529759
2024-12-30 17:43:26.322761,57.679643889433464,43.1502376161918
2024-12-30 17:43:26.322769,45.98205745039963,30.083058360588254
2024-12-30 17:43:26.322775,81.41002473732055,1.5592136258166134
2024-12-30 17:43:26.322780,50.93825449053041,19.331020318464798
2024-12-30 17:43:26.322786,99.50763652044853,20.322456233127106
2024-12-30 17:43:26.322791,53.10687669299314,99.42328733813703
2024-12-30 17:43:26.322797,48.673337646963624,45.73514751177499
2024-12-30 17:43:26.322805,26.97020424555059,63.13441829889299
2024-12-30 17:43:26.322811,72.00452036845122,42.917349254585645
2024-12-30 17:43:26.322817,67.91054736959595,18.57839118945058
2024-12-30 17:43:26.322822,49.22347800053011,17.09466027166804
2024-12-30 17:43:26.322828,3.4638324224134487,5.263407678058851
2024-12-30 17:43:26.322833,39.117205548610734,78.12175159718839
2024-12-30 17:43:26.322839,85.32302036398501,49.756148417947486
2024-12-30 17:43:26.322844,19.027145579170014,16.358386617032096
2024-12-30 17:43:26.322850,54.67088331235179,99.81011741165004
2024-12-30 17:43:26.322856,4.143623301075028,5.826848868470858
2024-12-30 17:43:26.322861,56.68207029326503,27.16449687996413
2024-12-30 17:43:26.322867,38.25122041988759,2.5292898907903316
2024-12-30 17:43:26.322872,96.81580851407475,91.73617911899771
2024-12-30 17:43:26.322878,43.38277952846605,48.80061121086325
2024-12-30 17:43:26.322883,96.53718135673157,34.74427240853015
2024-12-30 17:43:26.322889,72.34772449836285,30.589258126183527
2024-12-30 17:43:26.322894,44.683565210558115,98.92284193429516
2024-12-30 17:43:26.322900,10.691073570614618,44.14608937874351
2024-12-30 17:43:26.322905,95.74228950495693,64.11476209060943
2024-12-30 17:43:26.322911,39.657282574274674,25.271672353625853
2024-12-30 17:43:26.322916,82.24481429604688,64.84415067361337
2024-12-30 17:43:26.322922,54.930309997609584,69.70552555244393
2024-12-30 17:43:26.322928,29.969083033076483,3.9995322792495958
2024-12-30 17:43:26.322936,95.5498722423722,79.37953516805597
2024-12-30 17:43:26.322942,70.36701001310087,71.93017250030316
2024-12-30 17:43:26.322948,39.298398089525065,34.265729642885724
2024-12-30 17:43:26.322954,77.25715187573726,83.8765003755738
2024-12-30 17:43:26.322959,57.61714777067108,59.405858752425246
2024-12-30 17:43:26.322965,73.40241848970972,82.61667000336128
2024-12-30 17:43:26.322981,97.79839550183236,61.08147192978121
2024-12-30 17:43:26.322988,16.556425294775668,74.32628531696204
2024-12-30 17:43:26.322994,25.737338487009698,29.30052451938202
2024-12-30 17:43:26.322999,24.088665321238434,93.80076408193597
2024-12-30 17:43:26.323005,27.499075997226598,27.13760651272179
2024-12-30 17:43:26.323011,54.46412436137821,66.07998185904353
2024-12-30 17:43:26.323016,49.54409318355345,40.3082235291086
2024-12-30 17:43:26.323022,60.959497302930124,7.563121630559433
2024-12-30 17:43:26.323027,7.677869833181495,65.79710950372034
2024-12-30 17:43:26.323033,60.56686769128152,3.1244037922234846
2024-12-30 17:43:26.323038,80.08759360911604,78.93582496693028
2024-12-30 17:43:26.323044,27.708142503870935,25.02086643782343
2024-12-30 17:43:26.323050,53.24604000611337,55.72641517722366
2024-12-30 17:43:26.323055,25.801935734949666,80.34423560577413
2024-12-30 17:43:26.323063,3.9367670475897953,34.68776377277858
2024-12-30 17:43:26.323069,59.645001967123534,39.229973351628914
2024-12-30 17:43:26.323075,51.45445065828835,23.230382192264678
2024-12-30 17:43:26.323085,7.279261885545485,70.808428758526
2024-12-30 17:43:26.323092,6.555133757597076,17.98853714989872
2024-12-30 17:43:26.323097,66.72802337061222,19.460752095298506
2024-12-30 17:43:26.323103,75.90142155128423,95.2652825172702
2024-12-30 17:43:26.323108,99.90977698576886,55.656176733324415
2024-12-30 17:43:26.323114,46.6839950702382,64.94751503619895
2024-12-30 17:43:26.323119,8.594101233264894,21.47465291001154
2024-12-30 17:43:26.323125,0.8754469154743649,24.14989354065006
2024-12-30 17:43:26.323131,83.39025212054484,99.8662177841484
2024-12-30 17:43:26.323136,85.40445559621426,31.0146344511118
2024-12-30 17:43:26.323142,93.6258031164588,66.58682800990287
2024-12-30 17:43:26.323150,8.568157815799527,44.32585786176697
2024-12-30 17:43:26.323156,28.307347083857294,57.48793405508209
2024-12-30 17:43:26.323162,33.82423517448534,44.59348815157696
2024-12-30 17:43:26.323167,65.56350545780663,24.96512094935791
2024-12-30 17:43:26.323173,53.278302124704254,53.04649503879767
2024-12-30 17:43:26.323178,62.324792044418366,65.48178049628638
2024-12-30 17:43:26.323184,30.364160317511068,55.89047732420747
2024-12-30 17:43:26.323189,25.333050528065147,66.36578256995223
2024-12-30 17:43:26.323195,86.20500896186586,94.68768807211718
2024-12-30 17:43:26.323200,29.242801366428694,28.62427213067703
2024-12-30 17:43:26.323206,34.155372838962116,92.96620962101247
2024-12-30 17:43:26.323211,15.541463123063847,73.65063667501893
2024-12-30 17:43:26.323219,59.41161474665145,10.804599559054683
2024-12-30 17:43:26.323225,14.247844892697625,17.0436009892993
2024-12-30 17:43:26.323230,24.38873468284649,52.57239609042568
2024-12-30 17:43:26.323236,15.986823875864243,32.86624757083657
2024-12-30 17:43:26.323241,79.95972834784115,54.39128488589171
2024-12-30 17:43:26.323247,20.445906461961695,19.563547822438753
2024-12-30 17:43:26.323252,64.2294369745748,41.418658120193186
2024-12-30 17:43:26.323258,14.238919330117605,22.809064165735393
2024-12-30 17:43:26.323263,66.4028166852112,37.90900181033303
2024-12-30 17:43:26.323269,41.3500109822305,13.507351233528663
2024-12-30 17:43:26.323277,76.50722119790917,30.384029787470602
2024-12-30 17:43:26.323283,4.5304673396322155,30.321718862402104
2024-12-30 17:43:26.323288,64.13130852047281,7.868249398700334
2024-12-30 17:43:26.323294,32.66928571034421,25.56511105198389
2024-12-30 17:43:26.323299,19.099671206714476,17.720770533102304
2024-12-30 17:43:26.323305,21.702249536802153,24.165410017889034
2024-12-30 17:43:26.323310,57.188045971790594,44.1673644481666
2024-12-30 17:43:26.323316,76.72118532487954,20.532181580667974
2024-12-30 17:43:26.323321,54.2687950350568,45.38838326341704
2024-12-30 17:43:26.323327,49.02325680752272,25.094950639478697
2024-12-30 17:43:26.323333,65.89110695992555,95.19828049469463
2024-12-30 17:43:26.323338,67.21977553915387,84.22760677081045
2024-12-30 17:43:26.323344,91.3868284355142,85.82627298478957
2024-12-30 17:43:26.323351,90.53868425253623,1.163662167982471
2024-12-30 17:43:26.323357,4.766499711896122,80.08464316815859
2024-12-30 17:43:26.323363,22.186298623671206,12.569084926634078
2024-12-30 17:43:26.323368,3.166952797086031,22.082119053348205
2024-12-30 17:43:26.323374,5.063601100930127,88.07565583588467
2024-12-30 17:43:26.323379,65.92721316302965,80.41852345448802
2024-12-30 17:43:26.323385,90.5555936557223,84.67789876422175
2024-12-30 17:43:26.323390,2.4561707929351084,16.732365133682205
2024-12-30 17:43:26.323396,98.58568552521871,6.688919988071063
2024-12-30 17:43:26.323402,89.69273803987305,8.791597678845942
2024-12-30 17:43:26.323407,13.076588708404724,22.231937401654367
2024-12-30 17:43:26.323413,92.92191258580182,46.302576583640075
2024-12-30 17:43:26.323418,56.48156687317818,18.20424283372771
2024-12-30 17:43:26.323424,98.80976588231934,36.828809731287414
2024-12-30 17:43:26.323432,35.03254535192364,68.5727329202
2024-12-30 17:43:26.323438,11.022497189901049,73.56254306902098
2024-12-30 17:43:26.323443,90.44409662419292,0.3096254231734874
2024-12-30 17:43:26.323449,57.451079719089705,81.04699772614275
2024-12-30 17:43:26.323454,35.049501010067786,9.518592805541248
2024-12-30 17:43:26.323460,51.22880801633085,53.66655373305943
2024-12-30 17:43:26.323465,67.54355933201867,24.706928812130215
2024-12-30 17:43:26.323471,67.20989683092738,75.01939630967894
2024-12-30 17:43:26.323477,7.612755930890236,61.96891483218424
2024-12-30 17:43:26.323484,32.774123602399584,36.20298263270074
2024-12-30 17:43:26.323490,41.18350123572524,63.611290901630326
2024-12-30 17:43:26.323496,67.52556405880676,31.575293902758805
2024-12-30 17:43:26.323502,56.245286869968226,23.71669038837786
2024-12-30 17:43:26.323507,93.64261456103925,68.12136222560015
2024-12-30 17:43:26.323515,57.72707059943269,0.07756201216051473
2024-12-30 17:43:26.323521,36.12589052577402,62.91497029432532
2024-12-30 17:43:26.323526,73.66486139674772,71.11551020555305
2024-12-30 17:43:26.323532,17.665602046996842,62.20761651425627
2024-12-30 17:43:26.323537,7.765452900542325,35.48338655444996
2024-12-30 17:43:26.323543,31.713295967147648,87.30410556329221
2024-12-30 17:43:26.323548,77.01129080878401,53.66007029475936
2024-12-30 17:43:26.323554,7.278282944813919,17.564067549537686
2024-12-30 17:43:26.323560,31.694655161320682,84.69833353779002
2024-12-30 17:43:26.323567,92.09184388706065,16.313266923536673
2024-12-30 17:43:26.323573,49.056544682435835,51.20799873288183
2024-12-30 17:43:26.323579,22.29407396009766,33.05816805025024
2024-12-30 17:43:26.323584,61.00904683303499,43.30174530472893
2024-12-30 17:43:26.323590,92.52328349872087,31.52765019740992
2024-12-30 17:43:26.323595,4.744223245841573,61.090678771010154
2024-12-30 17:43:26.323601,4.810076108696348,12.431345854535591
2024-12-30 17:43:26.323607,92.1960255317862,63.15795609564299
2024-12-30 17:43:26.323612,49.117281184786464,28.558678778556988
2024-12-30 17:43:26.323620,17.18296761262349,28.990724993443308
2024-12-30 17:43:26.323626,97.03660409401984,44.96222657455353
2024-12-30 17:43:26.323632,35.64262613684648,78.04053641925763
2024-12-30 17:43:26.323637,26.866899226949805,82.11819443496275
2024-12-30 17:43:26.323643,4.292049859123548,93.17385513712078
2024-12-30 17:43:26.323648,51.86968375115868,18.158375668813875
2024-12-30 17:43:26.323654,19.905312782093553,23.779252622304902
2024-12-30 17:43:26.323660,62.17250557487728,4.215259285552664
2024-12-30 17:43:26.323665,77.7737096043031,46.820345897210004
2024-12-30 17:43:26.323671,98.32009595945914,63.28647025034321
2024-12-30 17:43:26.323676,63.98107111881177,75.34564168119043
2024-12-30 17:43:26.323682,18.43421319783061,95.16796960918312
2024-12-30 17:43:26.323687,83.96418263356786,31.29182507599493
2024-12-30 17:43:26.323693,98.47309613376551,68.19969767833493
2024-12-30 17:43:26.323698,1.7925333639442154,39.96110148081006
2024-12-30 17:43:26.323704,31.418117931755873,20.675847028442107
2024-12-30 17:43:26.323709,34.95131135458448,95.33772608372836
2024-12-30 17:43:26.323715,52.7551119192216,39.72751633790427
2024-12-30 17:43:26.323720,30.22220740784617,12.133898859895476
2024-12-30 17:43:26.323726,38.58801255892214,93.60935096222015
2024-12-30 17:43:26.323731,2.3681718125115103,77.86588896071146
2024-12-30 17:43:26.323737,7.460523257754403,92.80365245034191
2024-12-30 17:43:26.323743,2.380864305249697,7.93171556357124
2024-12-30 17:43:26.323750,20.246262403001758,51.32567092362247
2024-12-30 17:43:26.323756,80.23722472965363,27.57864714440671
2024-12-30 17:43:26.323762,15.428148159835098,92.02896365585767
2024-12-30 17:43:26.323768,18.680560827347424,17.603124772376177
2024-12-30 17:43:26.323773,83.34229994796203,34.24345273969042
2024-12-30 17:43:26.323779,25.464552989025847,60.13976086307679
2024-12-30 17:43:26.323784,86.26990650483978,74.8771769748009
2024-12-30 17:43:26.323790,44.82738070473443,40.361144853971844
2024-12-30 17:43:26.323798,3.696424560883105,58.11055577828487
2024-12-30 17:43:26.323804,5.048189845719975,3.058406061893515
2024-12-30 17:43:26.323809,93.84514334219261,21.340152962604098
2024-12-30 17:43:26.323815,32.155871276446135,77.48605347138059
2024-12-30 17:43:26.323821,6.100015375835932,24.515827132122958
2024-12-30 17:43:26.323826,85.46819092750437,44.335310889870414
2024-12-30 17:43:26.323832,12.319882033526975,58.784014185736545
2024-12-30 17:43:26.323837,14.415680831744226,9.751787090966179
2024-12-30 17:43:26.323843,66.85704574271011,35.13269153409001
2024-12-30 17:43:26.323849,3.3565461475120184,77.89424890701756
2024-12-30 17:43:26.323857,16.88114849058131,40.31505549582239
2024-12-30 17:43:26.323863,13.533378049390599,56.78639868944404
2024-12-30 17:43:26.323868,30.28132897445097,61.53958947909226
2024-12-30 17:43:26.323874,92.47567759417927,14.610894947822505
2024-12-30 17:43:26.323882,0.31962867810808593,89.09152129472936
2024-12-30 17:43:26.323890,13.902270855904153,65.6739868826564
2024-12-30 17:43:26.323896,84.65440978302105,36.676933988562475
2024-12-30 17:43:26.323901,60.9494299323157,93.94580418680765
2024-12-30 17:43:26.323907,60.98074845467947,72.7262974451608
2024-12-30 17:43:26.323913,42.03272839110252,3.5741982146543783
2024-12-30 17:43:26.323918,95.91837353766637,14.649544889115695
2024-12-30 17:43:26.323924,70.84594584277517,28.039623372759202
2024-12-30 17:43:26.323929,71.59140370126063,57.17378026729618
2024-12-30 17:43:26.323935,93.88653316245858,13.720143062319611
2024-12-30 17:43:26.323940,34.07456828409676,48.79517227967576
2024-12-30 17:43:26.323946,81.87486518582854,63.04072232335718
2024-12-30 17:43:26.323951,57.67220866523872,78.96646109554504
2024-12-30 17:43:26.323957,89.0079129663563,0.5533863131385042
2024-12-30 17:43:26.323964,79.46942369544608,47.103742681287976
2024-12-30 17:43:26.323970,28.56554429914938,66.8533213272829
2024-12-30 17:43:26.323976,1.8793583392450741,52.85024344646882
2024-12-30 17:43:26.323981,45.11566576604301,26.749912164931477
2024-12-30 17:43:26.323987,69.30931130439517,34.21307051216286
2024-12-30 17:43:26.323992,80.76598066147619,8.877571215725311
2024-12-30 17:43:26.323998,80.32830319989988,4.431435907992521
2024-12-30 17:43:26.324003,53.683230470101094,70.47173831868429
2024-12-30 17:43:26.324009,83.73573364349441,71.05064782973285
2024-12-30 17:43:26.324014,28.205698420758385,91.79313821547088
2024-12-30 17:43:26.324022,75.59982329619538,70.55738544381511
2024-12-30 17:43:26.324028,52.297617502437824,1.7637083983301327
2024-12-30 17:43:26.324034,47.206171169553755,72.1998418427473
2024-12-30 17:43:26.324039,76.8844165288568,20.51465726786241
2024-12-30 17:43:26.324045,66.78312761471197,68.059942782097
2024-12-30 17:43:26.324050,20.694130337080097,44.2516380998916
2024-12-30 17:43:26.324056,28.55492029005593,84.9488785843601
2024-12-30 17:43:26.324061,80.66762668740634,25.123957366313366
2024-12-30 17:43:26.324067,12.283594885104133,92.04865912931716
2024-12-30 17:43:26.324072,64.923385610077,0.5060218079303791
2024-12-30 17:43:26.324078,79.04154943502559,54.32124818839302
2024-12-30 17:43:26.324083,64.23777447089557,93.77451147958847
2024-12-30 17:43:26.324089,58.892851830566386,53.304989212359686
2024-12-30 17:43:26.324095,1.218906149866683,46.38805172784826
2024-12-30 17:43:26.324100,85.78383817806217,84.39663998030663
2024-12-30 17:43:26.324106,80.69152728346606,49.81979491887135
2024-12-30 17:43:26.324111,44.55479052038525,95.89369079815181
2024-12-30 17:43:26.324117,0.25591827513726795,99.2901524216899
2024-12-30 17:43:26.324122,28.249049770455194,81.72620721517102
2024-12-30 17:43:26.324128,57.292721669763615,41.08552018957088
2024-12-30 17:43:26.324134,83.94346787788218,61.367435727053454
2024-12-30 17:43:26.324139,64.73699686810919,82.08051568885791
2024-12-30 17:43:26.324147,27.573971683228226,60.25890783165827
2024-12-30 17:43:26.324155,44.951732018674264,91.38877707412234
2024-12-30 17:43:26.324161,72.42547596295167,33.01984664364503
2024-12-30 17:43:26.324169,75.89183000975348,45.33847612703935
2024-12-30 17:43:26.324175,11.762278884979837,44.180626526613175
2024-12-30 17:43:26.324180,27.740032768905852,8.69276227844219
2024-12-30 17:43:26.324186,31.79761734739569,97.91407382032664
2024-12-30 17:43:26.324191,50.8069773498675,93.438822106599
2024-12-30 17:43:26.324197,86.03913959363824,40.54851989153825
2024-12-30 17:43:26.324202,28.779328580345553,77.97215212151633
2024-12-30 17:43:26.324208,24.333436725064107,40.48285994370108
2024-12-30 17:43:26.324214,6.79115045984704,52.755122469600416
2024-12-30 17:43:26.324219,69.18938560439955,53.064883854193376
2024-12-30 17:43:26.324225,25.50482598337679,79.85999954067834
2024-12-30 17:43:26.324230,5.171536665701959,96.40446159167357
2024-12-30 17:43:26.324236,33.077658847992666,73.43999520544264
2024-12-30 17:43:26.324241,37.994849466625226,89.82989091666765
2024-12-30 17:43:26.324250,58.24134213723913,62.02423904723343
2024-12-30 17:43:26.324255,99.91446296373863,64.7997111712264
2024-12-30 17:43:26.324261,64.05570456384025,92.54168533478165
2024-12-30 17:43:26.324267,75.5531692903853,17.646921237830927
2024-12-30 17:43:26.324272,8.732844079563106,86.39279725317623
2024-12-30 17:43:26.324278,13.399528587370346,48.3505484219241
2024-12-30 17:43:26.324283,30.79515537112473,88.74492026897154
2024-12-30 17:43:26.324291,61.27710939576818,1.0979854092691865
2024-12-30 17:43:26.324297,88.71365415661977,28.94453705892428
2024-12-30 17:43:26.324303,75.44909504900515,65.11546601657248
2024-12-30 17:43:26.324308,69.29113503000464,18.354704545320754
2024-12-30 17:43:26.324314,69.92359152331905,62.18127749841605
2024-12-30 17:43:26.324320,77.02873348988456,94.72543496257583
2024-12-30 17:43:26.324325,94.5203409759693,10.888461073331312
2024-12-30 17:43:26.324331,56.60914320250274,73.06363427709599
2024-12-30 17:43:26.324336,66.75186170420059,61.41105821880232
2024-12-30 17:43:26.324342,94.91932667588121,85.22386544431552
2024-12-30 17:43:26.324347,76.02891622815233,53.94105516436999
2024-12-30 17:43:26.324353,39.120220275355265,37.97632112951009
2024-12-30 17:43:26.324359,86.55958611439416,72.42356340523379
2024-12-30 17:43:26.324364,41.235016094491975,83.00914393550931
2024-12-30 17:43:26.324370,25.4118468987533,86.43814719956733
2024-12-30 17:43:26.324375,93.03960524081613,58.212974335748704
2024-12-30 17:43:26.324381,88.20793075249998,50.79588470591002
2024-12-30 17:43:26.324386,77.15018157707914,54.89147935884028
2024-12-30 17:43:26.324392,88.13828658981608,21.287303925441993
2024-12-30 17:43:26.324397,44.309278076314904,3.5339619849644843
2024-12-30 17:43:26.324403,30.49996971291803,54.083960218097445
2024-12-30 17:43:26.324408,77.89972282524856,39.66681243625625
2024-12-30 17:43:26.324414,46.644470626809486,89.22475655230822
2024-12-30 17:43:26.324421,47.045618894441375,8.285979868489402
2024-12-30 17:43:26.324427,81.57606288915585,81.10183779614802
2024-12-30 17:43:26.324433,86.6410039722004,16.244307263048963
2024-12-30 17:43:26.324441,41.868812005161196,12.50829781631504
2024-12-30 17:43:26.324447,3.9719412560631384,63.815852308044974
2024-12-30 17:43:26.324452,6.712294930430762,59.95804567350977
2024-12-30 17:43:26.324458,27.90868136757866,47.37186059980034
2024-12-30 17:43:26.324464,66.18946486508594,7.482550446361436
2024-12-30 17:43:26.324469,34.86765473372818,84.41073202437558
2024-12-30 17:43:26.324475,80.12149475907933,88.57221858531462
2024-12-30 17:43:26.324480,7.929423209103403,59.032254694591444
2024-12-30 17:43:26.324486,97.48189193309952,54.61661129999472
2024-12-30 17:43:26.324492,66.35351784807611,71.59663575873475
2024-12-30 17:43:26.324497,46.16590590623319,6.173554901641842
2024-12-30 17:43:26.324503,22.279775492384513,83.73862689276045
2024-12-30 17:43:26.324508,31.272954289165035,69.22715195790326
2024-12-30 17:43:26.324514,69.92335882767577,16.18661014784625
2024-12-30 17:43:26.324519,13.516540873258299,34.70930825772373
2024-12-30 17:43:26.324525,66.24002859929952,81.17285415454283
2024-12-30 17:43:26.324533,84.10858138908536,40.737724185606275
2024-12-30 17:43:26.324539,18.537263556543426,10.664137591665057
2024-12-30 17:43:26.324544,67.87363758976484,50.28601480561656
2024-12-30 17:43:26.324550,77.3384271597472,99.32099268414505
2024-12-30 17:43:26.324557,93.80983759651677,82.62593166260736
2024-12-30 17:43:26.324564,42.342215457440105,6.652345661730719
2024-12-30 17:43:26.324569,52.245831220335035,92.08095543682178
2024-12-30 17:43:26.324575,93.43557327382979,4.854299206082269
2024-12-30 17:43:26.324580,71.3265875814841,9.260162674771488
2024-12-30 17:43:26.324586,25.43883809386116,37.38010521167459
2024-12-30 17:43:26.324592,90.43859808003994,42.129041346500884
2024-12-30 17:43:26.324597,48.849704696897675,23.551068704772682
2024-12-30 17:43:26.324603,28.819767716649203,30.443263202185832
2024-12-30 17:43:26.324608,36.63181381316578,3.7683842311989624
2024-12-30 17:43:26.324616,74.16133843706885,5.627974663614244
2024-12-30 17:43:26.324622,81.53017895801558,66.76698907717001
2024-12-30 17:43:26.324628,47.04441753825902,73.49259621436728
2024-12-30 17:43:26.324633,22.158022312572523,83.7802538741266
2024-12-30 17:43:26.324639,46.27890689197473,94.6407621177063
2024-12-30 17:43:26.324644,64.16414391341799,34.48964563881657
2024-12-30 17:43:26.324650,32.394646341748725,88.11767269699615
2024-12-30 17:43:26.324655,99.71943930552078,8.12861705857626
2024-12-30 17:43:26.324661,65.29799439965048,81.53615539113184
2024-12-30 17:43:26.324666,74.81548187028805,66.15774363355287
2024-12-30 17:43:26.324672,6.469802015073789,98.6263358228733
2024-12-30 17:43:26.324677,62.17223228120966,87.52359899064514
2024-12-30 17:43:26.324683,46.54158866223522,7.621356244136512
2024-12-30 17:43:26.324690,48.41829937333051,87.45954818428423
2024-12-30 17:43:26.324696,51.96780026854223,43.50481216542848
2024-12-30 17:43:26.324702,6.6344555766450934,50.42532604932123
2024-12-30 17:43:26.324708,70.59133153784155,70.90651951681083
2024-12-30 17:43:26.324713,87.95543213016427,57.951093711811296
2024-12-30 17:43:26.324719,57.77313079598911,52.79115475097951
2024-12-30 17:43:26.324724,12.397321143575956,50.83947694811025
2024-12-30 17:43:26.324741,8.219972318855406,66.98724259996457
2024-12-30 17:43:26.324747,15.17562490262977,64.68554358943156
2024-12-30 17:43:26.324752,65.41248126202916,77.52592262300341
2024-12-30 17:43:26.324758,69.01398343949103,49.24757982130693
2024-12-30 17:43:26.324764,91.9523739670994,49.23392906795736
2024-12-30 17:43:26.324770,49.88760328165086,79.15449519236675
2024-12-30 17:43:26.324776,12.264385222730201,78.3253959339893
2024-12-30 17:43:26.324781,45.61829481657935,78.77217888631614
2024-12-30 17:43:26.324787,74.36707115445833,79.82271639063886
2024-12-30 17:43:26.324792,77.43880861989552,58.110571972501724
2024-12-30 17:43:26.324798,23.11233710414953,59.012403325864646
2024-12-30 17:43:26.324804,86.82345252636601,5.634085561244806
2024-12-30 17:43:26.324809,62.38753515733201,89.31550611390132
2024-12-30 17:43:26.324815,9.39667563640879,72.12462919407426
2024-12-30 17:43:26.324820,87.2742026624498,15.155630115483032
2024-12-30 17:43:26.324826,11.281896736005514,25.823780991432933
2024-12-30 17:43:26.324833,52.68808322367583,46.30574617168238
2024-12-30 17:43:26.324839,16.78171977768819,36.830329328983936
2024-12-30 17:43:26.324845,81.84675269272557,38.93466117273958
2024-12-30 17:43:26.324851,71.06807292129525,80.88756732763017
2024-12-30 17:43:26.324856,48.42598654897642,44.5768587818736
2024-12-30 17:43:26.324862,87.09516353890032,44.91036678574135
2024-12-30 17:43:26.324867,88.725357593042,51.84607231543814
2024-12-30 17:43:26.324873,31.917253426121704,97.90540274728781
2024-12-30 17:43:26.324878,71.74700449342899,86.47108239949297
2024-12-30 17:43:26.324884,53.161759787176685,43.46604944939659
2024-12-30 17:43:26.324890,54.851876248700904,4.718650383739842
2024-12-30 17:43:26.324895,91.02432595307678,33.9950425746884
2024-12-30 17:43:26.324901,82.93604045538797,71.34900652311354
2024-12-30 17:43:26.324908,98.86036312034237,51.918133288430525
2024-12-30 17:43:26.324914,24.4093121859705,43.29571871969596
2024-12-30 17:43:26.324920,15.400912143896129,94.28407576699955
2024-12-30 17:43:26.324926,32.11939636126056,61.31155955086388
2024-12-30 17:43:26.324931,48.3609384171911,42.843036291673045
2024-12-30 17:43:26.324937,74.14852637058358,46.9969921923034
2024-12-30 17:43:26.324942,7.925692109885696,73.32423226977474
2024-12-30 17:43:26.324948,34.03396532083178,1.1288230581667835
2024-12-30 17:43:26.324953,64.59631537056777,52.20488450187965
2024-12-30 17:43:26.324959,29.48756450733051,68.44642836565976
2024-12-30 17:43:26.324967,24.366121414907994,84.24886043118896
2024-12-30 17:43:26.324973,52.83901314447967,31.854623383427928
2024-12-30 17:43:26.324978,41.69751470044917,35.43391009687051
2024-12-30 17:43:26.324984,0.8367059488552986,46.78614486077184
2024-12-30 17:43:26.324992,52.742767540756816,23.932139805139364
2024-12-30 17:43:26.324998,89.40561527635305,7.571255691318557
2024-12-30 17:43:26.325003,72.59744511868014,57.15497097548581
2024-12-30 17:43:26.325009,64.75413791063535,66.84776374141464
2024-12-30 17:43:26.325014,49.487540891956826,72.2619294883888
2024-12-30 17:43:26.325020,99.22469176001037,29.719008544040282
2024-12-30 17:43:26.325025,76.05711770635453,46.344530860397604
2024-12-30 17:43:26.325033,93.54210029996554,55.20166807643949
2024-12-30 17:43:26.325039,58.03585430427491,47.24437721171684
2024-12-30 17:43:26.325045,21.877747672309756,98.08903355123797
2024-12-30 17:43:26.325050,19.270319361142953,9.32135448749415
2024-12-30 17:43:26.325056,86.5207666811563,18.284230760389708
2024-12-30 17:43:26.325062,48.79509884374696,78.98640579673514
2024-12-30 17:43:26.325067,85.83988644941444,61.818913689323516
2024-12-30 17:43:26.325073,77.78663289389685,81.07470864269054
2024-12-30 17:43:26.325078,73.09948795682347,87.27861321205408
2024-12-30 17:43:26.325084,40.78114714618868,66.81781946392455
2024-12-30 17:43:26.325089,84.25684281335613,80.69038215307677
2024-12-30 17:43:26.325095,32.18473905229112,22.722957251367237
2024-12-30 17:43:26.325103,70.80822865572536,36.773526943259164
2024-12-30 17:43:26.325109,44.67993317347575,69.98651821713017
2024-12-30 17:43:26.325114,91.44854439138635,91.60419107868623
2024-12-30 17:43:26.325120,62.729376575692854,3.9266693141126185
2024-12-30 17:43:26.325125,67.10260561199608,40.54184548673578
2024-12-30 17:43:26.325131,28.314660690786564,98.26748895076774
2024-12-30 17:43:26.325137,78.01759628868432,44.9022777329642
2024-12-30 17:43:26.325142,62.16517717897677,59.565886670959166
2024-12-30 17:43:26.325148,32.6299780961582,61.33215655067379
2024-12-30 17:43:26.325153,37.8765906857232,70.0202693156352
2024-12-30 17:43:26.325159,65.26075620911179,3.0263333184625707
2024-12-30 17:43:26.325165,8.158061312755017,43.891547787007525
2024-12-30 17:43:26.325170,67.6014482883644,44.73007024868598
2024-12-30 17:43:26.325176,81.33557635815616,80.02133066816815
2024-12-30 17:43:26.325181,30.922060054202383,81.29406803403464
2024-12-30 17:43:26.325187,79.98833253758868,19.087824001316456
2024-12-30 17:43:26.325192,74.56376179722622,18.043101047804523
2024-12-30 17:43:26.325198,91.23596108134929,66.28714704977425
2024-12-30 17:43:26.325203,24.57245265206972,90.12302056086298
2024-12-30 17:43:26.325209,34.43832163194943,13.667627199726018
2024-12-30 17:43:26.325215,25.849727503797602,46.25243199620229
2024-12-30 17:43:26.325220,25.338545762421848,16.71952595871079
2024-12-30 17:43:26.325226,49.60233945798007,74.1518730583992
2024-12-30 17:43:26.325233,8.963095988428593,41.879600110209516
2024-12-30 17:43:26.325239,10.547467866059513,80.35526145124973
2024-12-30 17:43:26.325245,9.798453713775345,56.46893082770582
2024-12-30 17:43:26.325250,90.17616272592386,54.498800843362794
2024-12-30 17:43:26.325256,43.4116879453054,53.043175493774584
2024-12-30 17:43:26.325261,23.497953491159674,76.18455050038855
2024-12-30 17:43:26.325267,60.07101897367287,35.465745447442444
2024-12-30 17:43:26.325275,51.88726895585495,40.2318546168207
2024-12-30 17:43:26.325281,96.67477608977025,55.46236532750237
2024-12-30 17:43:26.325286,84.12368108006912,52.251457117984835
2024-12-30 17:43:26.325292,90.5002827295257,58.31690292170796
2024-12-30 17:43:26.325298,76.44149464447352,5.415191429752586
2024-12-30 17:43:26.325303,85.90470288101658,50.52847985152833
2024-12-30 17:43:26.325309,98.91240739419557,24.828716595860488
2024-12-30 17:43:26.325314,49.747374140954314,10.305973096089305
2024-12-30 17:43:26.325321,25.238641025474926,37.676058012759796
2024-12-30 17:43:26.325327,55.23591556412198,74.4312716553825
2024-12-30 17:43:26.325333,54.38773636337019,0.6595136787287736
2024-12-30 17:43:26.325339,91.05731749100359,29.448405695890944
2024-12-30 17:43:26.325344,98.15961018904714,38.14780344661075
2024-12-30 17:43:26.325350,51.303439715476784,43.1311570307239
2024-12-30 17:43:26.325358,64.35832435943196,38.54887736906692
2024-12-30 17:43:26.325363,87.21066627360048,76.95652697186713
2024-12-30 17:43:26.325371,74.98143872920807,24.083981111320785
2024-12-30 17:43:26.325377,51.79598745103128,59.25484988274008
2024-12-30 17:43:26.325382,36.68901521222381,97.58968870313522
2024-12-30 17:43:26.325388,79.78967469296626,47.85691824474654
2024-12-30 17:43:26.325394,31.971919048216368,69.61277469633612
2024-12-30 17:43:26.325399,46.05778335565515,12.462890534899174
2024-12-30 17:43:26.325405,23.135715034049376,34.82595345141466
2024-12-30 17:43:26.325410,28.266500052374333,73.71367250564276
2024-12-30 17:43:26.325416,15.775260283474502,6.796597178494523
2024-12-30 17:43:26.325421,17.1187746482354,0.6325745096044222
2024-12-30 17:43:26.325427,1.2576373531737794,24.864171449000583
2024-12-30 17:43:26.325433,51.6806194330027,42.86825458932636
2024-12-30 17:43:26.325438,66.13330394028087,54.3469261951025
2024-12-30 17:43:26.325444,11.001774976625022,96.04536125584217
2024-12-30 17:43:26.325449,86.3316308799068,4.355680383940175
2024-12-30 17:43:26.325454,60.67993332235974,76.93762219142765
2024-12-30 17:43:26.325460,56.02173453182,89.58155702966584
2024-12-30 17:43:26.325465,81.13581424112631,51.71717180758837
2024-12-30 17:43:26.325471,86.72045380201003,5.057428453445834
2024-12-30 17:43:26.325476,35.8868225555934,61.478907382036454
2024-12-30 17:43:26.325482,53.99838704283506,3.726730852195226
2024-12-30 17:43:26.325487,54.176228179976015,18.577320123208107
2024-12-30 17:43:26.325493,80.73697732939473,5.5846859479020345
2024-12-30 17:43:26.325501,7.107498216946073,35.99808860188226
2024-12-30 17:43:26.325507,10.210630149139444,94.88869114051822
2024-12-30 17:43:26.325512,79.76873847459449,40.9713636691164
2024-12-30 17:43:26.325518,89.1129342722446,22.01064247626402
2024-12-30 17:43:26.325523,81.85189285469399,78.086586905039
2024-12-30 17:43:26.325529,50.84741149025789,79.88567304290798
2024-12-30 17:43:26.325535,74.63475232594159,31.235245618036544
2024-12-30 17:43:26.325540,27.811811595336767,4.533752481515396
2024-12-30 17:43:26.325546,66.37236904482987,2.112747318505015
2024-12-30 17:43:26.325551,74.61966169356832,50.91004431576209
2024-12-30 17:43:26.325557,4.031598575018835,76.93282864805369
2024-12-30 17:43:26.325562,32.99080469747074,54.57980537579883
2024-12-30 17:43:26.325568,55.26635065247972,50.091048310397376
2024-12-30 17:43:26.325573,53.88377891070439,89.51885043428429
2024-12-30 17:43:26.325579,81.48560055502165,48.122636377416725
2024-12-30 17:43:26.325584,63.76598308276622,91.15255194482224
2024-12-30 17:43:26.325590,55.85663060716733,66.48711401512347
2024-12-30 17:43:26.325595,6.2176509334133545,94.83008252538482
2024-12-30 17:43:26.325601,75.11144045919144,67.72068074645146
2024-12-30 17:43:26.325608,19.806635345285684,92.94552154286339
2024-12-30 17:43:26.325614,6.208592316629124,28.49374924294662
2024-12-30 17:43:26.325620,34.339787063752084,17.388986086999914
2024-12-30 17:43:26.325626,98.33110780913547,38.86603321091412
2024-12-30 17:43:26.325633,17.79060008390908,45.463624534527604
2024-12-30 17:43:26.325641,6.653788453737397,65.8983176301975
2024-12-30 17:43:26.325647,22.232018726226055,58.51947607036474
2024-12-30 17:43:26.325652,7.4924697567016585,58.12637332500097
2024-12-30 17:43:26.325658,85.73173040233718,52.081901026232416
2024-12-30 17:43:26.325663,37.217750616027125,4.64438215471239
2024-12-30 17:43:26.325669,81.3857001857982,21.74697428661563
2024-12-30 17:43:26.325675,67.26942603442893,5.45960957458087
2024-12-30 17:43:26.325681,9.537197798148922,55.015330916969404
2024-12-30 17:43:26.325686,62.663438614553066,63.192793462277805
2024-12-30 17:43:26.325692,77.83862868433745,75.8851740161243
2024-12-30 17:43:26.325698,74.13478783523225,81.91093208933373
2024-12-30 17:43:26.325703,98.65674081990844,58.84996290641811
2024-12-30 17:43:26.325709,69.2473619178719,4.768148189273324
2024-12-30 17:43:26.325714,10.80954027680031,51.10337249350317
2024-12-30 17:43:26.325723,9.690842798402699,29.933854887810362
2024-12-30 17:43:26.325728,96.39894100205153,69.31584684716336
2024-12-30 17:43:26.325734,89.73821219047122,83.11156771529426
2024-12-30 17:43:26.325739,99.93447274652671,10.67488646657676
2024-12-30 17:43:26.325745,49.51255219353371,95.56821904434958
2024-12-30 17:43:26.325751,98.09559778052831,50.33218367919766
2024-12-30 17:43:26.325756,65.69882328742767,47.640273987799105
2024-12-30 17:43:26.325762,47.24909897152788,83.94528075460069
2024-12-30 17:43:26.325769,58.7159301697335,48.51467729237521
2024-12-30 17:43:26.325775,7.744991024602832,53.84911557479137
2024-12-30 17:43:26.325781,61.820115625994845,32.27415230956887
2024-12-30 17:43:26.325786,58.68699448008559,12.504081482313456
2024-12-30 17:43:26.325792,30.331544559033752,23.20873215436512
2024-12-30 17:43:26.325797,14.043945797096946,95.11810811120155
2024-12-30 17:43:26.325803,55.562924191545335,95.78312038935444
2024-12-30 17:43:26.325809,14.397399642305563,78.17968630483203
2024-12-30 17:43:26.325814,83.59898935718788,30.144902094871217
2024-12-30 17:43:26.325820,86.82008546972628,17.71589577544911
2024-12-30 17:43:26.325825,9.599729437166038,98.54435702899171
2024-12-30 17:43:26.325831,54.122650994136734,88.60231291863617
2024-12-30 17:43:26.325836,50.026514545435184,30.293722475374373
2024-12-30 17:43:26.325842,19.40854489911361,66.7531131832867
2024-12-30 17:43:26.325848,83.38501451557985,56.80787480411453
2024-12-30 17:43:26.325853,14.38564914356364,20.907529357467713
2024-12-30 17:43:26.325859,35.27773547310766,31.99951665944869
2024-12-30 17:43:26.325864,38.14632143113391,40.99789308716735
2024-12-30 17:43:26.325870,4.470498734727468,55.595249412985005
2024-12-30 17:43:26.325875,61.11237539466212,84.83269958256923
2024-12-30 17:43:26.325881,63.765244611566516,72.89888192566016
2024-12-30 17:43:26.325886,86.919391293859,67.51884233307553
2024-12-30 17:43:26.325892,55.173366141833924,80.68415890791215
2024-12-30 17:43:26.325901,1.4869832358940127,75.4781610194631
2024-12-30 17:43:26.325907,3.923552656118612,95.4839393999802
2024-12-30 17:43:26.325913,24.192812744803394,77.67921549013039
2024-12-30 17:43:26.325918,92.5504628013174,82.78840479505621
2024-12-30 17:43:26.325924,22.345637962565167,66.12754779588995
2024-12-30 17:43:26.325929,43.54813067006184,99.70642328677962
2024-12-30 17:43:26.325935,20.091525363646447,95.3486636980991
2024-12-30 17:43:26.325940,29.659457973452565,43.51874692347576
2024-12-30 17:43:26.325946,17.464342925530786,52.49881563555765
2024-12-30 17:43:26.325951,10.900923339231994,12.030062334581492
2024-12-30 17:43:26.325957,47.35031993094698,71.60609892223648
2024-12-30 17:43:26.325962,9.064433136758343,63.25417207579066
2024-12-30 17:43:26.325968,40.87967933999924,82.3089116835165
2024-12-30 17:43:26.325973,96.91409011756717,51.85810970985742
2024-12-30 17:43:26.325979,7.270953751615183,99.02800995220655
2024-12-30 17:43:26.325984,41.978789831000185,43.818843988244474
2024-12-30 17:43:26.325990,66.96815851381476,62.794783616797886
2024-12-30 17:43:26.325996,96.33103402967824,51.83914325151693
2024-12-30 17:43:26.326004,91.917434193585,2.676301557277294
2024-12-30 17:43:26.326010,51.62320176374733,26.820156540853535
2024-12-30 17:43:26.326015,34.58864678984099,8.7699282442961
2024-12-30 17:43:26.326021,6.709491048500493,56.873064405298955
2024-12-30 17:43:26.326026,81.08625306702754,13.131513149860986
2024-12-30 17:43:26.326034,29.990518382210553,43.68664003749606
2024-12-30 17:43:26.326040,91.7431579946258,61.04475342350325
2024-12-30 17:43:26.326046,86.73653231277345,21.947166367664593
2024-12-30 17:43:26.326051,19.64365161766537,16.44952105805525
2024-12-30 17:43:26.326057,88.29917036814126,30.39077198343221
2024-12-30 17:43:26.326062,82.77833539594698,90.57976355044345
2024-12-30 17:43:26.326068,20.177603976207813,44.54845582352469
2024-12-30 17:43:26.326073,17.681703453721653,38.5208247535654
2024-12-30 17:43:26.326079,94.9396533167253,80.4759129260755
2024-12-30 17:43:26.326087,87.65188647386704,58.89952649529945
2024-12-30 17:43:26.326093,31.99609811079607,94.73760913483827
2024-12-30 17:43:26.326098,9.413419359574371,12.596398926972018
2024-12-30 17:43:26.326104,9.926717149950814,45.33854748861539
2024-12-30 17:43:26.326110,62.074778517349195,34.72069618369238
2024-12-30 17:43:26.326115,50.3822699694227,90.32209493021061
2024-12-30 17:43:26.326121,38.44964918492083,18.70484841205172
2024-12-30 17:43:26.326126,23.878169672036098,2.7387874130243572
2024-12-30 17:43:26.326132,63.77035671870662,23.081074437201444
2024-12-30 17:43:26.326137,42.12448078228789,14.697136517486742
2024-12-30 17:43:26.326143,86.77724205161923,57.29631377984177
2024-12-30 17:43:26.326149,12.347226424936963,37.89488328143873
2024-12-30 17:43:26.326154,86.68306472992937,84.94879191934403
2024-12-30 17:43:26.326160,12.791787736559979,38.308682138916474
2024-12-30 17:43:26.326167,87.05931773744962,3.329831948762918
2024-12-30 17:43:26.326173,25.935936520919267,28.84105954863607
2024-12-30 17:43:26.326179,9.119076130997284,20.1643163968941
2024-12-30 17:43:26.326184,53.30232695923278,2.704404630471724
2024-12-30 17:43:26.326192,6.56802776602492,99.95371788445959
2024-12-30 17:43:26.326198,50.11619537700025,48.77789497477932
2024-12-30 17:43:26.326204,51.1240494207304,70.88329253086467
2024-12-30 17:43:26.326209,69.92807883238164,12.603808050755694
2024-12-30 17:43:26.326215,73.13846609488243,1.8338571181646057
2024-12-30 17:43:26.326221,2.6662476027535575,75.56862429816007
2024-12-30 17:43:26.326226,38.976837306881976,74.39270041077748
2024-12-30 17:43:26.326232,79.12857315845915,66.23293487075024
2024-12-30 17:43:26.326237,12.119876930129891,9.459938672951962
2024-12-30 17:43:26.326243,76.73265221519922,50.974771799492494
2024-12-30 17:43:26.326248,44.78208219530979,96.06739493782051
2024-12-30 17:43:26.326254,58.04257750457125,71.63196321341361
2024-12-30 17:43:26.326260,25.277240176464765,99.45757865150145
2024-12-30 17:43:26.326265,4.802076615043294,1.5503443054253663
2024-12-30 17:43:26.326271,32.38630527548976,18.327017996742633
2024-12-30 17:43:26.326276,22.87376472976035,59.3055014342634
2024-12-30 17:43:26.326282,21.132522230813912,92.38002149795234
2024-12-30 17:43:26.326288,87.42069792930548,66.21676895578624
2024-12-30 17:43:26.326293,72.04413279012508,14.965494509547506
2024-12-30 17:43:26.326301,89.13275693566538,0.5027874643195651
2024-12-30 17:43:26.326307,21.920881377115407,44.62102961692752
2024-12-30 17:43:26.326313,1.5101221060462522,40.01659797796434
2024-12-30 17:43:26.326318,50.43728301069942,31.230576099557407
2024-12-30 17:43:26.326324,51.25256970679305,41.4715426291004
2024-12-30 17:43:26.326329,26.903498156364304,81.47737408285658
2024-12-30 17:43:26.326335,22.95876192143802,77.1993846795911
2024-12-30 17:43:26.326341,39.9981939021497,81.86505082381657
2024-12-30 17:43:26.326346,48.707080445948726,0.4908838801566229
2024-12-30 17:43:26.326352,11.244752116131384,86.10882025258736
2024-12-30 17:43:26.326357,90.63612220126933,59.761057507690495
2024-12-30 17:43:26.326363,83.32242254876559,54.715374807996895
2024-12-30 17:43:26.326371,17.248651776162284,28.158542358493666
2024-12-30 17:43:26.326377,79.36883409315318,82.54366818172697
2024-12-30 17:43:26.326382,22.2402396641999,27.83550740835441
2024-12-30 17:43:26.326388,15.204969906774924,91.2982552846784
2024-12-30 17:43:26.326393,29.37520111205337,4.014301779507301
2024-12-30 17:43:26.326399,18.812186778395223,43.62561674455429
2024-12-30 17:43:26.326405,63.03828265417992,20.045074591619148
2024-12-30 17:43:26.326410,36.317768503551775,40.02690210266103
2024-12-30 17:43:26.326416,42.19183294294201,50.744744088191254
2024-12-30 17:43:26.326421,19.746170182361123,24.560805819496778
2024-12-30 17:43:26.326427,64.99606807562134,16.822487734660253
2024-12-30 17:43:26.326434,95.80241167021593,8.717266887460283
2024-12-30 17:43:26.326440,6.742395213530772,63.547932649382965
2024-12-30 17:43:26.326447,63.71079133541129,60.438464012534396
2024-12-30 17:43:26.326455,63.55206450231705,40.94665318489622
2024-12-30 17:43:26.326461,20.979459459692162,72.67692195766297
2024-12-30 17:43:26.326467,95.35631987156036,2.9189186613781004
2024-12-30 17:43:26.326472,69.84246005604477,72.8639953937456
2024-12-30 17:43:26.326478,77.37297714862535,89.86260732210613
2024-12-30 17:43:26.326485,34.04523363186459,55.082898565775054
2024-12-30 17:43:26.326491,39.65359097161472,20.40709608710095
2024-12-30 17:43:26.326497,99.11960018771441,34.54363778132652
2024-12-30 17:43:26.326502,25.695584316903297,85.01198464911832
2024-12-30 17:43:26.326508,67.49145456352849,91.58967901257972
2024-12-30 17:43:26.326513,94.60230184727007,87.30469949948127
2024-12-30 17:43:26.326519,50.86331327854092,13.326523297558879
2024-12-30 17:43:26.326524,62.65278758179302,36.78889284034127
2024-12-30 17:43:26.326530,10.067731677466242,98.16167879712829
2024-12-30 17:43:26.326535,60.58170587638704,12.562425864046666
2024-12-30 17:43:26.326541,50.468670850922095,68.38014276398245
2024-12-30 17:43:26.326546,89.65835755930267,85.12373969977902
2024-12-30 17:43:26.326552,20.89787532880012,42.21155429344626
2024-12-30 17:43:26.326558,16.877899210919967,47.22309270434265
2024-12-30 17:43:26.326563,80.03275609559545,59.81401684289166
2024-12-30 17:43:26.326571,17.21888323086621,55.1705686595948
2024-12-30 17:43:26.326577,88.93723136101606,68.85224347978478
2024-12-30 17:43:26.326583,39.294405267130195,49.508442860578185
2024-12-30 17:43:26.326589,59.64090170486179,10.996604893659711
2024-12-30 17:43:26.326594,79.52655809492654,79.9359776251123
2024-12-30 17:43:26.326600,46.03458484960545,87.93511722082057
2024-12-30 17:43:26.326605,40.42542387311096,67.54132467335815
2024-12-30 17:43:26.326611,14.915703556578396,94.60503343145984
2024-12-30 17:43:26.326616,39.733577002096354,80.35190513500623
2024-12-30 17:43:26.326622,18.380907170727944,84.78556495124454
2024-12-30 17:43:26.326627,36.42825619975064,14.39853429486333
2024-12-30 17:43:26.326633,20.17949749003145,27.69831646589148
2024-12-30 17:43:26.326638,84.18139915638928,39.52773796708485
2024-12-30 17:43:26.326644,67.75830751346003,77.42132367216172
2024-12-30 17:43:26.326649,66.62965233984762,69.40133553196041
2024-12-30 17:43:26.326655,14.299402487046153,21.255033974058758
2024-12-30 17:43:26.326660,5.779955722099805,61.54904834151308
2024-12-30 17:43:26.326666,84.7030255745982,61.06325988213588
2024-12-30 17:43:26.326671,99.6180825385186,48.07783072460803
2024-12-30 17:43:26.326677,15.330984159024508,52.1175810372157
2024-12-30 17:43:26.326683,97.9764020625697,41.23042085198199
2024-12-30 17:43:26.326688,13.71445812748563,11.247006655884173
2024-12-30 17:43:26.326694,12.824715687108679,2.638398465299485
2024-12-30 17:43:26.326701,42.74356415722382,7.142843873929849
2024-12-30 17:43:26.326707,15.329189194544712,87.3301437892977
2024-12-30 17:43:26.326713,48.68393551014064,11.191989643768508
2024-12-30 17:43:26.326719,81.42675746519059,43.89192033676876
2024-12-30 17:43:26.326724,14.153163840498395,81.77702576199624
2024-12-30 17:43:26.326730,44.08884652992181,55.8626522011059
2024-12-30 17:43:26.326738,48.50436430375296,14.052138466358056
2024-12-30 17:43:26.326744,46.25153666187618,33.47250544191432
2024-12-30 17:43:26.326749,77.4282373764909,55.06221156623978
2024-12-30 17:43:26.326755,98.16136071998783,94.54857630389819
2024-12-30 17:43:26.326760,6.276048841210857,6.80218253190179
2024-12-30 17:43:26.326766,86.87706520125496,49.23902041644339
2024-12-30 17:43:26.326773,35.14270298769912,75.89713437621398
2024-12-30 17:43:26.326779,18.877587505466842,4.864864275099334
2024-12-30 17:43:26.326785,27.72009370591283,71.25834476535553
2024-12-30 17:43:26.326791,90.5996571209799,84.08295194298515
2024-12-30 17:43:26.326797,37.82427675998874,38.395840546578064
2024-12-30 17:43:26.326802,14.804395385207558,95.62293031890859
2024-12-30 17:43:26.326808,87.43977354988665,33.15192669031659
2024-12-30 17:43:26.326813,44.00990290762865,87.57291079223548
2024-12-30 17:43:26.326822,51.4526380711593,42.28286166519341
2024-12-30 17:43:26.326827,25.198466585924105,27.23079419423965
2024-12-30 17:43:26.326833,0.9099748070568014,42.03950464977599
2024-12-30 17:43:26.326845,63.47141518244355,56.655592078460245
2024-12-30 17:43:26.326852,31.52848786469592,99.12023524315958
2024-12-30 17:43:26.326868,71.180663907092,47.441968599137866
2024-12-30 17:43:26.326874,91.87132118312283,39.00904994388041
2024-12-30 17:43:26.326879,8.84929869553195,42.36110969788568
2024-12-30 17:43:26.326885,26.53521536914335,95.49951694556164
2024-12-30 17:43:26.326891,18.537818346908185,7.334423040833837
2024-12-30 17:43:26.326898,7.9893393814133855,37.98645603766937
2024-12-30 17:43:26.326904,46.71137055206568,67.94148924450568
2024-12-30 17:43:26.326910,36.602875306805494,82.6956777117985
2024-12-30 17:43:26.326915,24.06386147276972,63.32351399815342
2024-12-30 17:43:26.326921,34.50529409490293,32.82627588666854
2024-12-30 17:43:26.326928,4.733697755232069,22.36604570740164
2024-12-30 17:43:26.326934,43.73724228716475,75.64471820755884
2024-12-30 17:43:26.326939,40.03188574846662,84.79146890455152
2024-12-30 17:43:26.326945,84.67286432521307,34.600879256083196
2024-12-30 17:43:26.326951,43.922511594930405,13.521558224780462
2024-12-30 17:43:26.326956,43.69886168524074,89.6761115967802
2024-12-30 17:43:26.326962,94.19834219104003,95.49741784638867
2024-12-30 17:43:26.326967,39.97705460941739,42.98942023465031
2024-12-30 17:43:26.326973,93.62069080784522,7.500022796252193
2024-12-30 17:43:26.326978,48.22985267457791,28.006492161591257
2024-12-30 17:43:26.326984,81.2041499983378,54.151524031338916
2024-12-30 17:43:26.326992,77.80896795234813,46.67767869148213
2024-12-30 17:43:26.326998,15.14733813076612,59.09698394722981
2024-12-30 17:43:26.327003,36.37900375830368,26.636505737878302
2024-12-30 17:43:26.327009,45.24450307366067,21.88368637592023
2024-12-30 17:43:26.327015,35.952150078017695,8.44087542518065
2024-12-30 17:43:26.327020,48.460012196852794,9.476320774281499
2024-12-30 17:43:26.327026,31.129127351021392,5.688022883581012
2024-12-30 17:43:26.327031,18.52816092422088,20.01976425796509
2024-12-30 17:43:26.327037,94.91310317709232,65.0650091820408
2024-12-30 17:43:26.327043,71.61411968497957,29.24177324649796
2024-12-30 17:43:26.327048,18.609005762816857,35.80207214551427
2024-12-30 17:43:26.327054,35.79858203903593,45.660472471473334
2024-12-30 17:43:26.327059,32.02499968036578,96.98329852634919
2024-12-30 17:43:26.327065,72.82052968685568,65.23793805717047
2024-12-30 17:43:26.327070,33.54720633736608,23.868403701739627
2024-12-30 17:43:26.327076,48.40355566740426,36.43788598000809
2024-12-30 17:43:26.327084,53.18888350071978,69.22203626555886
2024-12-30 17:43:26.327090,28.431556679859128,82.5460972464254
2024-12-30 17:43:26.327095,82.46183378107797,86.93105129751527
2024-12-30 17:43:26.327101,0.07064397862109884,77.69708321439921
2024-12-30 17:43:26.327107,83.27613153204668,61.201063602837124
2024-12-30 17:43:26.327112,98.3670891343783,16.496997228636634
2024-12-30 17:43:26.327118,32.60203932713072,86.0519828443578
2024-12-30 17:43:26.327126,49.16426582134639,58.485675815361574
2024-12-30 17:43:26.327135,63.87537326530624,53.87019539610489
2024-12-30 17:43:26.327140,86.61680653921256,90.15026495048313
2024-12-30 17:43:26.327146,1.280755661446742,38.54007671779328
2024-12-30 17:43:26.327152,20.398146138936468,73.2864213678931
2024-12-30 17:43:26.327157,4.08684629904762,30.82100144883938
2024-12-30 17:43:26.327163,95.54638374373454,41.55200467307502
2024-12-30 17:43:26.327169,25.27319645821404,32.903610191301006
2024-12-30 17:43:26.327175,92.97045524111397,8.14746890268011
2024-12-30 17:43:26.327180,43.14723987189117,44.40325043852332
2024-12-30 17:43:26.327186,22.15693237148334,7.39697615074385
2024-12-30 17:43:26.327192,81.28573538264409,80.41507622303418
2024-12-30 17:43:26.327197,91.06460874900742,99.16407532544383
2024-12-30 17:43:26.327203,23.433362845467197,95.37688643704703
2024-12-30 17:43:26.327211,29.355860378069774,25.817239836700544
2024-12-30 17:43:26.327217,4.869466758647456,62.74975026450647
2024-12-30 17:43:26.327222,11.98388207146136,34.00966005520827
2024-12-30 17:43:26.327228,54.387340392399274,17.595223014792982
2024-12-30 17:43:26.327234,68.2340557069265,25.83679342462476
2024-12-30 17:43:26.327239,26.838510690326522,52.210360531479175
2024-12-30 17:43:26.327245,99.39100143080645,89.71269987770559
2024-12-30 17:43:26.327250,70.09032323186275,50.97356969365693
2024-12-30 17:43:26.327256,81.60462700842068,75.02361127773372
2024-12-30 17:43:26.327264,49.61409289900248,78.23501099823895
2024-12-30 17:43:26.327270,49.825024845698394,20.851061629595634
2024-12-30 17:43:26.327276,92.93434711018197,49.88919977464522
2024-12-30 17:43:26.327281,73.37953512143038,53.72404933892826
2024-12-30 17:43:26.327287,36.33486015904725,66.36060623693221
2024-12-30 17:43:26.327292,53.22475377998881,76.80900264286579
2024-12-30 17:43:26.327298,74.54607367703362,31.66697816912726
2024-12-30 17:43:26.327303,84.09444279506066,51.506724573540986
2024-12-30 17:43:26.327309,96.72517415018874,81.91806151593232
2024-12-30 17:43:26.327315,0.3206003339789487,74.54908164480472
2024-12-30 17:43:26.327320,16.295345215546277,7.037774995709656
2024-12-30 17:43:26.327326,51.13936914601578,3.834232725761877
2024-12-30 17:43:26.327331,78.12605926377447,7.918750915304306
2024-12-30 17:43:26.327337,78.90607662856472,91.47492951739733
2024-12-30 17:43:26.327342,21.41865393419371,96.56686429742098
2024-12-30 17:43:26.327348,20.849367176498635,12.824734179432518
2024-12-30 17:43:26.327354,52.677320853544195,46.72297273709165
2024-12-30 17:43:26.327360,80.8583996873008,79.40629409540779
2024-12-30 17:43:26.327365,74.88623639597132,51.01879942196798
2024-12-30 17:43:26.327371,80.72309773310681,12.738055107200275
2024-12-30 17:43:26.327379,18.84700231086339,35.19277788074869
2024-12-30 17:43:26.327386,56.80092677769644,4.73153744669027
2024-12-30 17:43:26.327391,81.19173910272488,73.9888777546033
2024-12-30 17:43:26.327400,90.48776429040676,6.618728280867758
2024-12-30 17:43:26.327406,21.88007260006214,2.9124303223187598
2024-12-30 17:43:26.327412,66.07986366951233,39.250534042839845
2024-12-30 17:43:26.327418,30.56414691651439,40.22575367573481
2024-12-30 17:43:26.327423,59.611520348564795,23.47672990149863
2024-12-30 17:43:26.327429,81.54792040217018,68.21112759608297
2024-12-30 17:43:26.327435,65.65529787845101,9.870925164524758
2024-12-30 17:43:26.327440,95.29338886996715,4.207129672583399
2024-12-30 17:43:26.327446,43.60955115708885,1.9169309706366655
2024-12-30 17:43:26.327452,13.410370297298934,37.828083595111686
2024-12-30 17:43:26.327458,10.655048968572977,88.67569149449659
2024-12-30 17:43:26.327463,93.22804398700248,93.20446038544009
2024-12-30 17:43:26.327469,5.443158798330606,9.498808094961309
2024-12-30 17:43:26.327474,28.536854722361237,79.91910214470374
2024-12-30 17:43:26.327480,99.27119881044068,62.7511809217029
2024-12-30 17:43:26.327486,65.48378805269053,33.254058801384765
2024-12-30 17:43:26.327491,59.65703104046602,91.0558384163657
2024-12-30 17:43:26.327500,85.64835529489895,32.03394109815132
2024-12-30 17:43:26.327506,52.5913168707026,87.91841753799734
2024-12-30 17:43:26.327511,89.69384365435249,77.13555379235856
2024-12-30 17:43:26.327518,7.7562532407175695,66.07360780567296
2024-12-30 17:43:26.327523,85.52480819716392,77.59273455331035
2024-12-30 17:43:26.327529,41.96696177126853,14.892301455976742
2024-12-30 17:43:26.327537,55.75365659880691,28.98702955873872
2024-12-30 17:43:26.327544,26.573310962839447,7.450902390449199
2024-12-30 17:43:26.327549,94.03021310889194,44.56605800753363
2024-12-30 17:43:26.327555,47.89868765614925,62.846260877308865
2024-12-30 17:43:26.327561,30.343240616885925,61.06371917471057
2024-12-30 17:43:26.327567,83.0200462819931,52.05969754262041
2024-12-30 17:43:26.327572,52.5143719471292,62.952125260309224
2024-12-30 17:43:26.327578,95.49298027119694,10.259286738971785
2024-12-30 17:43:26.327587,70.44644021594641,43.17488220098442
2024-12-30 17:43:26.327594,38.82012400483813,74.12560636234988
2024-12-30 17:43:26.327599,45.32417250033068,30.825911421015086
2024-12-30 17:43:26.327605,45.81777670185894,24.484833402568384
2024-12-30 17:43:26.327611,52.064536707817055,54.22350990587647
2024-12-30 17:43:26.327616,74.76159781408526,72.51707990052282
2024-12-30 17:43:26.327622,69.11521754322678,65.06754947132907
2024-12-30 17:43:26.327628,29.745808172875766,71.69653965125534
2024-12-30 17:43:26.327634,68.1923834687435,4.582495510454265
2024-12-30 17:43:26.327639,56.613373359779885,89.85218740259255
2024-12-30 17:43:26.327645,12.007512564194034,0.6222264607213424
2024-12-30 17:43:26.327651,54.18897709314546,79.49302829504046
2024-12-30 17:43:26.327656,7.358454134822745,69.6138598673268
2024-12-30 17:43:26.327662,34.31764341552531,18.36892072621482
2024-12-30 17:43:26.327669,97.21036040571892,49.0007657780769
2024-12-30 17:43:26.327682,78.2250727986059,96.23043538504113
2024-12-30 17:43:26.327698,49.68544043907656,93.17212573301752
2024-12-30 17:43:26.327709,24.48194055100562,8.748586600393537
2024-12-30 17:43:26.327719,7.238448867693448,93.03498151778766
2024-12-30 17:43:26.327728,39.04281549274832,94.90890766536313
2024-12-30 17:43:26.327734,3.0453656711239563,41.80547449982649
2024-12-30 17:43:26.327740,86.99845430834631,24.100920113025293
2024-12-30 17:43:26.327745,83.64273911126655,21.76864559821877
2024-12-30 17:43:26.327751,87.14518027496011,71.33565910233408
2024-12-30 17:43:26.327757,82.51415072483356,6.511278821050903
2024-12-30 17:43:26.327762,44.562215336228995,68.57152985258634
2024-12-30 17:43:26.327768,34.55438743957995,9.788557546444054
2024-12-30 17:43:26.327773,87.95676627903501,41.92545464085836
2024-12-30 17:43:26.327779,31.195416357043225,71.88896530685429
2024-12-30 17:43:26.327785,28.406757467363498,45.77320102805281
2024-12-30 17:43:26.327790,58.29734064121269,62.99201051604493
2024-12-30 17:43:26.327796,87.82295948668643,26.0777059623576
2024-12-30 17:43:26.327801,75.75284754165574,35.257958129727584
2024-12-30 17:43:26.327807,59.36500725554836,33.32778079186867
2024-12-30 17:43:26.327813,80.36232458474495,97.49889423368326
2024-12-30 17:43:26.327818,24.389511866702918,96.60549616355453
2024-12-30 17:43:26.327824,73.25666496413864,75.07159444644758
2024-12-30 17:43:26.327830,91.91084625769938,0.2828477517252681
2024-12-30 17:43:26.327838,88.77016296685225,97.90037360597226
2024-12-30 17:43:26.327844,26.001858126573584,38.62295937609422
2024-12-30 17:43:26.327850,61.862971116130126,97.14528898705149
2024-12-30 17:43:26.327856,57.48679224071977,53.611599242114806
2024-12-30 17:43:26.327862,4.433714412732003,79.7280812355877
2024-12-30 17:43:26.327868,4.752402177755166,73.38848176266298
2024-12-30 17:43:26.327873,10.448009851340723,19.009955787426524
2024-12-30 17:43:26.327879,65.13582511781728,19.507572761538693
2024-12-30 17:43:26.327884,83.25314450404662,72.06896033109331
2024-12-30 17:43:26.327890,44.21010294140352,33.24981445648807
2024-12-30 17:43:26.327896,11.565719529666374,53.96631877508812
2024-12-30 17:43:26.327904,88.43071456371008,95.579251991964
2024-12-30 17:43:26.327910,27.271492546182287,85.17971481285495
2024-12-30 17:43:26.327915,2.5451918872505086,42.88672907410065
2024-12-30 17:43:26.327921,10.387962770041614,8.33000627165048
2024-12-30 17:43:26.327927,75.6082997479626,83.29907799078194
2024-12-30 17:43:26.327932,69.24075502334736,76.02994876575497
2024-12-30 17:43:26.327938,75.98293084128122,4.654385947932282
2024-12-30 17:43:26.327943,66.95910680657006,1.605927320709033
2024-12-30 17:43:26.327949,10.997285703668302,3.6223586270238473
2024-12-30 17:43:26.327955,1.1243952350354358,27.76487834583854
2024-12-30 17:43:26.327960,28.034926923630575,87.28267642966591
2024-12-30 17:43:26.327966,76.7506683008907,23.50794742600304
2024-12-30 17:43:26.327973,89.59774349497236,20.36105668758855
2024-12-30 17:43:26.327979,89.1904331796109,3.2620433817541428
2024-12-30 17:43:26.327988,1.524623578350559,59.59292639863351
2024-12-30 17:43:26.327994,57.10890351099736,63.702245712137206
2024-12-30 17:43:26.327999,93.72076289473071,83.08184714687677
2024-12-30 17:43:26.328007,84.09499620908153,36.10334593379131
2024-12-30 17:43:26.328013,55.73430884671423,5.593273943373189
2024-12-30 17:43:26.328018,28.44533036346033,9.246795621856464
2024-12-30 17:43:26.328024,0.47632643757844484,19.93420512149875
2024-12-30 17:43:26.328030,99.35698643066081,92.47340374558426
2024-12-30 17:43:26.328035,37.31418164836961,3.1275073636809814
2024-12-30 17:43:26.328041,19.645232955211934,93.26613816976922
2024-12-30 17:43:26.328047,78.8874222048581,50.33010638210218
2024-12-30 17:43:26.328052,20.743428517827933,25.278210835936775
2024-12-30 17:43:26.328058,74.90495421258511,1.9339621359041659
2024-12-30 17:43:26.328063,90.58468898144248,18.438160761816825
2024-12-30 17:43:26.328069,42.79407126532654,37.911016361244485
2024-12-30 17:43:26.328075,65.40422435066057,2.9083293753721207
2024-12-30 17:43:26.328080,11.227874579188823,29.267712984127048
2024-12-30 17:43:26.328086,15.22893005375241,63.943254564361006
2024-12-30 17:43:26.328091,41.26377011261639,81.06209203478292
2024-12-30 17:43:26.328097,18.27131458031025,75.31519937829631
2024-12-30 17:43:26.328103,20.691723683832354,85.4432527663694
2024-12-30 17:43:26.328110,87.00726479834393,94.90070534331356
2024-12-30 17:43:26.328116,57.476883390364165,88.8852810031855
2024-12-30 17:43:26.328122,19.72541365454631,83.90870495821477
2024-12-30 17:43:26.328128,7.040179025625449,50.86575700346636
2024-12-30 17:43:26.328133,31.290920025910108,29.713911206899123
2024-12-30 17:43:26.328139,14.081055072365533,55.52864075131669
2024-12-30 17:43:26.328144,9.763788082821446,76.1010598345753
2024-12-30 17:43:26.328150,0.10881936951965265,57.371152013593765
2024-12-30 17:43:26.328155,95.96292648575414,93.86999628196887
2024-12-30 17:43:26.328161,76.66605043104843,31.7891656744291
2024-12-30 17:43:26.328167,32.421167796009044,54.404956624449696
2024-12-30 17:43:26.328172,3.6194783391357954,15.497667867821473
2024-12-30 17:43:26.328178,80.72690723239718,78.03462298456878
2024-12-30 17:43:26.328183,87.47590092160755,55.18253197626976
2024-12-30 17:43:26.328189,2.0409742665861597,12.710365009449953
2024-12-30 17:43:26.328194,9.073553764068986,70.49477440971857
2024-12-30 17:43:26.328200,16.286883837636157,1.244315028304177
2024-12-30 17:43:26.328205,9.938337404852128,40.21512842494026
2024-12-30 17:43:26.328211,45.010709341165686,14.950440437027668
2024-12-30 17:43:26.328216,14.08892817666696,1.3487689786483292
2024-12-30 17:43:26.328222,64.31272155174959,40.442674719383135
2024-12-30 17:43:26.328227,30.248166091468487,60.826357475955874
2024-12-30 17:43:26.328233,69.49099622527248,36.23863716142418
2024-12-30 17:43:26.328241,69.81682453095068,94.37774106060573
2024-12-30 17:43:26.328247,6.862273485161485,48.60305221956608
2024-12-30 17:43:26.328252,6.0446390942473505,10.717331090774529
2024-12-30 17:43:26.328258,62.004162429670984,29.785503180042305
2024-12-30 17:43:26.328264,42.02451512658776,21.580983612840043
2024-12-30 17:43:26.328271,52.56853333846041,76.99447449709733
2024-12-30 17:43:26.328277,40.82097243197488,35.054090471772795
2024-12-30 17:43:26.328283,39.312068933113174,37.17057707282113
2024-12-30 17:43:26.328288,83.69803651902926,30.11737905622348
2024-12-30 17:43:26.328296,60.971029680563795,34.833225312282444
2024-12-30 17:43:26.328302,17.634953356830408,97.477589405974
2024-12-30 17:43:26.328307,32.924736397906884,38.1387584233943
2024-12-30 17:43:26.328313,1.088347504758258,29.889197651069853
2024-12-30 17:43:26.328319,21.188573887275098,83.18975553158778
2024-12-30 17:43:26.328324,4.153476527558009,57.419434392965755
2024-12-30 17:43:26.328330,11.745100262152054,83.98055075732877
2024-12-30 17:43:26.328335,32.60706318548778,2.0503798901258086
2024-12-30 17:43:26.328341,66.05877574784026,16.36927035952125
2024-12-30 17:43:26.328346,40.40540212059574,37.1422342365221
2024-12-30 17:43:26.328354,26.036889656835495,64.69046417270252
2024-12-30 17:43:26.328360,65.71152360034475,98.13266167106988
2024-12-30 17:43:26.328366,88.40004541706887,72.50642589107836
2024-12-30 17:43:26.328371,44.011042508916574,69.90455080799445
2024-12-30 17:43:26.328379,9.026368137100116,87.88865106813584
2024-12-30 17:43:26.328385,29.617596508045473,99.27745802337556
2024-12-30 17:43:26.328391,17.569352009710915,55.78930276341277
2024-12-30 17:43:26.328396,71.37190980035277,14.133295147971658
2024-12-30 17:43:26.328402,2.24963272813381,28.01695677525099
2024-12-30 17:43:26.328408,11.162521374884282,33.762408974007585
2024-12-30 17:43:26.328413,22.782666669786533,87.94107864200087
2024-12-30 17:43:26.328419,64.16622363226624,40.77809334023665
2024-12-30 17:43:26.328424,3.582791904439764,10.349110942187378
2024-12-30 17:43:26.328430,53.27527205510669,40.41317208721817
2024-12-30 17:43:26.328435,50.448233508943254,99.08539832238881
2024-12-30 17:43:26.328441,82.59726634072571,6.701153168843643
2024-12-30 17:43:26.328446,50.22823855499071,83.32747265508698
2024-12-30 17:43:26.328452,85.29686373221537,58.35696397049386
2024-12-30 17:43:26.328457,23.7011394265082,61.93849168058535
2024-12-30 17:43:26.328464,61.387800429111614,89.26718738400041
2024-12-30 17:43:26.328469,53.121060735131195,93.87522787035601
2024-12-30 17:43:26.328475,17.007909138096444,97.08600760384527
2024-12-30 17:43:26.328480,43.562462122527826,40.486719876319164
2024-12-30 17:43:26.328486,96.8991375500014,33.70298090814767
2024-12-30 17:43:26.328492,99.58265847337414,74.68761900956049
2024-12-30 17:43:26.328497,22.617134819168918,18.221348848987574
2024-12-30 17:43:26.328503,63.529487998009536,80.17966037772052
2024-12-30 17:43:26.328510,70.77489804624807,27.433568002391173
2024-12-30 17:43:26.328516,16.351113501882896,14.66657995103674
2024-12-30 17:43:26.328522,93.55522097269842,77.91296574328543
2024-12-30 17:43:26.328527,74.45511123884383,33.51485831499809
2024-12-30 17:43:26.328533,19.183601011171735,46.720420402615225
2024-12-30 17:43:26.328538,69.36041140968776,53.775578300330494
2024-12-30 17:43:26.328544,67.3567183306756,56.74207782663828
2024-12-30 17:43:26.328549,93.58076641016778,93.27977082471519
2024-12-30 17:43:26.328555,88.77323832833328,68.26561740769573
2024-12-30 17:43:26.328560,53.38503339363109,66.03329296904327
2024-12-30 17:43:26.328566,25.85613347521444,16.40255111617912
2024-12-30 17:43:26.328572,83.67552960843767,97.65743199702868
2024-12-30 17:43:26.328577,91.47504139071287,76.31415114105144
2024-12-30 17:43:26.328585,79.65057787237919,40.560197180252125
2024-12-30 17:43:26.328591,69.17767252473477,80.67840501806513
2024-12-30 17:43:26.328597,81.35271802004826,75.06612167060989
2024-12-30 17:43:26.328602,72.53874947448159,89.86563638258369
2024-12-30 17:43:26.328608,87.01371986611497,18.744866878729994
2024-12-30 17:43:26.328614,83.08607082593335,85.51201861744485
2024-12-30 17:43:26.328619,39.51031749248449,30.630105498841043
2024-12-30 17:43:26.328625,79.18570582806842,2.733184137842648
2024-12-30 17:43:26.328630,25.71502333181912,39.91195391874148
2024-12-30 17:43:26.328638,30.22164993109877,77.62467597805576
2024-12-30 17:43:26.328646,34.74500201695208,73.66318467661846
2024-12-30 17:43:26.328652,59.00845444493277,3.9647670281765857
2024-12-30 17:43:26.328658,2.527604666669059,39.503580523661675
2024-12-30 17:43:26.328663,89.63527454350074,80.1705724546109
2024-12-30 17:43:26.328669,68.44771620962482,15.904958331318175
2024-12-30 17:43:26.328674,38.14124930266032,82.74491198740367
2024-12-30 17:43:26.328680,98.04930839329292,56.05283543267472
2024-12-30 17:43:26.328685,37.4672314503149,52.461533505245065
2024-12-30 17:43:26.328691,45.02559006003276,65.99923048771478
2024-12-30 17:43:26.328696,14.085068877764817,4.720952392104049
2024-12-30 17:43:26.328702,79.72509570440704,86.22616623379247
2024-12-30 17:43:26.328707,78.37629967300195,70.24325971886196
2024-12-30 17:43:26.328713,5.221715857561005,14.620831748957041
2024-12-30 17:43:26.328721,89.82344648657336,49.09676408308271
2024-12-30 17:43:26.328726,69.51183675340599,21.10999245915748
2024-12-30 17:43:26.328732,59.69087881905876,25.531196346230832
2024-12-30 17:43:26.328738,6.644034440825908,30.065184384123135
2024-12-30 17:43:26.328743,92.27091574166684,86.29321981685966
2024-12-30 17:43:26.328749,80.94658258552404,88.3034594364868
2024-12-30 17:43:26.328754,53.32826402900383,67.6960968218573
2024-12-30 17:43:26.328760,67.58795397423066,81.13035296085849
2024-12-30 17:43:26.328765,2.7140858544790536,10.384952525051993
2024-12-30 17:43:26.328771,59.43324552664214,75.08592680920242
2024-12-30 17:43:26.328778,72.185046531176,95.00818519487778
2024-12-30 17:43:26.328784,99.06947291716139,94.11261494753953
2024-12-30 17:43:26.328790,91.15801215670722,26.863050632326345
2024-12-30 17:43:26.328795,14.800089226409764,59.06877795144572
2024-12-30 17:43:26.328801,3.487940451677096,1.2254184346295438
2024-12-30 17:43:26.328807,77.46663966564017,38.07922885172814
2024-12-30 17:43:26.328812,80.54750052309446,67.87427853731349
2024-12-30 17:43:26.328818,77.90712702079516,11.058146325469497
2024-12-30 17:43:26.328824,46.673680753889656,44.30323155185422
2024-12-30 17:43:26.328829,35.44245440666454,22.21265544540767
2024-12-30 17:43:26.328835,52.45727308620801,6.939615217393746
2024-12-30 17:43:26.328840,98.04619751382279,75.29580580493132
2024-12-30 17:43:26.328846,27.627154404182676,91.16566148776658
2024-12-30 17:43:26.328851,42.54029877049518,17.33258454944312
2024-12-30 17:43:26.328857,27.7254350866149,6.7044206658866905
2024-12-30 17:43:26.328862,83.02065057868762,17.290357388716913
2024-12-30 17:43:26.328868,96.65030344348833,61.48941539744711
2024-12-30 17:43:26.328875,84.18798557275568,44.82561006999538
2024-12-30 17:43:26.328881,89.39947414150421,13.13692670289075
2024-12-30 17:43:26.328887,48.12187155914969,36.94768389528189
2024-12-30 17:43:26.328893,40.223730934128824,97.91456196761081
2024-12-30 17:43:26.328898,68.81774038395449,81.66497409981325
2024-12-30 17:43:26.328904,6.912803923013033,44.740290489266755
2024-12-30 17:43:26.328911,10.225568062262747,61.951786567183284
2024-12-30 17:43:26.328917,6.031362490687664,45.559429895016045
2024-12-30 17:43:26.328923,74.93962030857716,90.7313150252941
2024-12-30 17:43:26.328929,37.43027993679395,94.08035953757812
2024-12-30 17:43:26.328934,74.88300709275524,40.151990469349464
2024-12-30 17:43:26.328954,54.14370991706594,55.892667063240644
2024-12-30 17:43:26.328959,1.3208093545530097,70.82290633038889
2024-12-30 17:43:26.328964,29.098069546097506,35.37955201469357
2024-12-30 17:43:26.328970,72.52349614786714,19.71967570589881
2024-12-30 17:43:26.328975,3.5810579796483277,37.663480823681084
2024-12-30 17:43:26.328981,50.40748202146085,66.42346905397847
2024-12-30 17:43:26.328986,76.90668593503358,42.30105414009462
2024-12-30 17:43:26.328991,41.67101684304063,54.19871389390464
2024-12-30 17:43:26.328997,58.086387111245145,25.090189672175722
2024-12-30 17:43:26.329002,10.065896366313787,83.29917588756793
2024-12-30 17:43:26.329008,51.77452180853014,76.23181192113921
2024-12-30 17:43:26.329015,25.25998661774661,78.35491600435579
2024-12-30 17:43:26.329021,66.99829835276324,69.83663117633242
2024-12-30 17:43:26.329027,23.01997378546905,26.307737598880898
2024-12-30 17:43:26.329032,19.067586833284956,57.053496774565005
2024-12-30 17:43:26.329037,96.74371573541406,71.62467706898077
2024-12-30 17:43:26.329043,7.449297517301446,96.3510294157178
2024-12-30 17:43:26.329048,11.065789508759028,98.78192556083091
2024-12-30 17:43:26.329056,5.17788718429093,33.37382612976736
2024-12-30 17:43:26.329062,90.95991796350802,71.74428353598702
2024-12-30 17:43:26.329067,97.71285235366275,37.694711781842685
2024-12-30 17:43:26.329073,68.86764815009663,80.02734033282593
2024-12-30 17:43:26.329078,38.34328833381875,66.98906576873425
2024-12-30 17:43:26.329084,47.134860296523186,9.501934910045728
2024-12-30 17:43:26.329089,3.766828724666005,2.918294491353224
2024-12-30 17:43:26.329097,21.76049581883236,3.6017113886174346
2024-12-30 17:43:26.329102,32.219689686983145,18.009661310295144
2024-12-30 17:43:26.329108,97.77714836289606,1.5223111867470718
2024-12-30 17:43:26.329113,48.84526089865161,64.76257033746903
2024-12-30 17:43:26.329118,21.038067083414337,64.27061105923238
2024-12-30 17:43:26.329124,83.2612248945405,11.219047777079682
2024-12-30 17:43:26.329129,29.97306164414968,6.415789003335037
2024-12-30 17:43:26.329135,77.52512357325064,54.278886383809876
2024-12-30 17:43:26.329140,30.205876499880524,77.64319611431182
2024-12-30 17:43:26.329145,77.92845527753336,31.173096536298516
2024-12-30 17:43:26.329151,41.56438442003978,44.082222231645375
2024-12-30 17:43:26.329156,34.18485063381149,37.906104817835754
2024-12-30 17:43:26.329162,74.06088766612882,75.85551204305911
2024-12-30 17:43:26.329167,22.33748644248166,43.65260710952392
2024-12-30 17:43:26.329174,36.98547777728872,45.1223740848789
2024-12-30 17:43:26.329180,31.30394689063516,10.614506412987657
2024-12-30 17:43:26.329188,35.27943471196987,45.928712137877866
2024-12-30 17:43:26.329193,3.5653982147476726,23.426348530194254
2024-12-30 17:43:26.329199,10.346815737361181,49.56743367025837
2024-12-30 17:43:26.329204,59.039423133408455,3.1640161796695376
2024-12-30 17:43:26.329210,98.08020013281491,39.66288409463626
2024-12-30 17:43:26.329215,65.13346201642169,76.8763294511323
2024-12-30 17:43:26.329221,98.56607217440452,44.54275788147577
2024-12-30 17:43:26.329226,88.31048383378885,94.10915905169176
2024-12-30 17:43:26.329232,61.49247904743626,20.297596839249334
2024-12-30 17:43:26.329237,40.02495677838078,55.35690646192505
2024-12-30 17:43:26.329242,82.1055702007036,98.88356662173041
2024-12-30 17:43:26.329248,49.09126118755185,10.764474327131357
2024-12-30 17:43:26.329254,83.80009862025341,59.4220668670836
2024-12-30 17:43:26.329259,52.13131206315972,80.76973486772616
2024-12-30 17:43:26.329264,69.48991352639025,89.94063928865707
2024-12-30 17:43:26.329270,34.156029237338984,68.57289667987439
2024-12-30 17:43:26.329275,21.4774617620875,34.93152815222588
2024-12-30 17:43:26.329281,30.944413126379956,12.137859188048205
2024-12-30 17:43:26.329286,64.22948771107627,53.054142836446616
2024-12-30 17:43:26.329291,71.2329891632469,80.30877057470211
2024-12-30 17:43:26.329297,37.957209185945686,64.92967167832869
2024-12-30 17:43:26.329302,66.267182814265,56.54029242995716
2024-12-30 17:43:26.329308,69.3217598511627,3.7876193817000248
2024-12-30 17:43:26.329315,81.94207470152554,1.9047951343236336
2024-12-30 17:43:26.329321,70.00538417591216,40.0236657359663
2024-12-30 17:43:26.329327,75.94725432421659,32.97104305523836
2024-12-30 17:43:26.329332,32.08098357965233,8.670771986454062
2024-12-30 17:43:26.329337,28.9359849021699,21.388087165318215
2024-12-30 17:43:26.329343,77.1191200305268,40.873292126896565
2024-12-30 17:43:26.329348,91.1154113115931,32.49211759090298
2024-12-30 17:43:26.329354,55.61514203715493,23.170274683721793
2024-12-30 17:43:26.329359,89.34875399043413,12.017691442989554
2024-12-30 17:43:26.329364,99.1018175530167,44.5271981464712
2024-12-30 17:43:26.329373,6.24013390425715,13.10372154040137
2024-12-30 17:43:26.329379,79.0298548022482,2.5933332873386505
2024-12-30 17:43:26.329384,36.00882257080495,74.03089925657137
2024-12-30 17:43:26.329390,8.712891309660431,85.79105242253856
2024-12-30 17:43:26.329395,41.12701993880972,28.53813459180985
2024-12-30 17:43:26.329401,28.29320769456558,13.365810461834638
2024-12-30 17:43:26.329406,56.60574502488994,86.03139475299803
2024-12-30 17:43:26.329412,81.7625560138205,2.718104804178789
2024-12-30 17:43:26.329417,77.77247907957431,41.89788234017674
2024-12-30 17:43:26.329423,61.49300918213901,76.13571799612234
2024-12-30 17:43:26.329428,99.35563455324473,43.06368369922274
2024-12-30 17:43:26.329434,61.57041740645446,89.40531625140167
2024-12-30 17:43:26.329440,83.17408474101747,64.59894568289232
2024-12-30 17:43:26.329447,60.582727055665146,63.60360047322091
2024-12-30 17:43:26.329455,17.82520243415742,35.491000552594045
2024-12-30 17:43:26.329463,64.72353501273302,93.90988583028353
2024-12-30 17:43:26.329469,72.42737265396234,77.895488125602
2024-12-30 17:43:26.329474,13.933096008959522,69.8753641571145
2024-12-30 17:43:26.329480,90.2053926643481,40.059992882149366
2024-12-30 17:43:26.329485,93.16813526829276,3.578341572557653
2024-12-30 17:43:26.329491,48.59908154932479,94.58569726060186
2024-12-30 17:43:26.329497,37.84962001665208,59.56829872171253
2024-12-30 17:43:26.329502,48.093458820933975,45.317357162325834
2024-12-30 17:43:26.329508,38.18191900035429,52.03903582403143
2024-12-30 17:43:26.329515,38.28618111616817,88.68125124591822
2024-12-30 17:43:26.329520,57.3564712609426,40.32146299505999
2024-12-30 17:43:26.329526,6.91902054596627,15.554667090740127
2024-12-30 17:43:26.329531,55.10416356281714,6.121507607902165
2024-12-30 17:43:26.329537,61.4332679355625,76.85556484632139
2024-12-30 17:43:26.329543,70.0009965210669,10.446024341051153
2024-12-30 17:43:26.329548,2.0950385450116626,41.15886558706989
2024-12-30 17:43:26.329553,81.06239034281393,53.86151687666365
2024-12-30 17:43:26.329559,92.77297763367537,46.74040669449159
2024-12-30 17:43:26.329565,61.96469891283235,34.27152090643138
2024-12-30 17:43:26.329570,14.888075348636253,69.18424991809312
2024-12-30 17:43:26.329575,14.66574505834204,66.11754828829065
2024-12-30 17:43:26.329583,95.58513252125103,15.763706812108913
2024-12-30 17:43:26.329589,76.85420115934517,94.21639460939481
2024-12-30 17:43:26.329595,32.62811403917194,30.60491199893708
2024-12-30 17:43:26.329601,64.2371277148209,68.85171875847428
2024-12-30 17:43:26.329606,89.09094159616934,71.3413584925545
2024-12-30 17:43:26.329612,92.3553342526511,72.85763779675857
2024-12-30 17:43:26.329617,43.50251520848306,36.441867691098736
2024-12-30 17:43:26.329623,96.81696755402078,48.20849869450077
2024-12-30 17:43:26.329628,35.03537361081214,36.20719531211859
2024-12-30 17:43:26.329633,71.40102772066913,99.53291963220745
2024-12-30 17:43:26.329639,21.311548577786166,67.1328471044082
2024-12-30 17:43:26.329644,46.30681652069979,45.5283237406621
2024-12-30 17:43:26.329650,45.87716437709627,9.403269914235269
2024-12-30 17:43:26.329655,67.17500909476945,50.88855135147603
2024-12-30 17:43:26.329661,32.35978981769726,75.45349466037746
2024-12-30 17:43:26.329667,28.474923553545494,65.51347268766816
2024-12-30 17:43:26.329673,26.61892944847828,79.79586880073687
2024-12-30 17:43:26.329678,58.68658006700373,87.53429922712932
2024-12-30 17:43:26.329684,72.71645769169778,24.398918894263876
2024-12-30 17:43:26.329690,39.16208752923283,16.684641201241313
2024-12-30 17:43:26.329695,10.945724143353008,93.48492278071949
2024-12-30 17:43:26.329701,3.6892628214277856,64.80703025771751
2024-12-30 17:43:26.329706,78.74462863141306,13.25032079414803
2024-12-30 17:43:26.329714,73.09343955501969,94.1523000970012
2024-12-30 17:43:26.329720,83.46303519517382,7.000792381335641
2024-12-30 17:43:26.329725,76.96790551332779,18.04919865024187
2024-12-30 17:43:26.329731,3.863615260491149,34.873830000976426
2024-12-30 17:43:26.329739,92.4084377267341,60.324803657017966
2024-12-30 17:43:26.329745,80.87058715604226,71.38768473293989
2024-12-30 17:43:26.329752,97.00759982584475,37.31646979404077
2024-12-30 17:43:26.329758,0.8403901474383968,8.956973475245466
2024-12-30 17:43:26.329764,4.81557449336969,31.619974539643113
2024-12-30 17:43:26.329770,42.86702959095643,20.357339870817427
2024-12-30 17:43:26.329775,84.60088722456146,83.41781034828657
2024-12-30 17:43:26.329781,39.86035727963443,96.79539049777969
2024-12-30 17:43:26.329786,37.424689104063745,34.40975648500023
2024-12-30 17:43:26.329792,12.076870806942653,1.2543867343821735
2024-12-30 17:43:26.329798,23.240986119957785,23.693152541807404
2024-12-30 17:43:26.329803,17.97740063900012,55.86951565378474
2024-12-30 17:43:26.329809,57.73802737595361,18.4807844016578
2024-12-30 17:43:26.329815,31.046444459875243,3.310663768115507
2024-12-30 17:43:26.329824,61.188599975024204,84.63081742276069
2024-12-30 17:43:26.329829,57.61637116641787,16.72243282072847
2024-12-30 17:43:26.329835,76.14319677808294,92.75041488583908
2024-12-30 17:43:26.329840,58.956086635427255,13.310383897242728
2024-12-30 17:43:26.329846,12.807100605372169,24.29100076129026
2024-12-30 17:43:26.329854,22.74755487210437,42.74653906402628
2024-12-30 17:43:26.329860,24.703842457132453,77.20363968495123
2024-12-30 17:43:26.329866,47.73226369651991,77.81342578684817
2024-12-30 17:43:26.329872,36.17348341565062,60.282109011891094
2024-12-30 17:43:26.329877,23.268557706317672,84.97997002649151
2024-12-30 17:43:26.329883,53.869746557044664,67.08117589339979
2024-12-30 17:43:26.329888,13.41443971691183,98.67396268554515
2024-12-30 17:43:26.329894,82.40212838917729,29.46601414037002
2024-12-30 17:43:26.329899,5.592659595925942,63.35166971639325
2024-12-30 17:43:26.329905,35.08427576045121,77.26545465626408
2024-12-30 17:43:26.329910,6.20905736286862,49.487056677950946
2024-12-30 17:43:26.329916,1.1396100555759459,35.03855422035696
2024-12-30 17:43:26.329921,67.77538757515205,12.861041196358114
2024-12-30 17:43:26.329926,91.2908582911296,70.00625720137977
2024-12-30 17:43:26.329932,15.439110668502076,3.4118311232307796
2024-12-30 17:43:26.329937,60.27728874895688,30.456170593311626
2024-12-30 17:43:26.329943,53.25067213595103,82.44591634908323
2024-12-30 17:43:26.329948,21.270623771969134,23.236387777404165
2024-12-30 17:43:26.329954,58.98501604403067,19.358237212872677
2024-12-30 17:43:26.329959,0.0871177501420406,28.278225206897044
2024-12-30 17:43:26.329965,80.28988391320722,14.962168437965161
2024-12-30 17:43:26.329970,16.186417485497827,22.82869753858051
2024-12-30 17:43:26.329976,71.00514654714084,66.76151830020633
2024-12-30 17:43:26.329983,51.65360834773841,55.905227148986405
2024-12-30 17:43:26.329989,83.43643208677902,42.02472715057621
2024-12-30 17:43:26.329995,65.28116683864282,3.8512765358196477
2024-12-30 17:43:26.330000,25.266515414142965,43.249168491434
2024-12-30 17:43:26.330006,66.98562942541024,80.81612815249372
2024-12-30 17:43:26.330011,94.71151001295748,89.24683136880844
2024-12-30 17:43:26.330016,27.704273364349618,17.39105440563392
2024-12-30 17:43:26.330022,96.40045334069566,7.399309423156685
2024-12-30 17:43:26.330044,61.74363594618602,28.225412596139755
2024-12-30 17:43:26.330050,54.33420120358494,33.81429834936186
2024-12-30 17:43:26.330057,95.74054873161317,9.179638964465509
2024-12-30 17:43:26.330063,66.70710645344782,75.08163580268489
2024-12-30 17:43:26.330068,60.743064622120755,54.679075974111235
2024-12-30 17:43:26.330074,44.58176345193758,60.798805717815995
2024-12-30 17:43:26.330079,91.57766435172617,97.88500271032878
2024-12-30 17:43:26.330084,30.45667556431184,26.135748557340467
2024-12-30 17:43:26.330090,21.36554459833776,50.59495988366023
2024-12-30 17:43:26.330095,97.63580688393483,41.069610244168175
2024-12-30 17:43:26.330100,6.698869393747165,73.74095966546614
2024-12-30 17:43:26.330106,42.12251989825329,38.753156877379965
2024-12-30 17:43:26.330111,43.68597364338189,20.524737475524603
2024-12-30 17:43:26.330119,65.89312808288248,56.98907766788581
2024-12-30 17:43:26.330125,89.78823125409492,90.70972060049205
2024-12-30 17:43:26.330132,9.581401987781547,59.96135057413529
2024-12-30 17:43:26.330138,68.40882675053471,16.321453606955195
2024-12-30 17:43:26.330143,47.983380319464565,88.42677949742163
2024-12-30 17:43:26.330148,12.945906340281233,14.308081773669102
2024-12-30 17:43:26.330154,22.64320814463242,22.760467164504128
2024-12-30 17:43:26.330159,51.79748495213195,27.27198157609778
2024-12-30 17:43:26.330164,0.9421087277541984,90.12999497400827
2024-12-30 17:43:26.330170,59.43919407661312,29.703192042743197
2024-12-30 17:43:26.330175,62.4388200495922,46.610740126447816
2024-12-30 17:43:26.330180,91.04333512803345,99.5664780098547
2024-12-30 17:43:26.330186,62.686126207926065,96.53435211346252
2024-12-30 17:43:26.330191,41.05299382386581,49.7900475229601
2024-12-30 17:43:26.330198,1.5233027700310653,20.06852659449443
2024-12-30 17:43:26.330204,18.915156573385804,63.56235186617063
2024-12-30 17:43:26.330209,23.310319085271523,7.2474958865274
2024-12-30 17:43:26.330214,64.91671114613783,79.78400961449425
2024-12-30 17:43:26.330220,27.08672246471162,99.90396298025345
2024-12-30 17:43:26.330225,22.434791190877444,19.69656576057004
2024-12-30 17:43:26.330230,38.348299925485485,69.58203606155445
2024-12-30 17:43:26.330236,11.50662317664386,62.66030911026134
2024-12-30 17:43:26.330241,56.4592103657932,45.37857084816353
2024-12-30 17:43:26.330272,13.22623182018855,6.286752424542152
2024-12-30 17:43:26.330286,17.787402825825705,97.77498355487066
2024-12-30 17:43:26.330298,43.38896612814476,7.1529848328236945
2024-12-30 17:43:26.330305,16.05187568774784,97.47660922447876
2024-12-30 17:43:26.330311,99.9365427111578,14.687803266058841
2024-12-30 17:43:26.330317,27.363384137532442,3.09551919263098
2024-12-30 17:43:26.330322,50.093765113677804,0.4142852781159778
2024-12-30 17:43:26.330328,21.094913334371334,74.72210642988051
2024-12-30 17:43:26.330334,20.41426535674111,33.87618849290753
2024-12-30 17:43:26.330339,84.8721350926532,11.729084001017664
2024-12-30 17:43:26.330345,58.01114168699015,75.03354410927855
2024-12-30 17:43:26.330350,86.15779704574254,5.721255095988287
2024-12-30 17:43:26.330356,94.38449454067222,64.47393625149763
2024-12-30 17:43:26.330361,99.46825844626416,10.511582070933379
2024-12-30 17:43:26.330367,44.0094223844276,95.1297242615889
2024-12-30 17:43:26.330373,90.71620928100432,91.88919617866974
2024-12-30 17:43:26.330380,64.86517661345911,68.84126879111304
2024-12-30 17:43:26.330386,14.004423741565219,93.4337340606445
2024-12-30 17:43:26.330392,2.635354197817663,94.39380916320484
2024-12-30 17:43:26.330397,88.12761076012683,49.8112779663919
2024-12-30 17:43:26.330403,18.29486335673134,62.66351795159429
2024-12-30 17:43:26.330408,56.419760741540784,8.831851289415226
2024-12-30 17:43:26.330414,26.451444129079725,28.81961941323754
2024-12-30 17:43:26.330419,10.164288903076757,40.943098893420725
2024-12-30 17:43:26.330425,16.520144831696328,24.58751578072722
2024-12-30 17:43:26.330432,2.0960360518372467,12.503294563607682
2024-12-30 17:43:26.330438,53.82264268596937,79.62558706008235
2024-12-30 17:43:26.330444,57.355275006296594,6.89638241364422
2024-12-30 17:43:26.330449,80.15941299590598,90.20060766464712
2024-12-30 17:43:26.330455,66.10441595456626,83.46470801058538
2024-12-30 17:43:26.330460,10.518142169854293,36.532156031340214
2024-12-30 17:43:26.330466,81.16378749673913,52.883596924352275
2024-12-30 17:43:26.330471,26.624072112322395,99.06140895072436
2024-12-30 17:43:26.330477,96.3837392072645,0.519559831453964
2024-12-30 17:43:26.330482,18.008277073568056,74.01866858712661
2024-12-30 17:43:26.330487,4.5328878324675586,80.47097675226283
2024-12-30 17:43:26.330493,99.66021375765187,13.850759567460747
2024-12-30 17:43:26.330498,87.46205115861417,32.23260353018447
2024-12-30 17:43:26.330504,51.188815864755114,51.89585066711517
2024-12-30 17:43:26.330509,76.06271834754692,72.31277315828224
2024-12-30 17:43:26.330518,33.89790972548157,83.53903949639356
2024-12-30 17:43:26.330524,35.0030006786341,91.38332391598905
2024-12-30 17:43:26.330529,81.98605977260532,75.84557832332428
2024-12-30 17:43:26.330535,42.00564383171071,72.7647269598559
2024-12-30 17:43:26.330541,98.57072474016955,45.575202222684844
2024-12-30 17:43:26.330546,50.04222650500336,95.04852734380383
2024-12-30 17:43:26.330552,62.25229050350085,8.722208288363476
2024-12-30 17:43:26.330557,82.59981326091709,78.60283150246539
2024-12-30 17:43:26.330565,20.70820479270221,1.3286125733588228
2024-12-30 17:43:26.330571,47.499585774697486,19.888573692794598
2024-12-30 17:43:26.330576,83.92765505518697,97.8551386864916
2024-12-30 17:43:26.330582,48.07626314248628,19.583730402195453
2024-12-30 17:43:26.330587,10.370346655152318,89.44311323943094
2024-12-30 17:43:26.330593,64.12005122355461,30.37744422501084
2024-12-30 17:43:26.330601,6.879787581065344,74.37819707186466
2024-12-30 17:43:26.330607,87.99727841737575,0.362056404651534
2024-12-30 17:43:26.330612,60.167861490952134,77.97556192574409
2024-12-30 17:43:26.330618,42.269987037140886,84.22615909140679
2024-12-30 17:43:26.330623,22.391787628690686,49.26953009540927
2024-12-30 17:43:26.330629,83.3062772448526,3.2220240590280946
2024-12-30 17:43:26.330634,61.77297788630837,24.571962455653463
2024-12-30 17:43:26.330640,67.09234356828601,79.8676737838135
2024-12-30 17:43:26.330645,31.779434837099828,66.94998924150578
2024-12-30 17:43:26.330651,10.631674212599895,39.66894759838064
2024-12-30 17:43:26.330656,87.99822262028525,82.44095621355127
2024-12-30 17:43:26.330662,30.410423908665095,65.08528912701776
2024-12-30 17:43:26.330669,8.271137025737406,81.67673123723577
2024-12-30 17:43:26.330675,51.74316974495123,77.43046929262701
2024-12-30 17:43:26.330681,3.931213162853897,27.24003105298072
2024-12-30 17:43:26.330686,26.436707228122557,4.994527127927839
2024-12-30 17:43:26.330692,8.14278858632509,0.6618593572368714
2024-12-30 17:43:26.330699,65.19969715861849,89.81301337933675
2024-12-30 17:43:26.330705,90.80501355788255,1.9203492513531262
2024-12-30 17:43:26.330711,88.22439871223989,35.307408602366344
2024-12-30 17:43:26.330716,56.35404056462203,25.620810717041532
2024-12-30 17:43:26.330722,0.3240508668882147,57.9817343144793
2024-12-30 17:43:26.330727,46.55218161902369,19.136467532730663
2024-12-30 17:43:26.330733,15.268820981847874,76.41873993339313
2024-12-30 17:43:26.330738,1.7314480258030507,24.26861081314583
2024-12-30 17:43:26.330744,26.33942928286682,99.36259262350143
2024-12-30 17:43:26.330749,90.60639163050534,6.7571385466484335
2024-12-30 17:43:26.330755,1.7722642550341283,2.2005737254592206
2024-12-30 17:43:26.330760,49.74507706701786,89.07417235165713
2024-12-30 17:43:26.330766,25.114604049315247,75.8907966420908
2024-12-30 17:43:26.330771,3.792407656418839,51.96845159199904
2024-12-30 17:43:26.330777,65.92686337613088,10.962413892736201
2024-12-30 17:43:26.330782,54.30540095827582,10.76733105254235
2024-12-30 17:43:26.330788,43.11039734926221,28.535033583805248
2024-12-30 17:43:26.330793,88.20028637542964,82.2447885409784
2024-12-30 17:43:26.330799,2.24026684194113,31.14698076161525
2024-12-30 17:43:26.330804,72.620354479643,4.453559063927248
2024-12-30 17:43:26.330809,51.90588657358523,7.716872257756158
2024-12-30 17:43:26.330815,4.025843473926316,30.127706999691238
2024-12-30 17:43:26.330820,20.38341887161207,8.032764299870598
2024-12-30 17:43:26.330828,15.393392000604166,2.158126022286977
2024-12-30 17:43:26.330834,20.524533676721134,62.57921531397825
2024-12-30 17:43:26.330839,97.29446630108589,71.2051865214609
2024-12-30 17:43:26.330845,75.8567677075896,0.37708717495759103
2024-12-30 17:43:26.330850,62.626191930471684,74.10924671092461
2024-12-30 17:43:26.330856,38.46270466741103,43.518824777862456
2024-12-30 17:43:26.330861,0.2250521947760542,0.8229996881471968
2024-12-30 17:43:26.330867,32.81377135284933,74.7782247964595
2024-12-30 17:43:26.330872,45.7863196267763,9.239235048474171
2024-12-30 17:43:26.330880,18.090822378552197,7.799574633305795
2024-12-30 17:43:26.330887,98.75436521770271,8.325131396764885
2024-12-30 17:43:26.330892,92.50267855812669,74.16421311255539
2024-12-30 17:43:26.330898,18.44777169991122,20.849219708432287
2024-12-30 17:43:26.330903,97.39707375011112,76.93913597000166
2024-12-30 17:43:26.330909,11.582638140492607,21.10749754047073
2024-12-30 17:43:26.330914,17.478562891588666,63.439139938347076
2024-12-30 17:43:26.330920,73.86628282685263,64.9756720180349
2024-12-30 17:43:26.330925,4.213439449154177,90.36031092168652
2024-12-30 17:43:26.330931,57.140505982398295,48.04121067996301
2024-12-30 17:43:26.330936,37.045896868800895,63.28996665607776
2024-12-30 17:43:26.330942,88.65773680351742,78.72282197086471
2024-12-30 17:43:26.330947,38.791694566216485,97.87382370588068
2024-12-30 17:43:26.330963,13.83115482605315,19.085858551620017
2024-12-30 17:43:26.330974,91.09746689680618,20.743531525491278
2024-12-30 17:43:26.330980,47.49270714267989,87.69670405777045
2024-12-30 17:43:26.330986,29.56545477538758,35.41087685915024
2024-12-30 17:43:26.330991,68.73711368778633,94.50387983219495
2024-12-30 17:43:26.330997,17.059333399025945,98.7288164186327
2024-12-30 17:43:26.331002,54.11104754902464,56.42973347348056
2024-12-30 17:43:26.331008,39.14701414811875,28.859141667563325
2024-12-30 17:43:26.331013,45.85519876160424,85.19027421356344
2024-12-30 17:43:26.331018,76.2262201147405,2.657006863042266
2024-12-30 17:43:26.331024,77.06538383228184,95.31709343928007
2024-12-30 17:43:26.331029,48.0896403512586,29.43570336491963
2024-12-30 17:43:26.331035,92.79248227799847,79.47208025858006
2024-12-30 17:43:26.331040,67.41504539964271,66.57825758867557
2024-12-30 17:43:26.331046,44.25677776519017,78.00352458364847
2024-12-30 17:43:26.331051,96.6717942648242,80.61910578848195
2024-12-30 17:43:26.331056,4.2998726387110775,89.30322093827644
2024-12-30 17:43:26.331062,54.805558052460704,10.904439296071633
2024-12-30 17:43:26.331067,11.971727016968325,1.9482575068635044
2024-12-30 17:43:26.331073,25.862716107657093,80.8495651258536
2024-12-30 17:43:26.331078,22.979438944765096,47.7967512471566
2024-12-30 17:43:26.331084,37.07265386225659,85.20843705481899
2024-12-30 17:43:26.331089,99.13489402159146,21.065317744299072
2024-12-30 17:43:26.331094,67.80847960663708,93.8810178770627
2024-12-30 17:43:26.331102,84.58739977954433,50.41392437010095
2024-12-30 17:43:26.331108,41.6014163242158,45.14106730560415
2024-12-30 17:43:26.331113,87.25389104575844,80.55387292419466
2024-12-30 17:43:26.331119,83.12287159871622,28.20970058003485
2024-12-30 17:43:26.331124,55.6065204724554,86.96587221989861
2024-12-30 17:43:26.331130,65.07743696416576,16.859462443741492
2024-12-30 17:43:26.331135,43.296755857132204,85.25418649742019
2024-12-30 17:43:26.331141,24.319980218937687,9.922693426526264
2024-12-30 17:43:26.331146,66.64842648969875,70.87556930094054
2024-12-30 17:43:26.331152,47.2721642791575,64.76132893762878
2024-12-30 17:43:26.331157,74.78419569364489,20.711368884812842
2024-12-30 17:43:26.331163,55.0766273043358,24.770398090389257
2024-12-30 17:43:26.331168,0.7240623228025656,3.3235968287529727
2024-12-30 17:43:26.331174,59.28950128999663,3.2913115187512054
2024-12-30 17:43:26.331179,73.75577919902118,20.802621407862233
2024-12-30 17:43:26.331184,99.64995352159153,72.98859999333925
2024-12-30 17:43:26.331190,72.39823724999489,37.32738445581185
2024-12-30 17:43:26.331195,50.6998899186471,4.669190130627721
2024-12-30 17:43:26.331201,77.68391412952475,14.850343593470539
2024-12-30 17:43:26.331206,63.30614567318368,53.79729262478856
2024-12-30 17:43:26.331212,75.70553854036346,30.028975944247094
2024-12-30 17:43:26.331217,24.63552415100102,70.50698519611234
2024-12-30 17:43:26.331223,51.853632354607406,77.21802446450674
2024-12-30 17:43:26.331231,86.67175337797349,84.00896485715496
2024-12-30 17:43:26.331237,69.675658986185,32.965053337049554
2024-12-30 17:43:26.331242,32.89311965192745,47.289457783444824
2024-12-30 17:43:26.331250,81.96166915698532,85.90386427820211
2024-12-30 17:43:26.331258,42.162404665999254,90.36147571975665
2024-12-30 17:43:26.331264,69.04777264137942,73.53387942604427
2024-12-30 17:43:26.331269,84.65211989384716,0.666205499860506
2024-12-30 17:43:26.331275,97.80444341081649,64.51761519138381
2024-12-30 17:43:26.331280,3.6095665364372143,32.8802816082553
2024-12-30 17:43:26.331286,61.14643250244277,98.4545356873543
2024-12-30 17:43:26.331291,13.991699796321166,71.85192703282168
2024-12-30 17:43:26.331296,18.502968168295276,25.14556447099259
2024-12-30 17:43:26.331302,39.98190890936372,20.842644871705907
2024-12-30 17:43:26.331307,64.36655455805516,58.7723129975019
2024-12-30 17:43:26.331313,36.61215280067783,14.155915831236765
2024-12-30 17:43:26.331318,20.102105707301842,27.370911411916556
2024-12-30 17:43:26.331324,78.58612587253694,21.973542354951693
2024-12-30 17:43:26.331331,79.325963795809,0.30872614122284814
2024-12-30 17:43:26.331337,35.24758058695535,21.88023515150872
2024-12-30 17:43:26.331343,38.573950399520605,73.4555638339966
2024-12-30 17:43:26.331348,10.738382554793013,74.11886831605045
2024-12-30 17:43:26.331353,90.56372352363697,71.60934254680609
2024-12-30 17:43:26.331359,51.60231099771191,23.73160777430914
2024-12-30 17:43:26.331366,34.955764783648476,23.378127757171285
2024-12-30 17:43:26.331372,25.65592646446363,45.0867964926214
2024-12-30 17:43:26.331378,29.240202239869472,11.099295851425628
2024-12-30 17:43:26.331383,67.05440604793637,54.5316288347606
2024-12-30 17:43:26.331389,13.942194259517226,53.47257965689332
2024-12-30 17:43:26.331394,85.88464703331414,20.300790255760003
2024-12-30 17:43:26.331400,8.633066613590689,82.28019617484618
2024-12-30 17:43:26.331405,72.2869046567582,24.03710171876623
2024-12-30 17:43:26.331410,8.551724326078592,13.702812635178386
2024-12-30 17:43:26.331416,84.12129987206166,76.77194980043825
2024-12-30 17:43:26.331421,29.17939033183119,47.81960407248806
2024-12-30 17:43:26.331427,21.56266640365314,52.57318949602521
2024-12-30 17:43:26.331432,45.84161383479244,13.281736658091104
2024-12-30 17:43:26.331437,21.883346862137067,78.48868903857745
2024-12-30 17:43:26.331443,16.81117926025243,92.65621064675598
2024-12-30 17:43:26.331448,44.67568642586062,18.6669767679875
2024-12-30 17:43:26.331454,12.21957856402267,86.31464697138091
2024-12-30 17:43:26.331459,16.02159669912888,66.39673441389266
2024-12-30 17:43:26.331465,22.555631662041232,30.97534604774914
2024-12-30 17:43:26.331470,10.671232640336159,76.43726529942263
2024-12-30 17:43:26.331476,62.00708137339842,2.0227080952290755
2024-12-30 17:43:26.331481,99.70706998086976,1.1645636772106838
2024-12-30 17:43:26.331487,61.67506529317759,30.43231729809882
2024-12-30 17:43:26.331494,29.53915330911222,44.41171308602306
2024-12-30 17:43:26.331500,86.92706784083552,96.44314372211493
2024-12-30 17:43:26.331505,38.413742874622415,92.37560139083946
2024-12-30 17:43:26.331511,13.72653964484256,77.7284230688352
2024-12-30 17:43:26.331516,27.965051149995823,60.367311795425515
2024-12-30 17:43:26.331522,75.9949341475634,83.16510364995199
2024-12-30 17:43:26.331527,63.273195083808986,35.89692761809985
2024-12-30 17:43:26.331535,84.12996682581208,2.4338731859893437
2024-12-30 17:43:26.331540,52.107546416612294,25.844760696184487
2024-12-30 17:43:26.331546,61.92592456255264,77.68177032489592
2024-12-30 17:43:26.331551,11.882735861386562,41.544856862399826
2024-12-30 17:43:26.331556,5.560758693502343,52.70712549450977
2024-12-30 17:43:26.331562,58.85082121588049,78.70914739952741
2024-12-30 17:43:26.331567,80.43602394338899,38.20273309809949
2024-12-30 17:43:26.331573,0.5050927725081089,43.04508561186407
2024-12-30 17:43:26.331578,79.8714417525066,14.791269879864855
2024-12-30 17:43:26.331583,29.20200072876751,29.26418327064628
2024-12-30 17:43:26.331589,68.91660175082082,37.94281178462673
2024-12-30 17:43:26.331594,87.0610314348099,94.38605668299506
2024-12-30 17:43:26.331599,80.8734445102818,74.94431607188949
2024-12-30 17:43:26.331607,95.11422352665643,61.85526244282883
2024-12-30 17:43:26.331613,17.092940529930956,66.60912076414341
2024-12-30 17:43:26.331619,72.26113718199448,24.251337704240594
2024-12-30 17:43:26.331626,37.108091920469136,99.80481148403496
2024-12-30 17:43:26.331632,44.304623512103106,99.79648904784656
2024-12-30 17:43:26.331637,77.12126778542861,18.977656092326466
2024-12-30 17:43:26.331643,48.62863840509786,64.9001268228899
2024-12-30 17:43:26.331648,39.26635313216516,67.65397645278907
2024-12-30 17:43:26.331654,33.73507948129494,65.2879047844021
2024-12-30 17:43:26.331659,37.16601608597077,84.7018509909518
2024-12-30 17:43:26.331665,20.51768813055519,68.24092993990594
2024-12-30 17:43:26.331670,71.30040231904144,53.89589837884524
2024-12-30 17:43:26.331676,76.40497084767955,50.622749443199325
2024-12-30 17:43:26.331681,30.957204101054735,18.30060561192918
2024-12-30 17:43:26.331689,67.9698017511177,21.4337053245952
2024-12-30 17:43:26.331695,69.87976793420168,11.650153516044936
2024-12-30 17:43:26.331700,77.4033366880021,49.3954845106226
2024-12-30 17:43:26.331706,49.922836997383726,38.135648364354445
2024-12-30 17:43:26.331711,78.38763842996161,69.51866619960404
2024-12-30 17:43:26.331717,63.98986926194744,46.78213898464782
2024-12-30 17:43:26.331722,23.908985533959616,88.6934480789173
2024-12-30 17:43:26.331728,28.271930430649306,28.41679929848453
2024-12-30 17:43:26.331733,95.57917445764247,29.507355514474455
2024-12-30 17:43:26.331739,75.58726578912214,31.987567116913628
2024-12-30 17:43:26.331744,4.574107601175381,44.967878145595584
2024-12-30 17:43:26.331750,80.01322131319876,72.69028706762158
2024-12-30 17:43:26.331757,6.931398261352539,92.32178382809906
2024-12-30 17:43:26.331763,35.13646741132472,70.74271243820016
2024-12-30 17:43:26.331768,37.032649724599096,59.869902702715
2024-12-30 17:43:26.331774,8.024785722845584,29.580383839556788
2024-12-30 17:43:26.331779,54.46597520965072,0.16165244850260274
2024-12-30 17:43:26.331784,66.96452001120673,40.83600636918179
2024-12-30 17:43:26.331790,50.02850532106875,52.087428439690086
2024-12-30 17:43:26.331795,28.953153090930794,60.124929679622
2024-12-30 17:43:26.331801,51.00445630581439,23.088045755136676
2024-12-30 17:43:26.331806,15.147012170360918,0.3945324194145394
2024-12-30 17:43:26.331811,35.150466839957026,8.988768944750058
2024-12-30 17:43:26.331819,90.38858491491963,29.248333205424792
2024-12-30 17:43:26.331825,64.94242812686072,29.430903568446542
2024-12-30 17:43:26.331830,62.286392269787505,86.59888111767113
2024-12-30 17:43:26.331836,95.98442257319151,87.69347347684382
2024-12-30 17:43:26.331841,89.10308338172295,82.3796940578669
2024-12-30 17:43:26.331846,4.659161773790177,90.44000578016406
2024-12-30 17:43:26.331852,75.04891447882956,29.339184263123798
2024-12-30 17:43:26.331857,99.19224750672086,95.23462399459528
2024-12-30 17:43:26.331863,20.49613114523463,10.061898358891241
2024-12-30 17:43:26.331868,36.398819287725615,80.19615696046098
2024-12-30 17:43:26.331874,31.756387482607195,56.028978248924346
2024-12-30 17:43:26.331879,14.744597173241269,99.30577532221679
2024-12-30 17:43:26.331886,68.15969215446069,47.99098047726654
2024-12-30 17:43:26.331892,99.6686216379074,30.638070009251628
2024-12-30 17:43:26.331898,28.114492239829016,44.993709177900676
2024-12-30 17:43:26.331903,68.66304086547864,25.321984189110857
2024-12-30 17:43:26.331908,3.341914310608529,37.15353611256843
2024-12-30 17:43:26.331914,7.649397008194514,72.84625001623792
2024-12-30 17:43:26.331919,86.22697280949957,23.848276990323512
2024-12-30 17:43:26.331925,75.7763332323069,76.59516393121696
2024-12-30 17:43:26.331930,79.57809536627141,70.53102881766962
2024-12-30 17:43:26.331936,69.64512435760815,53.82901087660697
2024-12-30 17:43:26.331941,81.84475002982401,20.218166765472755
2024-12-30 17:43:26.331946,39.19676560142966,10.795764769330617
2024-12-30 17:43:26.331952,89.99551556185008,72.39689129027234
2024-12-30 17:43:26.331957,50.81148204471094,17.899374891913656
2024-12-30 17:43:26.331965,53.35144819230141,57.82036106006332
2024-12-30 17:43:26.331971,13.14013402564147,69.0850581585567
2024-12-30 17:43:26.331977,11.833028436985039,45.055852204116555
2024-12-30 17:43:26.331982,62.996005300710756,3.6306826576817275
2024-12-30 17:43:26.331987,63.46995077271672,97.63865213214098
2024-12-30 17:43:26.331993,77.77655417636264,26.40952336517556
2024-12-30 17:43:26.331998,24.1234333044557,15.741056542954112
2024-12-30 17:43:26.332004,58.30638222006754,17.197979671889165
2024-12-30 17:43:26.332009,24.923656526069603,75.48564797430627
2024-12-30 17:43:26.332017,46.025453243038115,64.98891004265711
2024-12-30 17:43:26.332023,57.718233171096344,73.44760418333794
2024-12-30 17:43:26.332028,65.21079846071024,56.26148135485599
2024-12-30 17:43:26.332034,32.933740550010896,70.99063404171807
2024-12-30 17:43:26.332039,62.36547396843367,98.1689455142138
2024-12-30 17:43:26.332047,56.597101815027216,72.82384566612296
2024-12-30 17:43:26.332053,35.71926478124574,28.422931604869262
2024-12-30 17:43:26.332058,60.68061858472261,76.27488541475924
2024-12-30 17:43:26.332064,26.985749298626516,16.092228235326488
2024-12-30 17:43:26.332070,68.19864720043594,10.666727470764325
2024-12-30 17:43:26.332075,89.9002743126987,22.051965011988017
2024-12-30 17:43:26.332080,64.26576147204865,22.699978943223186
2024-12-30 17:43:26.332086,97.6438622801195,50.84182431368639
2024-12-30 17:43:26.332091,50.15490141936708,83.70086880826179
2024-12-30 17:43:26.332097,8.270070544438235,35.2945636432114
2024-12-30 17:43:26.332104,36.00610030680868,55.773916172172775
2024-12-30 17:43:26.332110,63.19604865907272,66.48290248714592
2024-12-30 17:43:26.332115,26.35456409215494,81.42959042664924
2024-12-30 17:43:26.332121,48.5549061969819,95.88406859870045
2024-12-30 17:43:26.332127,58.55242832863542,37.638648627863034
2024-12-30 17:43:26.332132,20.840942675380692,8.30038305466524
2024-12-30 17:43:26.332138,40.693970409767765,65.4384459810278
2024-12-30 17:43:26.332143,70.63376254817892,69.65208159615173
2024-12-30 17:43:26.332151,9.573685417630184,55.05602237851187
2024-12-30 17:43:26.332157,36.59679777541479,28.340534361186453
2024-12-30 17:43:26.332162,53.63926846846314,31.695192087639413
2024-12-30 17:43:26.332168,58.69789032548898,87.32050086772688
2024-12-30 17:43:26.332173,6.786799978853242,55.55696182925344
2024-12-30 17:43:26.332178,88.13887112291255,82.05905491797728
2024-12-30 17:43:26.332184,66.53184550611996,5.232249553408241
2024-12-30 17:43:26.332189,80.24401659283056,44.30354432761029
2024-12-30 17:43:26.332195,87.28768067425037,84.47397455305241
2024-12-30 17:43:26.332200,42.567156519706295,23.5238188850704
2024-12-30 17:43:26.332206,69.00669810088696,6.903188866033849
2024-12-30 17:43:26.332211,42.49516419286279,17.52023789891285
2024-12-30 17:43:26.332216,53.922775947801405,58.05782808397467
2024-12-30 17:43:26.332222,44.42996008431902,61.312586267694336
2024-12-30 17:43:26.332227,92.54820555177393,47.026834444997476
2024-12-30 17:43:26.332233,34.67252294795134,96.7975021414301
2024-12-30 17:43:26.332238,87.30919037263632,26.766949569636232
2024-12-30 17:43:26.332243,74.49007162677361,65.88349849301278
2024-12-30 17:43:26.332249,30.599364309352396,22.378098380438892
2024-12-30 17:43:26.332254,42.16414161226655,46.08395528365998
2024-12-30 17:43:26.332260,44.24458039239598,81.17526979544361
2024-12-30 17:43:26.332265,53.69135910602522,51.02486375301027
2024-12-30 17:43:26.332271,1.0789372533274055,85.09023156328547
2024-12-30 17:43:26.332278,54.72934724561669,20.16156693150233
2024-12-30 17:43:26.332283,13.334106047590721,49.7491719586437
2024-12-30 17:43:26.332289,99.01668090217312,17.571671784715903
2024-12-30 17:43:26.332295,55.68990755768506,19.529469788979537
2024-12-30 17:43:26.332300,76.93277193882653,70.28956303108947
2024-12-30 17:43:26.332305,3.353188949406072,17.185643662732797
2024-12-30 17:43:26.332311,61.231337971417645,11.747418344540028
2024-12-30 17:43:26.332316,59.5496601566747,45.2729258950737
2024-12-30 17:43:26.332324,12.232649025975316,25.059648452107187
2024-12-30 17:43:26.332330,8.723812461519353,13.651497308350692
2024-12-30 17:43:26.332335,36.84322636870206,63.45040780605509
2024-12-30 17:43:26.332341,71.58723671385532,91.88596879428749
2024-12-30 17:43:26.332346,22.36180595767604,61.22863956966527
2024-12-30 17:43:26.332351,81.30810499482301,89.76953811357595
2024-12-30 17:43:26.332357,75.59865656696559,61.008553797145694
2024-12-30 17:43:26.332362,45.00152065803188,37.213354553873245
2024-12-30 17:43:26.332368,7.840847863248712,52.810146984052594
2024-12-30 17:43:26.332373,52.17370140332368,42.58997610055138
2024-12-30 17:43:26.332379,73.0183974939994,45.7607778333438
2024-12-30 17:43:26.332386,24.026913040597243,49.72627934780526
2024-12-30 17:43:26.332392,10.940516750741647,33.93897925628355
2024-12-30 17:43:26.332398,60.186919114950314,69.74401449332824
2024-12-30 17:43:26.332405,76.6819722686448,10.90301215959939
2024-12-30 17:43:26.332413,26.46790691149804,76.10813069920712
2024-12-30 17:43:26.332419,68.89226085850109,47.349138229652546
2024-12-30 17:43:26.332425,7.008387583216946,56.515390670054934
2024-12-30 17:43:26.332430,54.86527638580018,99.28039403999104
2024-12-30 17:43:26.332436,76.38395775580412,33.436809868573825
2024-12-30 17:43:26.332441,21.840265207142807,7.742115538639849
2024-12-30 17:43:26.332446,27.035873864838944,9.493413887971991
2024-12-30 17:43:26.332452,87.21096723137475,58.32020805546555
2024-12-30 17:43:26.332458,75.3434543567245,67.70720321500615
2024-12-30 17:43:26.332463,11.310213975990656,68.43808005142637
2024-12-30 17:43:26.332468,5.540011781315246,19.11428795802993
2024-12-30 17:43:26.332474,78.36324595074971,98.02786928157524
2024-12-30 17:43:26.332479,48.80928253932284,61.611956021943016
2024-12-30 17:43:26.332485,43.90920282933911,68.29938775395154
2024-12-30 17:43:26.332490,1.6782342303545694,27.011289622861167
2024-12-30 17:43:26.332496,5.948524684437029,76.13373115613246
2024-12-30 17:43:26.332501,56.848374549333236,4.064280871483062
2024-12-30 17:43:26.332507,19.84698984341047,28.94217695826782
2024-12-30 17:43:26.332512,56.26991849269043,43.16024767399197
2024-12-30 17:43:26.332518,25.47153242439829,67.17277784772465
2024-12-30 17:43:26.332523,22.554978995047513,46.531984498623835
2024-12-30 17:43:26.332529,12.538089668577934,22.9216904481647
2024-12-30 17:43:26.332534,57.96837402115358,20.297458283725568
2024-12-30 17:43:26.332541,88.17498045294802,68.154688196075
2024-12-30 17:43:26.332547,6.619987390284976,27.961316470713182
2024-12-30 17:43:26.332553,94.61253604918964,73.79039156316983
2024-12-30 17:43:26.332558,49.88771230030022,70.9553958038974
2024-12-30 17:43:26.332564,30.355411984213422,40.28690668812327
2024-12-30 17:43:26.332569,12.969862288837842,38.96681693309289
2024-12-30 17:43:26.332575,0.857036779474063,45.11151326395546
2024-12-30 17:43:26.332580,79.03645306089237,81.24347296333141
2024-12-30 17:43:26.332586,81.21703592380777,27.084946063260162
2024-12-30 17:43:26.332591,17.99439322049723,50.08554326860282
2024-12-30 17:43:26.332597,18.516956936897998,14.426219597618706
2024-12-30 17:43:26.332602,98.12478571466143,48.18178617064564
2024-12-30 17:43:26.332607,56.36313574549243,88.8149203949127
2024-12-30 17:43:26.332613,72.92850071123722,16.269894218633173
2024-12-30 17:43:26.332618,45.85878721267363,98.19246424002687
2024-12-30 17:43:26.332624,3.6129887727749277,74.06969025961568
2024-12-30 17:43:26.332629,25.378344230602266,73.22085927891897
2024-12-30 17:43:26.332635,56.724801486789566,65.43281754408741
2024-12-30 17:43:26.332640,98.95254549774137,39.195341034450095
2024-12-30 17:43:26.332645,65.11838188492948,95.62761085198754
2024-12-30 17:43:26.332651,85.04614212781199,50.84563718964048
2024-12-30 17:43:26.332656,59.2270202392564,58.999683026876525
2024-12-30 17:43:26.332662,68.82823518548713,86.97664661018504
2024-12-30 17:43:26.332671,49.81822640042994,36.88969974124815
2024-12-30 17:43:26.332677,31.285757481109922,61.389774561013645
2024-12-30 17:43:26.332685,60.772041759053906,60.673240579947674
2024-12-30 17:43:26.332691,98.3374497578984,86.25958193740978
2024-12-30 17:43:26.332696,6.858357612151078,72.1250860372831
2024-12-30 17:43:26.332702,23.959801445331784,85.26022608270219
2024-12-30 17:43:26.332707,42.15265168948034,6.2788865666565385
2024-12-30 17:43:26.332713,36.964200209076736,35.396767309070455
2024-12-30 17:43:26.332718,70.67791459020958,33.84471783496008
2024-12-30 17:43:26.332724,54.95516385888827,37.0783515377238
2024-12-30 17:43:26.332729,43.443045353114606,8.103933843492461
2024-12-30 17:43:26.332735,13.957974158546914,39.64713184134402
2024-12-30 17:43:26.332740,46.983897326259225,56.22265105852856
2024-12-30 17:43:26.332746,20.983860341884643,12.958160744277237
2024-12-30 17:43:26.332751,77.34389932682369,94.84132694250614
2024-12-30 17:43:26.332756,25.05715947094349,52.302440732804
2024-12-30 17:43:26.332764,43.77108377797393,12.69598538369532
2024-12-30 17:43:26.332770,71.05552689527505,0.0512909484955526
2024-12-30 17:43:26.332775,74.33858343730593,30.848793425927067
2024-12-30 17:43:26.332781,3.6273660827186194,72.70086235421273
2024-12-30 17:43:26.332786,35.83185707232423,24.967657519373155
2024-12-30 17:43:26.332792,43.753083979371176,48.8401202274758
2024-12-30 17:43:26.332797,34.22045403757592,25.370894313943694
2024-12-30 17:43:26.332805,95.45028273986765,63.948239991801515
2024-12-30 17:43:26.332811,38.543130794728434,26.01092403220724
2024-12-30 17:43:26.332816,25.94417085898725,29.148987346475796
2024-12-30 17:43:26.332822,29.960922064371353,74.13646498399176
2024-12-30 17:43:26.332827,23.939399178203413,99.20180796026645
2024-12-30 17:43:26.332832,34.61341291093628,13.112813839035608
2024-12-30 17:43:26.332838,16.051168274712644,41.013896446295696
2024-12-30 17:43:26.332843,45.26040888726468,30.701085034292717
2024-12-30 17:43:26.332849,40.097622185998105,48.55747280933724
2024-12-30 17:43:26.332854,30.440559750479302,10.517645734740299
2024-12-30 17:43:26.332859,43.76227754900667,9.197494947003515
2024-12-30 17:43:26.332865,34.36503185801434,9.664028269407176
2024-12-30 17:43:26.332870,45.40027430553404,11.495294947925727
2024-12-30 17:43:26.332876,57.93821552049139,39.62187753119455
2024-12-30 17:43:26.332881,11.621805574582556,95.24972325102746
2024-12-30 17:43:26.332887,71.49841264855552,99.6957180129479
2024-12-30 17:43:26.332892,42.450166486943864,60.63112905223373
2024-12-30 17:43:26.332897,41.119574009516555,28.67108326689821
2024-12-30 17:43:26.332903,21.631041154123732,77.67430683175553
2024-12-30 17:43:26.332908,96.77598096964087,79.21784149181094
2024-12-30 17:43:26.332914,73.0148764584099,65.32227934200733
2024-12-30 17:43:26.332919,87.52776720845128,14.006472830767924
2024-12-30 17:43:26.332924,11.177292833105689,56.766063425010515
2024-12-30 17:43:26.332932,32.6008656014566,48.52353369819598
2024-12-30 17:43:26.332938,42.4365629365981,57.921736120192556
2024-12-30 17:43:26.332943,21.621355160965027,91.21178646943667
2024-12-30 17:43:26.332949,45.106778715719365,63.76497720914164
2024-12-30 17:43:26.332956,40.77226799111106,44.2102031696047
2024-12-30 17:43:26.332962,90.36420121696678,76.69339441539206
2024-12-30 17:43:26.332968,85.33023161964294,82.24260686801514
2024-12-30 17:43:26.332973,8.105866762940039,92.1413056748532
2024-12-30 17:43:26.332979,92.90326425428795,66.66410670234302
2024-12-30 17:43:26.332984,24.837559596754588,98.82717952022941
2024-12-30 17:43:26.332990,28.036099950559535,15.324463682457745
2024-12-30 17:43:26.332995,24.527272855039605,25.165208206267454
2024-12-30 17:43:26.333000,65.95457296330461,44.14548697762887
2024-12-30 17:43:26.333006,0.8582972071660477,55.61405125182305
2024-12-30 17:43:26.333012,36.43117996129196,12.726554572503712
2024-12-30 17:43:26.333017,67.8605677225975,29.304798448988034
2024-12-30 17:43:26.333023,40.97210176046083,88.59739885985101
2024-12-30 17:43:26.333028,27.822890726012783,31.551776926204766
2024-12-30 17:43:26.333034,77.01399354982314,77.71141049254857
2024-12-30 17:43:26.333042,11.317170942810584,69.61296823775812
2024-12-30 17:43:26.333048,15.82988217899528,39.90719468153129
2024-12-30 17:43:26.333053,26.40337666411017,73.42469163030194
2024-12-30 17:43:26.333059,32.62336356681244,26.52837009595752
2024-12-30 17:43:26.333066,33.33443371515015,99.29956408230434
2024-12-30 17:43:26.333072,55.35603325969174,72.4684099809378
2024-12-30 17:43:26.333078,79.38918055674817,11.839780071482986
2024-12-30 17:43:26.333083,74.76285323050709,0.49502618480047333
2024-12-30 17:43:26.333089,23.335020148906548,7.0998282712339105
2024-12-30 17:43:26.333094,7.906535003954895,92.59277145833462
2024-12-30 17:43:26.333100,44.37094770935861,27.610704423474573
2024-12-30 17:43:26.333105,69.58128835233894,61.20725225999865
2024-12-30 17:43:26.333111,10.459463277768311,78.99039548473635
2024-12-30 17:43:26.333116,55.294619955243654,25.408760048012212
2024-12-30 17:43:26.333124,91.81784769315126,31.930562037551436
2024-12-30 17:43:26.333130,32.46703362670513,95.17780349196741
2024-12-30 17:43:26.333135,3.3789182830133546,15.897998525213952
2024-12-30 17:43:26.333141,6.527036629125238,64.419000507131
2024-12-30 17:43:26.333146,29.40351148635455,53.08855676278343
2024-12-30 17:43:26.333151,72.51762614154298,76.05017504370265
2024-12-30 17:43:26.333157,78.20663879961963,73.99101283999404
2024-12-30 17:43:26.333162,48.230880209622306,42.84033600049263
2024-12-30 17:43:26.333168,50.51821861638115,4.910755650900156
2024-12-30 17:43:26.333173,13.08316017077592,85.91573625591269
2024-12-30 17:43:26.333179,2.003893263180845,65.75616827268733
2024-12-30 17:43:26.333184,83.46757491456903,96.4269979555064
2024-12-30 17:43:26.333189,52.394198162054565,17.240403559650698
2024-12-30 17:43:26.333197,13.386396865701533,6.553933857982608
2024-12-30 17:43:26.333203,6.977679437922046,51.903345101163
2024-12-30 17:43:26.333209,17.38800485818488,86.00319920400705
2024-12-30 17:43:26.333214,26.664334869956207,87.2480382619207
2024-12-30 17:43:26.333220,47.073151628181165,55.26298886494392
2024-12-30 17:43:26.333225,59.95000972761525,20.27955093921324
2024-12-30 17:43:26.333231,63.10988901577913,44.7828551285116
2024-12-30 17:43:26.333236,74.05776541558718,36.30084016758624
2024-12-30 17:43:26.333244,66.964871512973,16.363611323102
2024-12-30 17:43:26.333249,96.4035550947797,35.677437281813596
2024-12-30 17:43:26.333255,52.15094239875282,38.21617772408551
2024-12-30 17:43:26.333260,12.88681387658135,36.45674392376915
2024-12-30 17:43:26.333266,54.216817328936514,8.159905277312296
2024-12-30 17:43:26.333271,31.8641122322568,35.34878775459349
2024-12-30 17:43:26.333276,89.0570104960635,40.49116623654202
2024-12-30 17:43:26.333282,22.90799323121241,79.17840600545593
2024-12-30 17:43:26.333287,88.20731872925785,67.46690640008553
2024-12-30 17:43:26.333293,88.16741188048317,83.2781212490914
2024-12-30 17:43:26.333298,88.7310239672139,40.92603180806522
2024-12-30 17:43:26.333304,18.188588657707992,43.98599926774902
2024-12-30 17:43:26.333309,28.61233556265006,32.94445296528254
2024-12-30 17:43:26.333315,84.67014579884435,23.258165569543753
2024-12-30 17:43:26.333320,47.58479916206551,72.60784591437462
2024-12-30 17:43:26.333327,70.33121906484364,11.317394973149453
2024-12-30 17:43:26.333333,89.81171845512242,61.322284572709954
2024-12-30 17:43:26.333339,69.63688807613613,32.8319733303753
2024-12-30 17:43:26.333344,52.54938331395864,11.161948099793362
2024-12-30 17:43:26.333350,65.70497124536716,84.30545166120802
2024-12-30 17:43:26.333355,42.50489791971987,64.38759470383171
2024-12-30 17:43:26.333360,15.438892961054218,85.21950484879046
2024-12-30 17:43:26.333366,1.703944628443077,81.71945703811538
2024-12-30 17:43:26.333371,31.35149956576614,63.198465131925886
2024-12-30 17:43:26.333377,8.173507061243946,18.042605494273033
2024-12-30 17:43:26.333382,85.99338401837578,62.857658241309835
2024-12-30 17:43:26.333387,21.244465292985627,80.83917293295927
2024-12-30 17:43:26.333393,39.201019910871395,74.60104800121047
2024-12-30 17:43:26.333401,53.63255956973374,69.03157543925835
2024-12-30 17:43:26.333407,81.58587755639911,48.19073645185568
2024-12-30 17:43:26.333412,38.081560521717385,96.67545617667
2024-12-30 17:43:26.333418,24.97507144503137,85.72379135219045
2024-12-30 17:43:26.333423,73.11298032859625,79.05302944784367
2024-12-30 17:43:26.333429,27.764592225288055,34.808522884146555
2024-12-30 17:43:26.333434,96.42027137708753,43.51359888041954
2024-12-30 17:43:26.333444,88.9816248008818,39.371728428916875
2024-12-30 17:43:26.333450,17.19407400927121,11.401161581211195
2024-12-30 17:43:26.333456,69.07821052092692,9.152909966043143
2024-12-30 17:43:26.333463,81.35825535421236,99.87450551726168
2024-12-30 17:43:26.333469,10.560207648673481,84.31402462896855
2024-12-30 17:43:26.333475,39.3424887754874,34.6258369510423
2024-12-30 17:43:26.333481,80.93198334825024,97.16914874933704
2024-12-30 17:43:26.333488,61.2126557565458,10.333009127712744
2024-12-30 17:43:26.333494,36.62207266044947,13.206501338293887
2024-12-30 17:43:26.333499,39.82936503481975,20.979342712243433
2024-12-30 17:43:26.333505,25.948692485062853,52.24107641485455
2024-12-30 17:43:26.333510,48.45561222825645,56.772696732473015
2024-12-30 17:43:26.333516,64.65224374825013,43.1237732779917
2024-12-30 17:43:26.333521,50.414832515017814,24.713378937887644
2024-12-30 17:43:26.333527,57.006405282178896,87.12376198480486
2024-12-30 17:43:26.333534,60.71494352872205,65.4112093728617
2024-12-30 17:43:26.333540,77.45147476340115,79.32883593436729
2024-12-30 17:43:26.333546,71.27912641948251,69.60674254589611
2024-12-30 17:43:26.333551,76.43609182719194,43.27782241627685
2024-12-30 17:43:26.333557,11.142876952681135,0.02168031780299673
2024-12-30 17:43:26.333562,30.135987588406433,42.43089966843249
2024-12-30 17:43:26.333567,71.7967044369136,28.388743087030342
2024-12-30 17:43:26.333573,88.94775604984282,13.317331492421891
2024-12-30 17:43:26.333578,80.03982411427367,73.09124916408338
2024-12-30 17:43:26.333584,8.31900574742651,22.393729535057748
2024-12-30 17:43:26.333589,55.746757034374916,77.90763729502063
2024-12-30 17:43:26.333597,44.531256475485414,89.70215355386073
2024-12-30 17:43:26.333603,18.472950155042977,57.97825762869145
2024-12-30 17:43:26.333608,52.42863508951461,69.32394872666111
2024-12-30 17:43:26.333614,81.89756825967666,76.5798399261078
2024-12-30 17:43:26.333619,33.79407471526288,40.843979607631
2024-12-30 17:43:26.333625,52.60556849552648,12.281190673900355
2024-12-30 17:43:26.333630,38.239927802560494,27.3642023504173
2024-12-30 17:43:26.333636,34.886537236078865,73.35053705665476
2024-12-30 17:43:26.333641,57.40397475062353,56.345155918070425
2024-12-30 17:43:26.333647,14.975877434460616,44.26371120849826
2024-12-30 17:43:26.333652,56.466136709466454,48.56450162012423
2024-12-30 17:43:26.333658,55.98918382634207,35.7780350020043
2024-12-30 17:43:26.333663,67.00742972640712,44.602279491173505
2024-12-30 17:43:26.333716,83.70399643137205,11.492319625219826
2024-12-30 17:43:26.333728,17.499646939879167,54.06610765258086
2024-12-30 17:43:26.333735,68.46868038788809,64.17113503856014
2024-12-30 17:43:26.333741,97.25570329579126,21.353963625169637
2024-12-30 17:43:26.333746,16.81504316915626,35.93653912536164
2024-12-30 17:43:26.333752,26.136927200573577,78.05678002041948
2024-12-30 17:43:26.333757,81.66989500864396,90.63589317799739
2024-12-30 17:43:26.333762,47.1029542639699,82.23710673664252
2024-12-30 17:43:26.333768,13.02863012142601,24.597141407216906
2024-12-30 17:43:26.333773,43.966698961180754,27.405121819963284
2024-12-30 17:43:26.333783,26.184887609551723,84.5241752237674
2024-12-30 17:43:26.333790,82.56103901309716,42.806611290370725
2024-12-30 17:43:26.333795,90.73310965958936,35.44233100815853
2024-12-30 17:43:26.333801,4.416745684923273,97.31831786753008
2024-12-30 17:43:26.333806,95.4895379176689,68.54921412233219
2024-12-30 17:43:26.333812,8.58966578693947,34.69550186465202
2024-12-30 17:43:26.333817,81.922868133206,98.96327250666378
2024-12-30 17:43:26.333826,56.80718967921149,62.64894211276347
2024-12-30 17:43:26.333832,64.04765242614586,45.77659766412964
2024-12-30 17:43:26.333837,76.39592070229105,94.7883878308325
2024-12-30 17:43:26.333843,39.20802016308227,84.88196434930958
2024-12-30 17:43:26.333848,72.32697085600246,46.258417908653605
2024-12-30 17:43:26.333853,70.11853045529922,47.94069815383414
2024-12-30 17:43:26.333859,49.268222879087375,51.888165493710225
2024-12-30 17:43:26.333864,9.501637838879251,39.13930414279808
2024-12-30 17:43:26.333870,34.01111550061765,88.04243989068877
2024-12-30 17:43:26.333877,49.101005255394156,25.573001305977616
2024-12-30 17:43:26.333883,6.214248013652879,13.359731828012112
2024-12-30 17:43:26.333888,15.225854127131178,77.16498051154966
2024-12-30 17:43:26.333894,5.904061139656125,62.51936020479994
2024-12-30 17:43:26.333899,69.86313382816535,46.01658715589755
2024-12-30 17:43:26.333907,36.0656371391648,46.23507847629417
2024-12-30 17:43:26.333912,85.63458938651574,38.061469290339666
2024-12-30 17:43:26.333920,19.737460911457216,22.649744749104983
2024-12-30 17:43:26.333926,46.338802957199064,82.69229216225821
2024-12-30 17:43:26.333931,83.3685666686394,99.27559855143815
2024-12-30 17:43:26.333937,16.539787984372587,49.41380294275872
2024-12-30 17:43:26.333942,59.55334662917573,13.3418253878978
2024-12-30 17:43:26.333947,87.28135790351524,93.6159502290999
2024-12-30 17:43:26.333953,9.95488560174087,78.72988587244546
2024-12-30 17:43:26.333958,88.65856384797551,20.34988741312351
2024-12-30 17:43:26.333964,90.61982060810966,20.2201239688409
2024-12-30 17:43:26.333970,5.062715905451343,80.60526196678896
2024-12-30 17:43:26.333975,79.08097124328205,60.77547647650299
2024-12-30 17:43:26.333981,43.33152849289517,79.12975401188547
2024-12-30 17:43:26.333986,54.692135372328934,71.28854981150381
2024-12-30 17:43:26.333992,11.16438543770817,15.83695598369026
2024-12-30 17:43:26.333999,37.08721344912275,16.689254797231058
2024-12-30 17:43:26.334005,37.716067313295,78.44038682092366
2024-12-30 17:43:26.334010,85.22591527455693,84.80872536044733
2024-12-30 17:43:26.334016,54.06625933263756,62.782711764314215
2024-12-30 17:43:26.334021,51.25664515463669,20.844877568554555
2024-12-30 17:43:26.334027,53.77288210350177,12.117748712382703
2024-12-30 17:43:26.334032,17.083424031056317,23.422336587757908
2024-12-30 17:43:26.334038,10.12206372107075,91.03736409282071
2024-12-30 17:43:26.334043,79.79888091486382,18.65789087166422
2024-12-30 17:43:26.334051,10.442767990815948,12.977079646982737
2024-12-30 17:43:26.334057,44.458089467061804,82.87765633372996
2024-12-30 17:43:26.334063,22.004624183953137,40.74090645989378
2024-12-30 17:43:26.334068,60.45420934745097,85.75244268259097
2024-12-30 17:43:26.334074,13.236646477760017,52.60894845383949
2024-12-30 17:43:26.334079,38.672792409989896,23.067596006820157
2024-12-30 17:43:26.334085,61.04584864193505,12.031787814395244
2024-12-30 17:43:26.334091,65.93243801769634,83.22489312329313
2024-12-30 17:43:26.334096,24.531176737078887,56.00347110840396
2024-12-30 17:43:26.334102,45.890037056404566,31.284134823767516
2024-12-30 17:43:26.334107,27.844202113989137,27.43721345283996
2024-12-30 17:43:26.334113,53.40346350317089,89.63621688383863
2024-12-30 17:43:26.334118,18.270884874838565,32.20655410296065
2024-12-30 17:43:26.334124,58.14305388232916,30.057311022101185
2024-12-30 17:43:26.334130,66.7413042494287,69.05048320729351
2024-12-30 17:43:26.334136,0.47399331795394684,2.7157367394217036
2024-12-30 17:43:26.334142,35.13431652442207,61.0504422940527
2024-12-30 17:43:26.334147,18.55730075565055,94.37227898134266
2024-12-30 17:43:26.334152,16.49080142214723,25.358164981117305
2024-12-30 17:43:26.334158,6.906234007511292,29.60098930084758
2024-12-30 17:43:26.334166,24.068204702422612,59.03124034404298
2024-12-30 17:43:26.334173,59.1355480386545,57.96682823307513
2024-12-30 17:43:26.334178,25.207327932065482,78.18792132223204
2024-12-30 17:43:26.334186,41.01380355760506,84.04091627190273
2024-12-30 17:43:26.334195,65.4045430928833,77.95271302244127
2024-12-30 17:43:26.334201,99.03016001055497,78.743493070534
2024-12-30 17:43:26.334207,24.268754856274043,2.050707102241456
2024-12-30 17:43:26.334213,81.31871058179354,78.31861985620307
2024-12-30 17:43:26.334219,87.62917814158557,97.29794658210609
2024-12-30 17:43:26.334224,94.31628691918927,9.818849276967844
2024-12-30 17:43:26.334230,16.48033320955353,99.7268091339543
2024-12-30 17:43:26.334237,25.642701681742086,62.934547170420366
2024-12-30 17:43:26.334243,67.03450203697504,45.17852253950876
2024-12-30 17:43:26.334248,41.16724706939444,22.55948864863988
2024-12-30 17:43:26.334254,45.60748046865657,4.521833930614538
2024-12-30 17:43:26.334261,47.97712053371283,54.063364354354604
2024-12-30 17:43:26.334266,72.72785033318291,6.324924208568783
2024-12-30 17:43:26.334272,46.74053624280151,47.32293635674119
2024-12-30 17:43:26.334282,94.35902565272532,24.074722581425412
2024-12-30 17:43:26.334290,79.15610830447399,71.50537603932162
2024-12-30 17:43:26.334297,26.11817088519407,81.59638059824849
2024-12-30 17:43:26.334303,69.43124146690742,65.31628936547918
2024-12-30 17:43:26.334309,92.52775034896294,22.45906123037207
2024-12-30 17:43:26.334315,62.85732670995584,24.16436211649373
2024-12-30 17:43:26.334321,49.597626710035506,31.613253586042532
2024-12-30 17:43:26.334327,44.909163620144454,90.56076303838043
2024-12-30 17:43:26.334336,62.42104478778682,71.51938992524252
2024-12-30 17:43:26.334343,52.539171616600875,76.25851357422185
2024-12-30 17:43:26.334349,90.66751838466664,72.96901009098139
2024-12-30 17:43:26.334356,32.67283451016536,23.86323195461738
2024-12-30 17:43:26.334363,2.1595714833041346,43.00102650566219
2024-12-30 17:43:26.334371,54.27971823480837,74.57020015061964
2024-12-30 17:43:26.334378,2.4322869264219005,49.80371155429788
2024-12-30 17:43:26.334384,0.04428751636235129,87.82840871759345
2024-12-30 17:43:26.334391,14.326704479427587,86.26135975261596
2024-12-30 17:43:26.334398,39.19063642594723,25.488080928607104
2024-12-30 17:43:26.334406,62.215490619569,5.692276983473709
2024-12-30 17:43:26.334413,28.764194889436013,25.749072820431827
2024-12-30 17:43:26.334420,9.501310241571726,44.304711546110944
2024-12-30 17:43:26.334427,92.62039077838796,78.27262360196227
2024-12-30 17:43:26.334434,29.03539895295858,53.581495305887636
2024-12-30 17:43:26.334441,47.86118601632241,6.1405104482997075
2024-12-30 17:43:26.334449,82.45259279815885,84.18473356380562
2024-12-30 17:43:26.334457,67.665878909965,16.401131832415427
2024-12-30 17:43:26.334466,20.480355068745283,42.11702828824472
2024-12-30 17:43:26.334480,92.88473707161128,70.4991253485266
2024-12-30 17:43:26.334488,57.7170554311101,25.50439991755201
2024-12-30 17:43:26.334505,45.31814788571844,73.45736702259781
2024-12-30 17:43:26.334518,38.3093242949659,5.494472527359118
2024-12-30 17:43:26.334535,57.65725090198202,95.12637371845729
2024-12-30 17:43:26.334554,51.411138688387325,21.816405475502886
2024-12-30 17:43:26.334568,13.290438352080535,25.69614640785607
2024-12-30 17:43:26.334582,4.556272269350636,21.240669195720695
2024-12-30 17:43:26.334593,98.83645633679514,79.7536258882243
2024-12-30 17:43:26.334607,5.190171053655868,3.149986408597427
2024-12-30 17:43:26.334617,56.29822981536593,75.66570058603921
2024-12-30 17:43:26.334627,62.0460570965212,96.75015850872506
2024-12-30 17:43:26.334640,62.634411463683605,81.49914787639563
2024-12-30 17:43:26.334652,70.99767607263807,77.28316673289616
2024-12-30 17:43:26.334661,25.053351798847977,94.98552668199841
2024-12-30 17:43:26.334680,38.7834991937713,34.232589436434914
2024-12-30 17:43:26.334699,9.585671210700642,7.017281435930977
2024-12-30 17:43:26.334714,71.579993394106,30.491689643168662
2024-12-30 17:43:26.334733,49.04904335895186,98.56989117458654
2024-12-30 17:43:26.334749,65.25886685527227,92.11767782383882
2024-12-30 17:43:26.334767,51.74447248805375,21.527633253222543
2024-12-30 17:43:26.334781,37.27151281559262,26.0735721393632
2024-12-30 17:43:26.334808,41.05540336033631,34.297155736674014
2024-12-30 17:43:26.334823,2.99807706673757,45.385502117398055
2024-12-30 17:43:26.334833,68.37200064612688,99.2744053765615
2024-12-30 17:43:26.334842,96.4887561313284,52.511671091773636
2024-12-30 17:43:26.334852,20.952652697583428,85.3563036992144
2024-12-30 17:43:26.334867,47.66025779303422,57.35913896422912
2024-12-30 17:43:26.334879,54.52289130847194,50.62748773308321
2024-12-30 17:43:26.334893,85.39490206873126,97.826043162681
2024-12-30 17:43:26.334901,26.219772909343742,11.647038965825518
2024-12-30 17:43:26.334915,9.692525176405976,29.224846139075854
2024-12-30 17:43:26.334928,99.41725896891963,85.83370402523425
2024-12-30 17:43:26.334942,99.65689177873621,86.46195766270385
2024-12-30 17:43:26.334956,28.78457144693862,83.10198633669691
2024-12-30 17:43:26.334965,59.240152949513316,91.53677566891655
2024-12-30 17:43:26.334990,78.56457585496831,82.06155056284264
2024-12-30 17:43:26.335007,42.691381817910234,62.94597743745405
2024-12-30 17:43:26.335028,59.301172902406854,61.327259740426676
2024-12-30 17:43:26.335042,89.08896160815306,9.488243698131027
2024-12-30 17:43:26.335057,61.47819833264253,54.30655805633666
2024-12-30 17:43:26.335083,51.756401744571754,78.06868483322906
2024-12-30 17:43:26.335104,64.86314583703549,66.07179981160986
2024-12-30 17:43:26.335117,16.597234392208794,19.648831358527353
2024-12-30 17:43:26.335134,82.39095222761695,3.074627633225324
2024-12-30 17:43:26.335148,48.180468060312705,57.17724563759514
2024-12-30 17:43:26.335156,78.51916475951771,31.465843435466077
2024-12-30 17:43:26.335168,23.20104173635109,83.22052772357159
2024-12-30 17:43:26.335179,77.41185614833044,93.75205912312427
2024-12-30 17:43:26.335190,86.25024566603217,57.824586630262246
2024-12-30 17:43:26.335205,70.37966111390901,44.70121690249079
2024-12-30 17:43:26.335214,83.0509238120173,85.68977473623882
2024-12-30 17:43:26.335223,83.54012559615003,13.353089173135391
2024-12-30 17:43:26.335230,5.570361375665667,34.895042233696294
2024-12-30 17:43:26.335237,22.21173933840187,27.740073380430275
2024-12-30 17:43:26.335248,32.29220196805672,45.231644510748936
2024-12-30 17:43:26.335256,95.03877516993514,44.393635594448725
2024-12-30 17:43:26.335262,15.185876890115146,55.31620048836901
2024-12-30 17:43:26.335269,16.12730740182592,50.47280306264471
2024-12-30 17:43:26.335275,75.17657573463218,58.39727388988616
2024-12-30 17:43:26.335282,87.09300829910241,26.47675509448659
2024-12-30 17:43:26.335289,17.669581612900508,65.21179185604525
2024-12-30 17:43:26.335295,67.46622327320203,47.68850153158552
2024-12-30 17:43:26.335302,59.87645035338268,72.60367143479229
2024-12-30 17:43:26.335308,47.417350765602805,2.71814543171387
2024-12-30 17:43:26.335314,99.06272558011491,33.79966657213742
2024-12-30 17:43:26.335321,66.72486162646348,9.784327658142022
2024-12-30 17:43:26.335328,13.554522513919787,45.59182556882783
2024-12-30 17:43:26.335334,43.325372832726195,10.147967036076134
2024-12-30 17:43:26.335341,44.75498267286044,45.170172955947585
2024-12-30 17:43:26.335348,5.134080835123134,1.6393639821394634
2024-12-30 17:43:26.335355,99.55118780354934,95.06189849410212
2024-12-30 17:43:26.335362,78.72133645216391,32.392997197220375
2024-12-30 17:43:26.335392,31.165519455207313,91.9825550559529
2024-12-30 17:43:26.335403,39.40836055559988,56.080054711360475
2024-12-30 17:43:26.335409,24.733330563467405,22.74343711896346
2024-12-30 17:43:26.335416,62.1005576821269,98.89696189142172
2024-12-30 17:43:26.335422,12.5256711449369,47.24870817010872
2024-12-30 17:43:26.335429,16.022740987076702,79.80073385536565
2024-12-30 17:43:26.335435,22.787132515925112,56.89438085567523
2024-12-30 17:43:26.335441,89.78303332384209,38.15452747916221
2024-12-30 17:43:26.335447,85.2522196097326,20.94252977957005
2024-12-30 17:43:26.335454,31.226552714539057,7.80792514859302
2024-12-30 17:43:26.335460,14.593620938454466,34.954703393896146
2024-12-30 17:43:26.335466,96.09797005836884,33.63810010994448
2024-12-30 17:43:26.335477,88.86225266039781,1.8736102052763992
2024-12-30 17:43:26.335484,5.461477322380404,0.2515635892319068
2024-12-30 17:43:26.335490,95.65588695205463,40.97033542045557
2024-12-30 17:43:26.335497,29.224992987450626,2.5442431610149807
2024-12-30 17:43:26.335503,48.03045300928537,36.40576326551867
2024-12-30 17:43:26.335509,49.12520216413498,16.984539820554325
2024-12-30 17:43:26.335515,3.681458470680532,22.07182384718286
2024-12-30 17:43:26.335522,16.14263844572631,76.90400428172018
2024-12-30 17:43:26.335528,96.34902428266888,11.096985016059413
2024-12-30 17:43:26.335535,41.65207499348513,33.3905780022994
2024-12-30 17:43:26.335541,77.08148391555841,90.97963482334566
2024-12-30 17:43:26.335550,44.0371374188063,40.34847777941395
2024-12-30 17:43:26.335557,66.38304401010559,24.39150374119655
2024-12-30 17:43:26.335564,55.178578098337674,5.418625558669577
2024-12-30 17:43:26.335574,32.74165652253237,1.564967901908254
2024-12-30 17:43:26.335581,89.92777722423841,79.58583871214438
2024-12-30 17:43:26.335588,56.361622669874066,92.67965694308837
2024-12-30 17:43:26.335594,65.09715056505809,1.9998049223163838
2024-12-30 17:43:26.335601,81.07763101126466,67.82752893580582
2024-12-30 17:43:26.335607,86.88045224487942,71.96169234273098
2024-12-30 17:43:26.335616,57.78218826640972,26.59828906934689
2024-12-30 17:43:26.335623,92.13901480512956,48.66907463345138
2024-12-30 17:43:26.335630,21.141147003003834,67.66612360159905
2024-12-30 17:43:26.335637,37.76232183736234,98.10817960591447
2024-12-30 17:43:26.335644,15.693774536161964,18.122427211928105
2024-12-30 17:43:26.335651,12.380441207459135,42.6072545676163
2024-12-30 17:43:26.335657,33.26908695214098,87.39797038874681
2024-12-30 17:43:26.335664,39.067971552997335,7.01589470704821
2024-12-30 17:43:26.335671,38.50065739945501,21.941587035669986
2024-12-30 17:43:26.335678,5.159587544019361,12.734885184888912
2024-12-30 17:43:26.335685,3.972887579793938,17.353746668565528
2024-12-30 17:43:26.335692,34.72929477082987,64.85304463971227
2024-12-30 17:43:26.335698,34.724128610876626,63.542567004470904
2024-12-30 17:43:26.335704,1.7766464680612493,78.76382080040425
2024-12-30 17:43:26.335716,36.518929640402064,46.38365649642115
2024-12-30 17:43:26.335723,22.892367160438056,73.36419646149672
2024-12-30 17:43:26.335730,15.15258291039181,94.58001445902377
2024-12-30 17:43:26.335737,86.57702465014229,5.313000465927898
2024-12-30 17:43:26.335743,86.67655288485632,57.91885005496614
2024-12-30 17:43:26.335750,21.460240735116265,79.40136382734563
2024-12-30 17:43:26.335756,92.87635152936159,73.07756522227294
2024-12-30 17:43:26.335762,44.92338247760734,83.69136563852804
2024-12-30 17:43:26.335769,6.099974778645334,54.94652833923871
2024-12-30 17:43:26.335775,17.583733294834115,97.39118458011157
2024-12-30 17:43:26.335781,34.71443328995419,47.278695675151475
2024-12-30 17:43:26.335788,20.80817558007314,61.854500450709814
2024-12-30 17:43:26.335795,92.95254249513609,90.93380601124875
2024-12-30 17:43:26.335801,2.9412135767373226,66.7358484850092
2024-12-30 17:43:26.335807,13.968366786653231,11.615946553417377
2024-12-30 17:43:26.335815,55.432583153319385,23.069194907192458
2024-12-30 17:43:26.335822,61.437933293446875,96.81160329986932
2024-12-30 17:43:26.335828,36.07096261386168,88.17324837566683
2024-12-30 17:43:26.335836,58.2430560339369,33.209513067728025
2024-12-30 17:43:26.335843,50.379845797543425,84.59606652268084
2024-12-30 17:43:26.335850,34.554842733250965,66.64626389223172
2024-12-30 17:43:26.335857,55.6582134829508,54.551125351708166
2024-12-30 17:43:26.335864,70.41854801684266,60.82266901116817
2024-12-30 17:43:26.335875,98.37705778021333,69.41911856490978
2024-12-30 17:43:26.335883,91.22230749628946,78.21988739495468
2024-12-30 17:43:26.335889,29.705416933411712,15.161086651914335
2024-12-30 17:43:26.335896,57.110225623309795,39.94084378166441
2024-12-30 17:43:26.335903,35.403568532704675,80.91304416859316
2024-12-30 17:43:26.335910,53.615896557140864,53.97925945160685
2024-12-30 17:43:26.335921,69.77016546484165,0.8679728615083593
2024-12-30 17:43:26.335929,50.21558404440935,68.71548744634899
2024-12-30 17:43:26.335936,42.55125228518798,78.69710254436532
2024-12-30 17:43:26.335944,93.83090601827743,50.33072637891184
2024-12-30 17:43:26.335950,86.84009719192805,65.9050145782474
2024-12-30 17:43:26.335957,59.72208324325338,98.67249656594245
2024-12-30 17:43:26.335963,93.4606506931223,90.69362856460205
2024-12-30 17:43:26.335973,61.69836576229826,56.84065384527172
2024-12-30 17:43:26.335980,99.96572107882115,17.04900853939315
2024-12-30 17:43:26.335987,51.83052289908374,19.008968994843055
2024-12-30 17:43:26.335994,67.57194528497772,41.787084101166926
2024-12-30 17:43:26.336001,3.381260165599298,61.427298045891476
2024-12-30 17:43:26.336007,29.44474212956778,4.17625356205904
2024-12-30 17:43:26.336014,26.48927674105206,64.8587248468669
2024-12-30 17:43:26.336026,15.196727362078988,16.690635963020384
2024-12-30 17:43:26.336034,71.58786416888108,81.96005601702741
2024-12-30 17:43:26.336041,74.32860616233296,55.63949140085796
2024-12-30 17:43:26.336050,28.72400294055715,74.22511493775329
2024-12-30 17:43:26.336058,31.552294359229606,97.62788165471649
2024-12-30 17:43:26.336065,95.45406014414274,38.5971351007473
2024-12-30 17:43:26.336071,45.67269956581498,2.676880630916234
2024-12-30 17:43:26.336078,96.27986593009221,14.313321206323238
2024-12-30 17:43:26.336085,23.685326046764686,28.08664242320048
2024-12-30 17:43:26.336093,50.83713246369125,76.4563961734386
2024-12-30 17:43:26.336099,29.245778451689176,72.11586720366277
2024-12-30 17:43:26.336106,32.01744473731068,84.3965721276763
2024-12-30 17:43:26.336113,24.676082821279156,96.90267090668686
2024-12-30 17:43:26.336120,94.20113503894132,61.51087018776564
2024-12-30 17:43:26.336127,95.34331855291929,57.414932982751345
2024-12-30 17:43:26.336134,98.62781445900156,27.46229613755039
2024-12-30 17:43:26.336140,72.8300788076323,58.20031784620997
2024-12-30 17:43:26.336147,51.47881150770866,42.02663277180887
2024-12-30 17:43:26.336155,19.79496414545143,49.480565112450314
2024-12-30 17:43:26.336162,99.52107021049282,50.27440200361364
2024-12-30 17:43:26.336169,69.11969456021995,82.79608218891134
2024-12-30 17:43:26.336176,68.404305626447,78.55453454219592
2024-12-30 17:43:26.336182,23.745048529526425,61.12684896286245
2024-12-30 17:43:26.336189,55.30062134989665,42.88738389370243
2024-12-30 17:43:26.336195,34.55247027987169,8.412650726944138
2024-12-30 17:43:26.336203,45.193774896413,52.83225916024502
2024-12-30 17:43:26.336214,11.970058234121694,19.207746922859272
2024-12-30 17:43:26.336222,32.44434078451104,33.962177619630374
2024-12-30 17:43:26.336229,20.57233182979976,77.24146232703997
2024-12-30 17:43:26.336236,26.318889353766263,97.01036574388212
2024-12-30 17:43:26.336244,34.54283074527263,69.42080871130369
2024-12-30 17:43:26.336251,36.34259145054347,81.79841785701095
2024-12-30 17:43:26.336258,49.035357757545704,9.25427339995567
2024-12-30 17:43:26.336265,22.567686313168455,36.694633820632504
2024-12-30 17:43:26.336272,4.951486901306767,76.850478464864
2024-12-30 17:43:26.336280,62.72676292889826,60.61798439066675
2024-12-30 17:43:26.336287,22.77334793960969,32.88257316148274
2024-12-30 17:43:26.336293,52.27661017779662,86.87863069343953
2024-12-30 17:43:26.336300,30.413850507865924,7.03965956548589
2024-12-30 17:43:26.336308,3.714722457979791,26.812735462618896
2024-12-30 17:43:26.336315,40.83596114438796,50.72970923732011
2024-12-30 17:43:26.336322,8.319389324063998,49.04331625751567
2024-12-30 17:43:26.336328,89.69684857290683,41.68606253257692
2024-12-30 17:43:26.336340,65.10126701682482,4.669017183556312
2024-12-30 17:43:26.336347,1.2511661444419953,92.85415326979583
2024-12-30 17:43:26.336354,42.032621812937045,43.08525163106023
2024-12-30 17:43:26.336360,37.33465515714421,92.77245573706293
2024-12-30 17:43:26.336367,8.065174220483428,77.72999997461376
2024-12-30 17:43:26.336374,61.967593851367006,67.150269729428
2024-12-30 17:43:26.336385,41.18939994967173,23.625089254097496
2024-12-30 17:43:26.336396,1.2467820566623433,3.038722713851949
2024-12-30 17:43:26.336403,25.228190223080325,61.844282860723155
2024-12-30 17:43:26.336410,47.16663232280974,32.086397456985836
2024-12-30 17:43:26.336417,35.628410415421705,11.611715238498254
2024-12-30 17:43:26.336423,55.85205289009056,50.45661355367284
2024-12-30 17:43:26.336430,49.47605571470266,6.730595835436426
2024-12-30 17:43:26.336437,58.09682749554198,59.82815503590033
2024-12-30 17:43:26.336444,4.319880724577995,36.090536902964274
2024-12-30 17:43:26.336451,64.77213928395797,81.03497175945759
2024-12-30 17:43:26.336458,73.94209677366177,12.196366124839631
2024-12-30 17:43:26.336465,71.77930294414251,44.32571129879964
2024-12-30 17:43:26.336473,27.54186633606147,79.31177338226895
2024-12-30 17:43:26.336479,64.54744526783635,62.11699408218716
2024-12-30 17:43:26.336491,8.559148942830996,24.406834936807275
2024-12-30 17:43:26.336499,54.44005012422468,22.027129480243822
2024-12-30 17:43:26.336506,87.56850163731278,55.20774619053609
2024-12-30 17:43:26.336513,27.46251669143922,2.6665906284011887
2024-12-30 17:43:26.336520,75.1972220790027,65.56398281191443
2024-12-30 17:43:26.336527,32.00591901460798,89.60633684542543
2024-12-30 17:43:26.336534,35.170815672224954,12.17342377524232
2024-12-30 17:43:26.336542,15.85129097080793,59.135149855462274
2024-12-30 17:43:26.336551,99.28521745829745,93.8025950845754
2024-12-30 17:43:26.336561,48.0215232606556,94.90309376492232
2024-12-30 17:43:26.336570,47.467154586449176,28.530351724864843
2024-12-30 17:43:26.336578,23.106021359576857,76.0057831238222
2024-12-30 17:43:26.336585,85.2071380265455,24.527631530167493
2024-12-30 17:43:26.336591,37.71721419684149,44.40753680853877
2024-12-30 17:43:26.336599,42.18180587267838,50.40076506584796
2024-12-30 17:43:26.336605,46.31968962010578,42.27719799201623
2024-12-30 17:43:26.336611,52.513504946081255,21.173110987129572
2024-12-30 17:43:26.336618,85.60214757151819,17.712868178924367
2024-12-30 17:43:26.336623,56.27995145480094,9.874168184848653
2024-12-30 17:43:26.336629,47.62706202378211,2.3546660014183596
2024-12-30 17:43:26.336634,59.55224755431661,18.597764115223992
2024-12-30 17:43:26.336640,25.869413136025198,7.287505538965067
2024-12-30 17:43:26.336645,80.59066723256052,8.888181243861881
2024-12-30 17:43:26.336651,23.353970746087604,88.38096759762291
2024-12-30 17:43:26.336656,67.91247489874333,64.27514583434665
2024-12-30 17:43:26.336662,46.472769622447274,76.47515221742533
2024-12-30 17:43:26.336668,50.75170929233407,74.20250345450384
2024-12-30 17:43:26.336674,68.41445882533499,35.92498970350039
2024-12-30 17:43:26.336680,59.46400696013844,37.11908337966836
2024-12-30 17:43:26.336686,43.08283364289637,88.89442558497957
2024-12-30 17:43:26.336696,52.20945667126104,57.8509849494893
2024-12-30 17:43:26.336702,44.366719540351916,51.78343116830568
2024-12-30 17:43:26.336711,96.0040674969985,51.39822778299303
2024-12-30 17:43:26.336717,91.27346679786528,1.9218268417261264
2024-12-30 17:43:26.336724,95.73476086664267,15.62256117003875
2024-12-30 17:43:26.336730,68.72251492998544,7.285595711281223
2024-12-30 17:43:26.336735,36.50294858494617,3.1468655332964945
2024-12-30 17:43:26.336741,50.47420541376496,72.0553533414043
2024-12-30 17:43:26.336747,65.2189665653288,37.90261630779705
2024-12-30 17:43:26.336753,11.583591873054921,64.61722404236527
2024-12-30 17:43:26.336759,51.06125451254341,34.36810543771993
2024-12-30 17:43:26.336764,82.08209294138719,65.45102055317848
2024-12-30 17:43:26.336771,14.623683923429976,42.390289521892
2024-12-30 17:43:26.336776,30.132346368436703,41.930002148443194
2024-12-30 17:43:26.336782,72.4923336736632,31.184112230596284
2024-12-30 17:43:26.336787,27.67096500284686,11.587830345815131
2024-12-30 17:43:26.336793,27.787732448708702,69.02988892683771
2024-12-30 17:43:26.336799,46.15757120935873,14.117994995291506
2024-12-30 17:43:26.336804,50.82071374189563,48.89213383889363
2024-12-30 17:43:26.336812,14.990309038201111,87.79762855451767
2024-12-30 17:43:26.336818,4.710312587659537,25.41861586400056
2024-12-30 17:43:26.336824,62.99662677404191,83.82750114958635
2024-12-30 17:43:26.336830,68.80441821186307,93.17585769255605
2024-12-30 17:43:26.336835,9.803222008394952,90.50222956557216
2024-12-30 17:43:26.336841,12.564579674004928,85.36443698521231
2024-12-30 17:43:26.336848,97.82994182848907,61.461714277653726
2024-12-30 17:43:26.336854,15.151730772958938,15.893247766722007
2024-12-30 17:43:26.336860,64.62563002682572,7.052207556685142
2024-12-30 17:43:26.336865,49.068685951071025,18.688229874185012
2024-12-30 17:43:26.336871,77.47930316825679,32.42180350842432
2024-12-30 17:43:26.336876,97.10786721714199,74.35160103898691
2024-12-30 17:43:26.336882,16.327845473192337,25.38313581578022
2024-12-30 17:43:26.336887,26.903639400153278,30.986692097183564
2024-12-30 17:43:26.336899,40.92093582631102,40.218583868695745
2024-12-30 17:43:26.336904,72.08401688141997,93.59075250702126
2024-12-30 17:43:26.336910,38.6830986721086,96.12065290942977
2024-12-30 17:43:26.336915,57.28471003474973,67.09950198467763
2024-12-30 17:43:26.336921,53.31777577252803,63.72776407732903
2024-12-30 17:43:26.336927,12.368293670192,72.83095785540448
2024-12-30 17:43:26.336932,41.11623402384258,21.962189968829815
2024-12-30 17:43:26.336938,93.67900164942127,72.33588034229186
2024-12-30 17:43:26.336943,19.743766926174256,3.7968134808733067
2024-12-30 17:43:26.336949,77.81202823639133,26.75581608553902
2024-12-30 17:43:26.336954,93.55557335901456,30.055167534758777
2024-12-30 17:43:26.336960,64.08357385979521,49.45149245186569
2024-12-30 17:43:26.336965,43.72338317240006,62.09807563937482
2024-12-30 17:43:26.336971,53.263782917567845,43.1919155497278
2024-12-30 17:43:26.336976,17.84785504056665,50.21438075364091
2024-12-30 17:43:26.336984,97.38552497022043,92.31195085985767
2024-12-30 17:43:26.336990,36.97466973069341,31.030954983823968
2024-12-30 17:43:26.336998,92.78195851633076,4.0387965829042916
2024-12-30 17:43:26.337004,5.765256715474177,0.7245633964800491
2024-12-30 17:43:26.337009,24.1112068153989,67.27062382553838
2024-12-30 17:43:26.337014,71.51392694342712,87.77323458415698
2024-12-30 17:43:26.337020,71.59616895016927,58.83843320620446
2024-12-30 17:43:26.337025,8.124904514426545,60.92927913050655
2024-12-30 17:43:26.337031,82.97183627320311,19.21322366509304
2024-12-30 17:43:26.337036,31.820252319509702,36.923708979335736
2024-12-30 17:43:26.337042,5.228454738554056,16.116602251805258
2024-12-30 17:43:26.337047,86.58558510846814,52.02604576773269
2024-12-30 17:43:26.337053,56.51854698212977,70.69341949692848
2024-12-30 17:43:26.337058,29.625423963995967,35.976883880921825
2024-12-30 17:43:26.337064,96.1021474480162,22.34467436741314
2024-12-30 17:43:26.337069,60.48593087616274,18.62921454565588
2024-12-30 17:43:26.337075,49.62642948289401,94.06562768912492
2024-12-30 17:43:26.337080,91.69157307075032,5.542668542340623
2024-12-30 17:43:26.337086,30.469949019269816,80.70563233550688
2024-12-30 17:43:26.337091,79.52736880009944,31.24067989078647
2024-12-30 17:43:26.337097,25.78739095445868,4.394011013991528
2024-12-30 17:43:26.337102,43.834920670003676,14.009043688876432
2024-12-30 17:43:26.337108,98.04385704096009,91.45673824785011
2024-12-30 17:43:26.337116,58.53461997418156,3.847631386432404
2024-12-30 17:43:26.337122,97.50365733673145,48.859861467259094
2024-12-30 17:43:26.337127,52.58966987943657,39.96823197553482
2024-12-30 17:43:26.337133,86.90707986936421,14.253816451517043
2024-12-30 17:43:26.337138,21.626484912724308,61.50599340446213
2024-12-30 17:43:26.337144,48.07682914104359,69.99530336356975
2024-12-30 17:43:26.337149,3.6023892018833825,80.08259271962008
2024-12-30 17:43:26.337155,51.78686358563461,60.9222922923797
2024-12-30 17:43:26.337160,21.39521728955003,75.86412281751466
2024-12-30 17:43:26.337166,63.129478637894145,27.04838143856989
2024-12-30 17:43:26.337171,34.84955186804135,47.077883389609774
2024-12-30 17:43:26.337179,37.6326474287225,64.51483314943104
2024-12-30 17:43:26.337185,35.598859174560204,41.12997043949683
2024-12-30 17:43:26.337191,19.25879729142882,13.822039649814888
2024-12-30 17:43:26.337196,13.697294681156958,86.02446850710835
2024-12-30 17:43:26.337201,72.71596227345302,86.85566333977324
2024-12-30 17:43:26.337207,51.446074505382434,87.6630119190825
2024-12-30 17:43:26.337213,43.18049002943488,52.716608089084815
2024-12-30 17:43:26.337218,89.56123784792075,46.91588007575703
2024-12-30 17:43:26.337223,55.10051216269981,67.12483818886757
2024-12-30 17:43:26.337229,96.4571145656074,61.670275208400284
2024-12-30 17:43:26.337235,71.03238482726363,48.345023093528816
2024-12-30 17:43:26.337240,75.5197395133208,69.24437753102754
2024-12-30 17:43:26.337248,8.857181037506766,32.0639587151901
2024-12-30 17:43:26.337254,27.38084663135122,28.3187716394254
2024-12-30 17:43:26.337262,98.35910265084277,35.67859548178127
2024-12-30 17:43:26.337267,3.7021192842874195,48.32346142005589
2024-12-30 17:43:26.337273,33.26658667630312,32.1516477202073
2024-12-30 17:43:26.337278,72.85935289999293,78.77853794049717
2024-12-30 17:43:26.337286,19.53126271954819,95.54080565426457
2024-12-30 17:43:26.337292,82.14998038595586,53.21557027033093
2024-12-30 17:43:26.337298,66.81664207042026,45.2453926376342
2024-12-30 17:43:26.337303,79.34006551255032,87.78340318500682
2024-12-30 17:43:26.337309,41.24480209087588,76.693089954403
2024-12-30 17:43:26.337314,60.35434068039679,10.412106556697086
2024-12-30 17:43:26.337320,94.16496472269844,61.9627051350864
2024-12-30 17:43:26.337326,52.71496119325519,78.5043180006389
2024-12-30 17:43:26.337331,69.83290449204647,9.304925563976907
2024-12-30 17:43:26.337337,94.46605599161761,87.94980490644691
2024-12-30 17:43:26.337342,47.63924433231625,11.987486769042842
2024-12-30 17:43:26.337348,72.29967919817044,20.704849838155482
2024-12-30 17:43:26.337353,87.61427262132187,56.70221678473557
2024-12-30 17:43:26.337359,64.51258536440008,36.3843869807194
2024-12-30 17:43:26.337364,33.37760210896483,52.9899999895447
2024-12-30 17:43:26.337370,49.13347299720737,86.85500558020378
2024-12-30 17:43:26.337375,16.859754090503998,48.74307231741025
2024-12-30 17:43:26.337382,6.399247870188707,12.767737455527772
2024-12-30 17:43:26.337388,25.884942456086947,46.29852213195019
2024-12-30 17:43:26.337394,56.33593886646522,69.8750637139684
2024-12-30 17:43:26.337399,37.09814812123986,13.45053197744197
2024-12-30 17:43:26.337405,4.632666114855677,87.35314261928616
2024-12-30 17:43:26.337410,27.45308311692386,68.29594732089241
2024-12-30 17:43:26.337416,74.73771612464293,78.26245871853253
2024-12-30 17:43:26.337421,59.410983246966374,59.35704807987373
2024-12-30 17:43:26.337427,83.30086518253165,95.1046316212259
2024-12-30 17:43:26.337432,80.07507258976945,69.77237353783282
2024-12-30 17:43:26.337438,39.26378670504816,19.625882530186168
2024-12-30 17:43:26.337443,75.72071868111792,34.77184911272639
2024-12-30 17:43:26.337448,65.67575993907417,83.65465753219621
2024-12-30 17:43:26.337454,50.35403915408553,81.33712563001299
2024-12-30 17:43:26.337460,24.449737428696928,1.6338296218089243
2024-12-30 17:43:26.337465,73.26663581194114,67.1831618464487
2024-12-30 17:43:26.337471,97.07463604049147,62.01015442976554
2024-12-30 17:43:26.337477,58.6178212214314,52.95601856332345
2024-12-30 17:43:26.337482,17.88606382984318,78.38990830079948
2024-12-30 17:43:26.337488,29.493784124491818,88.16305261661114
2024-12-30 17:43:26.337493,16.464233767589743,72.65298251271771
2024-12-30 17:43:26.337499,68.7650065386822,11.853570258416802
2024-12-30 17:43:26.337504,32.88184032138789,64.49080679975695
2024-12-30 17:43:26.337512,27.284114789451262,43.45560001961526
2024-12-30 17:43:26.337518,17.13089607340248,15.839543677437206
2024-12-30 17:43:26.337523,94.20855726122744,44.75244389775993
2024-12-30 17:43:26.337529,61.674731499024396,73.16864212864279
2024-12-30 17:43:26.337535,87.67440424262912,52.469278669262955
2024-12-30 17:43:26.337542,77.52071270974596,47.690599482151356
2024-12-30 17:43:26.337548,48.910229455134335,10.528593316950296
2024-12-30 17:43:26.337554,46.82672227563803,89.92518975517594
2024-12-30 17:43:26.337559,98.69004133232298,30.387544792078238
2024-12-30 17:43:26.337564,56.81919766910488,85.90176873775204
2024-12-30 17:43:26.337572,55.623920189292775,15.52581504512538
2024-12-30 17:43:26.337578,46.10545278620298,37.07752685584709
2024-12-30 17:43:26.337584,27.0848272361499,38.23765223369655
2024-12-30 17:43:26.337589,96.02122992720338,39.97035583325825
2024-12-30 17:43:26.337595,43.39088339320224,67.51866103689524
2024-12-30 17:43:26.337600,78.25393443343371,92.15714191799417
2024-12-30 17:43:26.337606,22.767680297221926,22.40629696832197
2024-12-30 17:43:26.337611,74.59226366695016,76.32079837599709
2024-12-30 17:43:26.337617,4.790769148255258,32.5207559879414
2024-12-30 17:43:26.337625,12.988346457001176,89.95879772003477
2024-12-30 17:43:26.337630,95.69270322201649,58.32185047565257
2024-12-30 17:43:26.337636,20.45429074354309,74.72009218947454
2024-12-30 17:43:26.337641,45.704103798871955,3.4926197081682986
2024-12-30 17:43:26.337649,24.77166305807038,50.88552944499726
2024-12-30 17:43:26.337654,64.63700673822129,7.1982560311369514
2024-12-30 17:43:26.337660,84.79942612051322,9.209880445056907
2024-12-30 17:43:26.337666,95.79436951732274,37.131574458468656
2024-12-30 17:43:26.337671,97.19556643649567,89.62146685113743
2024-12-30 17:43:26.337677,79.58155724303218,66.81058727485359
2024-12-30 17:43:26.337682,71.44300194190238,14.346149697895571
2024-12-30 17:43:26.337687,2.1311176953105804,6.212957215980664
2024-12-30 17:43:26.337693,27.075145037799363,19.509054706392114
2024-12-30 17:43:26.337698,67.95614092469046,12.974934167764784
2024-12-30 17:43:26.337704,60.75333117885295,16.796111494590615
2024-12-30 17:43:26.337709,77.68732220851163,96.75127126953899
2024-12-30 17:43:26.337715,4.484551874689879,47.389850586639405
2024-12-30 17:43:26.337720,97.9614639397436,27.668890914651357
2024-12-30 17:43:26.337726,76.21239506307643,45.4794039426436
2024-12-30 17:43:26.337731,35.03045515164317,1.000758278045133
2024-12-30 17:43:26.337737,72.46048077834054,56.62841560662113
2024-12-30 17:43:26.337742,19.043269454657107,9.082020500848131
2024-12-30 17:43:26.337748,77.39411817769236,80.72223898229325
2024-12-30 17:43:26.337753,34.81734926086941,35.98029978664557
2024-12-30 17:43:26.337759,59.36469390743221,0.06832466517885383
2024-12-30 17:43:26.337764,13.162409615874626,17.722219340743607
2024-12-30 17:43:26.337770,66.03541640861359,76.85915879746842
2024-12-30 17:43:26.337777,50.67575217042327,94.17891077706517
2024-12-30 17:43:26.337783,4.985691726952146,28.006010762028545
2024-12-30 17:43:26.337789,59.100343546509635,71.71804345166032
2024-12-30 17:43:26.337794,93.78105427643384,33.63414264370878
2024-12-30 17:43:26.337800,88.95970451777198,39.84835907171965
2024-12-30 17:43:26.337805,58.98905842604687,36.286187579487006
2024-12-30 17:43:26.337811,1.2942044092783433,18.338859045545885
2024-12-30 17:43:26.337816,5.403750767676385,99.08420891782754
2024-12-30 17:43:26.337822,77.66351481893388,81.23106886645954
2024-12-30 17:43:26.337827,62.228327209062684,22.96336970735672
2024-12-30 17:43:26.337833,19.614434164847484,51.315153884123596
2024-12-30 17:43:26.337838,25.806614195159515,48.8509085796182
2024-12-30 17:43:26.337844,99.14615576200538,49.49829159840603
2024-12-30 17:43:26.337849,36.05723739108478,55.120847921968696
2024-12-30 17:43:26.337857,62.605949320104045,84.13063794608429
2024-12-30 17:43:26.337863,34.57491719640885,3.729102033869114
2024-12-30 17:43:26.337868,67.85263459125973,62.747981547165
2024-12-30 17:43:26.337874,57.67697296019395,62.03547112100283
2024-12-30 17:43:26.337879,10.036445988597375,1.7973528632868052
2024-12-30 17:43:26.337885,50.62425317552649,55.52756429212597
2024-12-30 17:43:26.337904,46.800817013574914,70.95914897145924
2024-12-30 17:43:26.337910,70.61202368730682,66.90604620129886
2024-12-30 17:43:26.337918,93.26693789640832,97.61937597739694
2024-12-30 17:43:26.337926,3.8784276720698285,5.325600221615023
2024-12-30 17:43:26.337932,22.85592602182922,33.97935815589346
2024-12-30 17:43:26.337937,90.89095797260526,8.699290444848206
2024-12-30 17:43:26.337943,28.198966382488866,15.300022205635411
2024-12-30 17:43:26.337949,96.19305581851152,79.28866623179262
2024-12-30 17:43:26.337954,88.04545300042797,66.28367796517685
2024-12-30 17:43:26.337960,51.89626132409584,15.325163372679619
2024-12-30 17:43:26.337966,65.61441628653435,5.556233310166803
2024-12-30 17:43:26.337971,36.52793708040664,61.85652348031356
2024-12-30 17:43:26.337977,62.29163069926188,18.683485970599456
2024-12-30 17:43:26.337982,6.80996345113567,20.49239789570261
2024-12-30 17:43:26.337988,30.169772902191873,73.04331566830035
2024-12-30 17:43:26.337994,54.81740091941359,74.54776261837094
2024-12-30 17:43:26.338002,38.34420774341943,43.79386303418771
2024-12-30 17:43:26.338008,16.703350642567806,28.827520834466803
2024-12-30 17:43:26.338014,12.822500132556069,14.059663052047478
2024-12-30 17:43:26.338019,40.853826245019164,69.1166911619263
2024-12-30 17:43:26.338025,68.62735718885314,5.68521448947058
2024-12-30 17:43:26.338031,43.31429472286964,79.40028497017082
2024-12-30 17:43:26.338036,10.250852640462327,90.41111317190727
2024-12-30 17:43:26.338042,62.690191806168784,16.17133698361527
2024-12-30 17:43:26.338047,50.02510836565065,29.211743170593284
2024-12-30 17:43:26.338053,26.407852852325508,40.937123474353676
2024-12-30 17:43:26.338061,60.971821045450135,64.69965069948599
2024-12-30 17:43:26.338067,6.64966876525731,85.2641954330786
2024-12-30 17:43:26.338073,76.95454354139066,21.041463982357
2024-12-30 17:43:26.338079,10.691820214895298,35.983544429371314
2024-12-30 17:43:26.338084,80.39452421189746,27.66470665079046
2024-12-30 17:43:26.338090,35.75985371744126,43.266943702481896
2024-12-30 17:43:26.338096,27.126199563195673,15.475388045470917
2024-12-30 17:43:26.338101,96.71527345407,11.295119270054855
2024-12-30 17:43:26.338107,14.154431717096195,80.0349619671642
2024-12-30 17:43:26.338113,35.88993524905773,76.16041220513009
2024-12-30 17:43:26.338118,41.883796788706896,2.958627808909542
2024-12-30 17:43:26.338124,74.35860497773434,54.83909818215926
2024-12-30 17:43:26.338130,87.32499489182351,34.08242598313818
2024-12-30 17:43:26.338135,84.02857839028366,77.659865170595
2024-12-30 17:43:26.338141,24.69026407980448,52.50218619296286
2024-12-30 17:43:26.338147,80.94869554030457,68.8042724648237
2024-12-30 17:43:26.338152,29.224508133812787,9.307836598509954
2024-12-30 17:43:26.338158,67.70209585185434,24.139539196091587
2024-12-30 17:43:26.338166,30.4423662584421,59.466329949868936
2024-12-30 17:43:26.338172,28.319664158228985,11.545649548484892
2024-12-30 17:43:26.338177,87.94399040717592,91.59028756446853
2024-12-30 17:43:26.338183,31.157175806754346,90.43802347772204
2024-12-30 17:43:26.338189,41.67704570916386,57.158150793788884
2024-12-30 17:43:26.338196,40.06367800882833,57.639222160545
2024-12-30 17:43:26.338203,98.97527792489824,93.72282244540644
2024-12-30 17:43:26.338208,41.94618282508505,71.926593930421
2024-12-30 17:43:26.338214,29.123819856007493,73.51408653145299
2024-12-30 17:43:26.338219,54.825787018058,23.662253045228386
2024-12-30 17:43:26.338225,33.33707961522333,98.49285304272469
2024-12-30 17:43:26.338231,95.86802971824356,46.79844579475729
2024-12-30 17:43:26.338236,51.36542076607164,77.9281097187285
2024-12-30 17:43:26.338242,54.617625051921024,53.79829278947452
2024-12-30 17:43:26.338247,55.694639576782976,15.098628667180359
2024-12-30 17:43:26.338253,45.805593430642645,71.62095151820407
2024-12-30 17:43:26.338259,41.93182504355326,96.02338623826225
2024-12-30 17:43:26.338264,30.99794890627846,38.611611816665125
2024-12-30 17:43:26.338270,17.877589820571536,20.27721098178207
2024-12-30 17:43:26.338276,76.97985084039807,31.729082785497177
2024-12-30 17:43:26.338281,64.1171363015346,45.646951698929485
2024-12-30 17:43:26.338290,50.39640217837501,87.9677909163038
2024-12-30 17:43:26.338296,29.47615408532944,9.763106414399104
2024-12-30 17:43:26.338301,3.347473507245302,99.93456858803863
2024-12-30 17:43:26.338307,31.232238937588242,41.31957588238807
2024-12-30 17:43:26.338313,74.7126354722357,2.9350088088129
2024-12-30 17:43:26.338318,58.94908169485175,60.82293463156232
2024-12-30 17:43:26.338324,72.59524121510124,19.55238368803923
2024-12-30 17:43:26.338332,61.614632946862876,27.957294211844186
2024-12-30 17:43:26.338338,89.56142552272051,59.43411610436002
2024-12-30 17:43:26.338344,5.030435639096131,3.19802036901794
2024-12-30 17:43:26.338350,57.830312766130085,56.74937827410391
2024-12-30 17:43:26.338355,52.7385609664637,33.25409900960634
2024-12-30 17:43:26.338361,97.09540190167573,39.12398415169177
2024-12-30 17:43:26.338367,93.97949403366704,80.26375571537862
2024-12-30 17:43:26.338375,0.5364611672959207,65.99409486792851
2024-12-30 17:43:26.338381,27.025399834892603,91.07247005798781
2024-12-30 17:43:26.338386,85.9983004758459,67.08261163446245
2024-12-30 17:43:26.338392,60.91654265916237,26.210241819959645
2024-12-30 17:43:26.338398,62.806162047057,36.22704110924101
2024-12-30 17:43:26.338404,53.07648904661154,51.97068243400048
2024-12-30 17:43:26.338409,11.833721885927773,9.764541968660811
2024-12-30 17:43:26.338415,84.23093252792889,0.7593368751324769
2024-12-30 17:43:26.338421,36.87978788341055,42.76381402536067
2024-12-30 17:43:26.338426,60.68851273981175,56.01288955212994
2024-12-30 17:43:26.338432,9.006745101381696,48.859372225510135
2024-12-30 17:43:26.338438,48.96429988292675,39.74930807745509
2024-12-30 17:43:26.338443,18.975812506075684,31.673064470098254
2024-12-30 17:43:26.338449,90.68761464435671,27.818685771308616
2024-12-30 17:43:26.338454,56.29456962110018,34.78588796112305
2024-12-30 17:43:26.338462,32.605308146251964,94.04978409051633
2024-12-30 17:43:26.338470,80.98095272571169,68.91877673214665
2024-12-30 17:43:26.338477,49.01549747998103,43.82898420194019
2024-12-30 17:43:26.338482,53.72259844892405,79.29850272507191
2024-12-30 17:43:26.338488,90.04098509963782,90.82736586157849
2024-12-30 17:43:26.338494,40.28437616930408,68.58725498524414
2024-12-30 17:43:26.338499,47.13255577705331,26.841964656007246
2024-12-30 17:43:26.338505,63.32545185680111,7.061549451858307
2024-12-30 17:43:26.338510,32.84488458469319,43.63715624509784
2024-12-30 17:43:26.338516,50.52081050655909,10.766314569879821
2024-12-30 17:43:26.338521,24.222320321145286,0.9470939509038434
2024-12-30 17:43:26.338527,95.2769612833448,36.42450245673141
2024-12-30 17:43:26.338533,97.74400217804117,95.02222852633044
2024-12-30 17:43:26.338538,10.784363697458998,42.72845341417906
2024-12-30 17:43:26.338544,5.5377947925673965,58.172344141683595
2024-12-30 17:43:26.338549,18.616477380446906,4.4459117295791
2024-12-30 17:43:26.338555,63.31179611279235,62.36776202929111
2024-12-30 17:43:26.338561,57.516840788789544,32.15157375990194
2024-12-30 17:43:26.338566,73.49452354773739,29.753638642236613
2024-12-30 17:43:26.338572,45.579764444840464,0.13898523614964686
2024-12-30 17:43:26.338577,62.22114174097084,71.30476257950458
2024-12-30 17:43:26.338583,75.45346974222976,94.90018025071858
2024-12-30 17:43:26.338589,37.26256887170406,93.9729746066021
2024-12-30 17:43:26.338594,28.854848442133406,93.94656791591916
2024-12-30 17:43:26.338602,48.86338119879466,92.78472896842838
2024-12-30 17:43:26.338609,85.4565679777865,91.72049857463068
2024-12-30 17:43:26.338614,37.67075623844411,36.57073832374797
2024-12-30 17:43:26.338620,59.695465914403854,24.740930644115878
2024-12-30 17:43:26.338626,56.5439436506401,37.944704627360835
2024-12-30 17:43:26.338631,32.6403870626755,45.48340015799932
2024-12-30 17:43:26.338637,47.572965038028144,16.244055494289277
2024-12-30 17:43:26.338643,72.02850682015203,69.6911953535339
2024-12-30 17:43:26.338648,98.9999208364883,32.02232446480454
2024-12-30 17:43:26.338654,10.121359714623445,67.83613914218132
2024-12-30 17:43:26.338662,4.201422901728147,26.862540441418993
2024-12-30 17:43:26.338668,71.8524016518168,96.88872794470377
2024-12-30 17:43:26.338673,64.97857629935714,41.63822821304518
2024-12-30 17:43:26.338679,84.16960568313738,31.30294917219498
2024-12-30 17:43:26.338685,76.91868707184946,2.771357639661698
2024-12-30 17:43:26.338690,96.81086644310346,16.10531292658409
2024-12-30 17:43:26.338696,64.36173594864259,86.19954284854443
2024-12-30 17:43:26.338702,35.12344410564337,82.8997207046437
2024-12-30 17:43:26.338708,71.34900111897025,50.204882875103586
2024-12-30 17:43:26.338713,89.83451376260327,33.63249153256245
2024-12-30 17:43:26.338719,20.638114519679217,67.9647909270484
2024-12-30 17:43:26.338725,29.13999641334114,90.27762147716989
2024-12-30 17:43:26.338730,55.427399976978585,93.3106299211374
2024-12-30 17:43:26.338738,45.46347607323863,38.18976390330271
2024-12-30 17:43:26.338747,93.24427614625338,78.49136895058028
2024-12-30 17:43:26.338753,98.1039615053355,65.22170801011283
2024-12-30 17:43:26.338760,75.15710635189504,53.69645899728111
2024-12-30 17:43:26.338766,74.04802722002344,73.75719295634157
2024-12-30 17:43:26.338772,0.41114621917910377,76.03659284006845
2024-12-30 17:43:26.338778,43.27410933754926,27.234072937637677
2024-12-30 17:43:26.338783,77.76682600523414,68.35412997735726
2024-12-30 17:43:26.338789,33.143133880236796,24.576206075924468
2024-12-30 17:43:26.338794,85.33805749787217,58.08803928761637
2024-12-30 17:43:26.338800,0.8199402512458098,74.32972097870562
2024-12-30 17:43:26.338806,43.708808643145105,51.82882576222458
2024-12-30 17:43:26.338811,40.34781358617096,74.33109109942755
2024-12-30 17:43:26.338817,88.50156157500433,75.6960107533363
2024-12-30 17:43:26.338823,33.07063542751051,77.96677586866552
2024-12-30 17:43:26.338828,73.06441631899688,84.04383586640981
2024-12-30 17:43:26.338834,45.49291203122371,24.443092447384952
2024-12-30 17:43:26.338839,21.92823916186176,76.41552565486234
2024-12-30 17:43:26.338845,88.77279507210075,85.3216228250267
2024-12-30 17:43:26.338851,83.65834994153546,85.76033069416088
2024-12-30 17:43:26.338856,20.758777639290948,86.4101461271615
2024-12-30 17:43:26.338862,41.490473066932566,44.76319715130829
2024-12-30 17:43:26.338868,17.477933297339952,51.245570857571984
2024-12-30 17:43:26.338876,27.698305027886473,39.15248569253852
2024-12-30 17:43:26.338882,39.87399890080094,1.265956141998259
2024-12-30 17:43:26.338888,45.25257146170818,52.93195947897414
2024-12-30 17:43:26.338894,58.16777629840749,66.35071956090482
2024-12-30 17:43:26.338899,76.96339425649053,92.03997923878197
2024-12-30 17:43:26.338905,50.42162725670276,54.32633345700367
2024-12-30 17:43:26.338910,44.15577726137975,54.01615700049487
2024-12-30 17:43:26.338916,22.832273980663164,14.509656733392317
2024-12-30 17:43:26.338922,47.945065516883034,88.74283664714092
2024-12-30 17:43:26.338927,17.28643179734144,21.388436448935245
2024-12-30 17:43:26.338933,37.93633404953635,70.92476786150249
2024-12-30 17:43:26.338938,8.368637534356138,63.74226289261997
2024-12-30 17:43:26.338958,96.32674650539883,16.078101500287232
2024-12-30 17:43:26.338964,16.08483159792897,28.132660450314862
2024-12-30 17:43:26.338970,42.90583671489864,62.05216464215935
2024-12-30 17:43:26.338976,78.16233528300828,27.89788734979983
2024-12-30 17:43:26.338981,42.20128657451168,46.81831477188467
2024-12-30 17:43:26.338987,90.30332078958216,36.772475775442935
2024-12-30 17:43:26.338993,12.144820967823822,11.143709490293984
2024-12-30 17:43:26.338999,83.66577327421442,92.70717371815098
2024-12-30 17:43:26.339004,88.68750778527712,40.510716605243914
2024-12-30 17:43:26.339010,55.505978217728355,26.74763767330689
2024-12-30 17:43:26.339016,3.96589927311225,23.661523937996833
2024-12-30 17:43:26.339024,50.98192434233051,15.055953737794848
2024-12-30 17:43:26.339030,51.48198013088693,22.976492772586777
2024-12-30 17:43:26.339036,79.12361938104303,23.55652153529696
2024-12-30 17:43:26.339042,32.157748414347154,36.10380826013678
2024-12-30 17:43:26.339050,13.593291328464153,96.36138121479367
2024-12-30 17:43:26.339056,48.65790167582863,39.293485905810414
2024-12-30 17:43:26.339062,64.59618501978707,65.37442279107529
2024-12-30 17:43:26.339080,87.6343283718119,82.5381743192749
2024-12-30 17:43:26.339087,54.25718986790535,50.58667991649867
2024-12-30 17:43:26.339093,48.38006273613793,90.27504384404723
2024-12-30 17:43:26.339099,23.567250678075848,88.55529183038342
2024-12-30 17:43:26.339104,47.623333783362774,83.68160750883746
2024-12-30 17:43:26.339110,0.1718524732658544,8.311093338271336
2024-12-30 17:43:26.339116,40.38084176326782,83.96631746623265
2024-12-30 17:43:26.339122,83.22356175388788,55.58610406870017
2024-12-30 17:43:26.339128,91.94991491807652,57.380462946927956
2024-12-30 17:43:26.339134,87.32648003097346,38.69566215831895
2024-12-30 17:43:26.339139,95.61515579977473,32.37825485936854
2024-12-30 17:43:26.339148,47.08862692900288,69.55233385228705
2024-12-30 17:43:26.339154,3.0475090540574734,8.728406411441247
2024-12-30 17:43:26.339160,69.61505855230871,25.016971343084037
2024-12-30 17:43:26.339165,91.71404049205456,59.25596676853652
2024-12-30 17:43:26.339171,13.031475801765179,15.744492485096496
2024-12-30 17:43:26.339179,25.175344806338284,88.80464889206169
2024-12-30 17:43:26.339185,63.60348497021663,65.88964161849219
2024-12-30 17:43:26.339191,48.88274609965254,9.004726312384271
2024-12-30 17:43:26.339197,27.347230612348895,88.1916563708625
2024-12-30 17:43:26.339203,55.42390948333442,35.190981741636115
2024-12-30 17:43:26.339209,5.0132127779336955,67.75238710238173
2024-12-30 17:43:26.339215,55.934474749119815,34.742326230999154
2024-12-30 17:43:26.339221,30.02031269427391,90.52856791079967
2024-12-30 17:43:26.339227,67.31194428583755,15.086261874060325
2024-12-30 17:43:26.339232,37.40058535113378,19.500321930172014
2024-12-30 17:43:26.339238,48.66334923332231,50.03054704649311
2024-12-30 17:43:26.339244,83.38422301625653,2.936540592320702
2024-12-30 17:43:26.339250,5.480152261078075,19.23312321407076
2024-12-30 17:43:26.339255,74.7520881984346,70.4008886239021
2024-12-30 17:43:26.339261,62.39628347091328,29.022364471055027
2024-12-30 17:43:26.339267,43.623839624596386,77.86007126005055
2024-12-30 17:43:26.339273,36.125011251130815,0.734166389611135
2024-12-30 17:43:26.339279,65.4190844854414,2.237523178641665
2024-12-30 17:43:26.339285,42.33609601192181,27.969864494943618
2024-12-30 17:43:26.339290,7.215315906854903,36.685973743801405
2024-12-30 17:43:26.339296,32.44751878330757,51.95688641803974
2024-12-30 17:43:26.339302,7.955942688881912,40.99877857575668
2024-12-30 17:43:26.339308,86.18006128450342,71.54153738843154
2024-12-30 17:43:26.339315,74.89154245321413,99.10026186847257
2024-12-30 17:43:26.339322,79.43818560940883,46.57729895932903
2024-12-30 17:43:26.339328,83.50932788301618,68.80985544015668
2024-12-30 17:43:26.339334,88.35158740689505,40.211451302029744
2024-12-30 17:43:26.339340,60.80170475980148,16.52853095678917
2024-12-30 17:43:26.339346,69.13113858072853,17.26923886115923
2024-12-30 17:43:26.339352,54.832822161650064,70.55852496098673
2024-12-30 17:43:26.339358,76.10742171113436,3.5413384286649863
2024-12-30 17:43:26.339364,10.556467541363235,85.06408706896745
2024-12-30 17:43:26.339369,1.1661916230972347,45.33630146759244
2024-12-30 17:43:26.339375,23.33778119004659,60.05002891618085
2024-12-30 17:43:26.339383,21.00536203128516,36.24845845586623
2024-12-30 17:43:26.339389,86.18260119269856,72.20191978121449
2024-12-30 17:43:26.339395,26.57531436412759,56.14589269213841
2024-12-30 17:43:26.339401,75.97237908109659,72.22739514529368
2024-12-30 17:43:26.339407,29.228432929957947,36.73019708583814
2024-12-30 17:43:26.339413,14.648641003140572,87.32834389590853
2024-12-30 17:43:26.339419,32.631593157971764,22.56336307179856
2024-12-30 17:43:26.339424,89.80927181848419,2.0566710105801578
2024-12-30 17:43:26.339430,54.43264560876994,53.47079260955891
2024-12-30 17:43:26.339436,96.01412642646959,29.963571732728855
2024-12-30 17:43:26.339444,85.89040130279537,11.655697609508675
